"Data Source","World Development Indicators",

"Last Updated Date","2026-07-13",

"Country Name","Country Code","Indicator Name","Indicator Code","1960","1961","1962","1963","1964","1965","1966","1967","1968","1969","1970","1971","1972","1973","1974","1975","1976","1977","1978","1979","1980","1981","1982","1983","1984","1985","1986","1987","1988","1989","1990","1991","1992","1993","1994","1995","1996","1997","1998","1999","2000","2001","2002","2003","2004","2005","2006","2007","2008","2009","2010","2011","2012","2013","2014","2015","2016","2017","2018","2019","2020","2021","2022","2023","2024","2025",
"Turkiye","TUR","Internally displaced persons, new displacement associated with disasters (number of cases)","VC.IDP.NWDS","","","","","","","","","","","","","","","","","","","","","","","","","","","","","","","","","","","","","","","","","","","","","","","","","300","20000","200","252000","","","480","1500","200","","640","540","41000","84000","6900","4053000","","",
"Turkiye","TUR","Transport services (% of commercial service exports)","TX.VAL.TRAN.ZS.WT","","","","","","","","","","","","","","","22.9061784897025","32.1560574948665","48.7225548902196","52.8384279475983","33.8082901554404","22.5724637681159","44.6308724832215","35.1136363636364","36.1457787100157","27.9394887845592","30.9306569343066","23.6331569664903","18.6724773717734","18.8371481189161","15.0729335494327","15.3711651565729","11.6721644252728","13.4509371554576","12.2651695098251","11.7988210686442","11.3867387857876","11.8272884283247","13.6632430750078","11.4499034093876","13.5105876239553","17.9833808756046","15.4155146330012","19.0228620942478","19.9957075404207","12.1834207296664","14.3094914808813","18.4568395025816","19.4783013741169","22.1024896125393","22.776383280585","23.5603575065053","26.1830617805705","27.0650306748466","25.8347296579345","33.428027394736","33.3854791075762","32.227387304809","39.1005448241704","37.8973691422307","37.6275273604155","33.013024030253","41.366453238705","38.3934997840725","37.9129703685339","36.5049875668105","35.0896265986406","",
"Turkiye","TUR","Computer, communications and other services (% of commercial service exports)","TX.VAL.OTHR.ZS.WT","","","","","","","","","","","","","","","31.350114416476","25.0513347022587","12.5748502994012","0.436681222707421","4.66321243523316","26.0869565217391","0.167785234899327","29.1958041958042","40.534871525957","47.2091810119979","44.0693430656934","37.7777777777778","49.4803888702648","42.3309655353854","42.5175580767153","43.9834684469878","47.4118244100482","54.0365061864511","46.7933491686461","48.9066362426317","47.0857036277161","52.4006908462867","39.9081854964208","50.1331384117371","53.1936084527779","47.5877464963413","42.6626323751891","24.6817303206026","17.5633137787952","10.8334263081558","11.786605930533","9.33386662788162","9.65763527676424","8.75586933756713","9.1181927316381","8.19945695214389","7.65445142634711","8.1079754601227","7.01091176590789","10.3022020208225","10.4213573496301","10.870134546764","11.1124318969787","10.8060427514388","9.9765040499598","9.81529300540434","18.3033762760678","14.37756913677","10.9924223642655","12.5332266270329","14.2375318872092","",
"Turkiye","TUR","Merchandise exports by the reporting economy, residual (% of total merchandise exports)","TX.VAL.MRCH.RS.ZS","0","0","0","0","0","0","0","0","0.0239291696578129","0.0021914446002805","0.00197262003392906","0.00511892980240931","0.00646930959527999","0.00933389902418328","0.196403271388841","0.00788593779571327","0.00972651333104474","0.015343208392735","0.0163100692436576","0.0215552635900805","0.0168368625485528","0.0154901475725552","0.0223343414298372","0.0150805172435722","0.0156782700655973","0.0605270756018934","0.043814933660936","0.0168262389617945","0.0132297472273828","0.0266676891188389","0.00727113172658037","0.0549553076218827","0","0.0360729333349095","0.0828160094429501","0.0748467061006056","0.0497277497457214","0.0266265576706869","0.0219292204785371","0.0499855758160844","0.0546276026229843","0.0543918493930302","0.0463808810172581","0.048191545898897","0.0213042355638954","0.0557567636808928","0.0516509187943776","0.0409629463875295","0.0218930290050045","0.0368593508594214","0.0399113617495173","0.0642298882056474","0.104847173353267","0.04808784848743","0.0318773026991479","0.0159768562860354","0.0129176641019778","0.0235218630765876","0.0762662530876324","0.0737168127519572","0.13993386801518","0.133825132985989","0.146234666668042","0.145812990339254","","",
"Turkiye","TUR","Merchandise exports to low- and middle-income economies in Latin America & the Caribbean (% of total merchandise exports)","TX.VAL.MRCH.R3.ZS","0.322812051649928","0.256821829855538","","0.0300571085061617","","","0.0717017208413002","0.0662105495475612","0.0957166786312515","0.107380785413745","0.0828500414250207","0.107497525850596","0.0763378532243039","0.207042851081884","0.960277063546204","0.0331209387420352","0.0698020368463211","0.0530619290248752","0.15865249173376","0.195023813434061","0.202825460468613","0.338471284271952","0.270208917626555","0.184781759478468","0.131046672435087","0.115226599067062","0.268136050331873","0.283864883223824","0.409183884103661","0.314442194159471","0.231121697433165","0.45077486110306","","0.530932899082364","0.645358551420102","2.56340055548756","0.466651312770465","0.637832925818258","0.744439326771392","0.790872458270118","0.741184194910389","0.946512707504989","0.643054171560948","0.393198333346828","0.629918067194222","0.610744431327708","0.61818334811894","0.708782096712046","0.811713094764185","0.825623025051835","1.2215123964136","1.43859127319936","1.48392207269939","1.46068321225426","1.35328784487573","1.11721153637786","1.01594625796167","1.13308027154525","1.38020077781884","1.39310642426614","1.46327502748782","1.91184831324616","1.70127359668375","1.43601148652647","","",
"Turkiye","TUR","Merchandise exports to high-income economies (% of total merchandise exports)","TX.VAL.MRCH.HI.ZS","89.0243902439024","87.3836276083467","92.6415636677206","92.4857228734596","91.646456480733","91.8193548387097","93.5229445506692","93.7320679761642","90.9787030390045","91.1049263674614","88.5785300035507","87.330648739037","86.0560500983335","82.0441238862961","81.1197984992391","80.8016844363132","86.7519166952741","84.9048401429476","82.4790316761315","79.6867301691575","77.3074332790377","59.4551167194179","56.92291356976","59.8947270880611","63.0420281173504","63.6812381958958","68.7347126293355","73.7674779960572","71.4472968154779","77.4945686997251","81.5361477627689","81.7432052260346","83.8711908045977","78.2958405564047","80.027388243919","80.3366808384172","80.1185363298962","82.0466901827778","81.9911085859592","83.5240177092475","85.1916398553215","84.3227705136752","85.0972617621471","82.8600295662127","82.2255567573172","80.2944832971086","80.2330390965645","78.9842058500405","75.316860326846","68.1042934430732","67.9617223586306","67.8968234100895","62.7331573555628","62.3657920887747","64.3634337790546","67.460802171877","68.5945188117451","70.0004510101285","69.9781238251634","68.6132626947377","68.6234287250526","67.9932339679046","67.3412492940776","68.601014675415","","",
"Turkiye","TUR","Manufactures exports (% of merchandise exports)","TX.VAL.MANF.ZS.UN","","","1.15636903104422","1.6737185304101","2.34984342597483","2.3778006916259","2.05849259318126","1.98538718421311","3.50823955020199","6.12706111920832","8.93550133187902","12.0391895033513","13.9720601542002","16.8203963619344","21.9146431920882","23.2907063262616","23.7600847408321","24.5963005697818","21.8943169491334","27.4354333325522","26.8776936106912","37.1702039527289","43.0524768200913","46.6103210107959","53.9554649774301","61.0067819067316","58.1589578006983","66.0483636997322","","65.5947004257891","67.7736188358145","65.772148753976","71.3537618127404","71.8259028364069","72.5480198031351","74.3269707369353","74.3478599685734","75.3753094715893","77.4388430986163","79.2382438545234","81.2551811463786","81.672970023792","83.8383011461709","83.5956450942778","84.4377380635951","81.4174545774925","80.7563563533527","80.9490462155331","78.776430426216","76.6106271112765","77.7504859341385","77.3397948517193","70.8399467458051","74.828718790694","76.2878179499587","74.638811099608","75.4616853438613","76.5165043612812","78.8686822115849","78.1648404020215","78.0111948724386","77.2848391170481","74.1608814763125","73.2607442129934","73.6372238350301","",
"Turkiye","TUR","Food exports (% of merchandise exports)","TX.VAL.FOOD.ZS.UN","","","66.9924784174809","60.5404089864355","60.67811797418","59.7989061418441","56.2965844309731","60.9162284279493","55.3587007742516","60.0790878187489","49.2788679816718","48.086396969971","53.5764719704334","48.5136096425172","46.4721843027471","45.4499796670071","42.1514400920775","51.3035486672599","53.0854632808582","52.7281055688498","51.0715712000922","45.9950214656367","39.2728646633271","38.2625055316576","30.7647268950951","25.2084468886271","29.8674926568971","25.3044898256463","","22.9576523779492","22.4231479882205","25.9706483265348","22.7473941157657","22.5637437823976","21.9427768894991","19.5689886046617","19.7259989214001","19.560290685211","17.3646861192961","15.3635437693749","12.808988998744","12.756821482832","10.1217812652105","10.0208709308727","9.33382936727973","10.4981703895863","9.2729161102983","8.39658690294576","8.10846532961713","10.3598650390202","10.4216794950484","10.5313257591822","9.85547274379951","11.1728933467433","11.7620204568634","12.0253585945547","11.8921774981375","11.1797916712837","10.7207423966584","10.7248562054826","12.0044102944842","10.9147668605061","11.5832199578037","11.9585305603823","12.2786228424908","",
"Turkiye","TUR","Medium and high-tech exports (% manufactured exports)","TX.MNF.TECH.ZS.UN","","","","","","","","","","","","","","","","","","","","","","","","","","","","","","","20.2981530280676","19.6543139058965","20.7223154557548","20.6733383152009","21.437972173797","23.2898411305179","24.2436281023011","24.4956533365828","26.3852807576539","29.7967031074261","31.7681565680823","34.2395474815888","35.3404606098348","37.9284587654566","41.0765554236392","40.7558808859805","42.7282525389525","43.4431051035451","42.2332771594623","42.2891511329505","42.5008974075838","41.1941534066952","40.2954358234637","40.9207461005525","41.6141075141809","42.8488290650559","44.3465481579063","45.5400403464414","45.0806248131947","44.398914022924","44.3802852711464","41.6329288353839","40.2706803701355","","","",
"Turkiye","TUR","Commercial service imports (current US$)","TM.VAL.SERV.CD.WT","","","","","","","","","","","","","","","311000000","372000000","436000000","623000000","242000000","293000000","466000000","387000000","950000000","1073000000","1169000000","1224000000","1288000000","1555000000","1701000000","2208000000","2794000000","2931000000","3277000000","3591000000","3418000000","4654000000","6034000000","8085000000","9439000000","8449000000","7624000000","5633000000","5513000000","6824000000","9378000000","10756000000","11016000000","14932000000","17095000000","15974000000","18507000000","19571000000","19425000000","25153000000","26775000000","24853000000","24694000000","26375000000","27972000000","27696000000","23003000000","28999000000","39707000000","48576000000","54567000000","",
"Turkiye","TUR","Merchandise imports by the reporting economy (current US$)","TM.VAL.MRCH.WL.CD","426800000","469800000","576400000","626900000","481100000","528800000","658400000","618900000","694200000","680040000","804220000","953290000","1321290000","1801740000","3521090000","4469390000","4860030000","5433400000","4313010000","4721550000","7035760000","8424040000","8452130000","8657050000.00001","9905420000","10633100000","10161550000","13006135000","12999210000","14248680000","20432429000","19086620000","21517326000","25042000000","22397378000","34797077000","40864449980","47583162000","45180500000","39134427180","52743995600","40334600800","49923226849","68020361500","96341389919","115518556551","138333030885","168559328518","200532690181","139787828661","183714853628","230931230220","222817573339","247357318491","237411145426","203777151693","195381225646","230406156417","220064485475","195132121250","205741183290","246906489215","329095541999","337272808047","","",
"Turkiye","TUR","Merchandise imports from low- and middle-income economies in Middle East & North Africa (% of total merchandise imports)","TM.VAL.MRCH.R4.ZS","0.14058106841612","0.808854831843338","4.63219986120749","6.02966980379646","5.8407815422989","4.16036308623298","3.52369380315917","5.26740992082727","6.41025641025641","6.36433150991118","5.96354231429211","7.44369499312906","6.00246728575862","7.03819641013687","12.5321988361558","16.2147407140572","21.7249687759129","22.0659255714654","25.1691973818748","21.216549650009","38.8786712451818","36.0950327871188","37.4549373944793","36.871105053107","34.9568216188713","31.0475778465358","14.4109904492917","20.2608230654226","18.4418130024825","16.9385865918808","12.7336647052585","3.57548900748273","4.73759146466434","4.47647951441578","6.16322142707954","6.12798310616722","6.92183577017277","6.37424011460188","5.02849680725092","6.06823495608401","6.95523181031056","8.57238882106402","7.2630664659703","7.34274540866708","6.41414380174031","7.42898986554703","8.10001674026431","6.75092737141797","7.79554634054431","5.97966054918204","7.75163104712048","7.17839828645416","7.07444490027617","5.95977834006815","6.06970828565906","4.90712861767","4.73877844372584","5.98615979211845","6.24765841172583","5.40244446350987","7.09047728399502","4.1646755950776","3.46491707020287","3.43600571036402","","",
"Turkiye","TUR","Merchandise imports from low- and middle-income economies outside region (% of total merchandise imports)","TM.VAL.MRCH.OR.ZS","2.27272727272727","2.72456364410387","5.91603053435114","7.09842080076567","6.29806692995219","4.72768532526475","4.81470230862697","6.33381806430764","7.63468740996831","7.75395564966767","7.75782746014772","8.18219009954998","7.57517274784491","9.26049263489738","13.877520881318","17.9380183872967","23.623516727263","24.1377406412191","27.6929568908952","22.8736325994642","40.4813410349415","37.7583677190517","39.1781716561388","39.1693475260048","38.2222056207612","35.9562122052835","20.9670768731148","26.9264235685698","24.9285918144256","25.2427803838671","20.705585224351","9.83473239368731","9.311881968977","6.10174906157655","12.505102159726","13.5983117202632","13.189821565292","12.4339193767745","11.2639302353892","12.513335911309","13.915882720876","16.3225070272668","15.3152118714721","17.0445440605311","17.4177055781615","19.9879912902185","22.1980859636682","22.3495033767752","22.7511003387131","23.0506910198468","25.2545086533649","26.3544610653224","25.6130148748061","25.1894579821244","26.795339086483","27.1158258857429","28.1520183309005","27.7280771379971","27.5220034501571","26.2130036794237","28.3795291789974","28.4996599002814","27.3224324072653","26.1358480600417","","",
"Turkiye","TUR","Ores and metals imports (% of merchandise imports)","TM.VAL.MMTL.ZS.UN","","","1.7545554688564","1.46776318313342","2.21891577489954","2.79707947956698","2.4163517683141","3.23454252703802","3.3808270374782","3.52252548464177","3.4073910946098","4.57875817101093","4.05846620145775","4.91733868109269","5.09018897660095","4.00641877580886","3.65063011718184","3.64396109209145","2.85171019846473","3.31935312545158","3.34003108402928","4.61514618659536","3.82029229324851","4.95593520636463","4.33922852797545","4.31257852662748","5.19665582827907","5.86114160126291","","8.03732466720272","5.45103049809441","5.55609361489664","4.71982295791455","4.7260790743189","5.96668956270651","5.84978345190141","4.81094237920479","4.84687663026246","4.53522500183573","4.32259693180117","3.95293761273456","3.67193092806085","4.77956592377131","5.29703952965451","5.91511011713196","5.86252531816921","6.98017751773977","7.6734362051614","8.28388213657309","6.69110073324513","8.00719725992527","8.21093867553971","7.97452212356237","6.5895215986419","6.77741269321971","6.00875142201521","5.68928871449149","6.65680248335915","7.76374939332203","7.19769315692246","7.23867603950199","10.2661543605576","7.9960387769955","6.59233738866464","7.01118093683771","",
"Turkiye","TUR","Fuel imports (% of merchandise imports)","TM.VAL.FUEL.ZS.UN","","","12.3880013939524","9.62656472016565","12.4872045559137","9.98197589337107","9.55538561518144","7.84437599902785","8.41603120768536","8.10323822492859","7.51457054921057","11.1981297980099","10.3256403717857","10.8477831034547","20.529821538282","17.4501989460307","22.5716848947016","25.8325865443461","32.1547027698396","35.5808381367782","48.447286020466","44.2147922817574","43.7848730447951","43.8225737310025","35.5827523131727","33.3775904954975","19.7322273389067","22.3630841175892","","20.4238087116136","20.7263132519056","17.8371890366449","16.4334589240396","13.469159157387","16.3802807808285","12.9351208286283","13.7296663474867","12.4791680489297","9.81557189281671","13.2113713407224","13.878139528665","14.8331923139859","13.984561129553","12.382134903256","11.4136079162342","13.4997647960247","14.5764353975105","6.0364472189697","7.48813595061352","8.23636772501784","8.08095987106727","8.18981843389925","8.72782586895003","8.44237457252967","8.55109113501099","7.12764638362474","6.02324480176486","7.10345010319205","8.95585881800513","7.20190468630014","4.96430454961941","6.41428113277134","8.7209870625572","8.31796413925205","8.64780686121678","",
"Turkiye","TUR","Tariff rate, most favored nation, weighted mean, primary products (%)","TM.TAX.TCOM.WM.FN.ZS","","","","","","","","","","","","","","","","","","","","","","","","","","","","","","","","","","8.17","","5.52","5.59","5.23","5.77","5.45","4.47","3.66","3.26","3.93","4.15","3.48","3.26","4.69","3.73","5.24","5.97","7.95","","9.07","","10.95","10.69","13.23","7.38","10.1","10.23","7.93","8.89","","","",
"Turkiye","TUR","Bound rate, simple mean, primary products (%)","TM.TAX.TCOM.BR.ZS","","","","","","","","","","","","","","","","","","","","","","","","","","","","","","","","","","","","53.39","54.51","54.51","54.51","54.51","54.51","54.51","55.6","55.6","55.67","55.62","55.61","56.52","56.51","56.51","56.51","56.51","","57.46","","57.58","57.58","57.61","57.61","57.61","57.61","57.61","","","","",
"Turkiye","TUR","Tariff rate, most favored nation, simple mean, all products (%)","TM.TAX.MRCH.SM.FN.ZS","","","","","","","","","","","","","","","","","","","","","","","","","","","","","","","","","","9.34","","9.44","10.5","9.85","10.15","11.34","10.39","10.14","10.18","9.92","9.66","9.57","9.61","10","9.69","9.5","9.9","9.61","","10.79","","11.43","10.82","10.87","10.64","11.24","10.69","10.78","16.97","","","",
"Turkiye","TUR","Tariff rate, most favored nation, weighted mean, manufactured products (%)","TM.TAX.MANF.WM.FN.ZS","","","","","","","","","","","","","","","","","","","","","","","","","","","","","","","","","","7.81","","7.3","5.79","5.81","5.74","5.32","5.17","4.2","4.41","4.74","4.37","4.18","4.09","3.98","4.2","4.15","4.2","4.2","","4.32","","4.31","4.11","4.04","4.01","3.87","4.04","4.18","7.99","","","",
"Turkiye","TUR","Bound rate, simple mean, manufactured products (%)","TM.TAX.MANF.BR.ZS","","","","","","","","","","","","","","","","","","","","","","","","","","","","","","","","","","","","17.47","17.39","17.39","17.39","17.39","17.39","17.39","17.32","17.32","17.33","17.55","17.51","17.42","17.37","17.45","17.84","17.63","","17.25","","17.16","17.16","17.08","17.08","17.08","17.08","17.08","","","","",
"Turkiye","TUR","International tourism, expenditures (% of total imports)","ST.INT.XPND.MP.ZS","","","","","","","","","","","","","","","","","","","","","","","","","","","","","","","","","","","","","","","","","","","","","","2.88747518132825","2.39478146002002","2.38822393388875","2.12661594985544","3.33874287523749","2.95247714710615","2.12736467354932","1.84657889543571","1.82195203439811","1.9889638807741","2.45047944162988","2.60694514343231","2.29751327974428","2.43999533553957","2.34949249382348","0.711955553818019","","","","","",
"Turkiye","TUR","International tourism, expenditures for passenger transport items (current US$)","ST.INT.TRNX.CD","","","","","","","","","","","","","","","","","","","","","","","","","","","","","","","","","","","","","","","","","","","","","","459000000","528000000","605000000","685000000","486000000","623000000","489000000","491000000","200000000","259000000","267000000","915000000","1042000000","1473000000","1244000000","599000000","","","","","",
"Turkiye","TUR","International tourism, number of departures","ST.INT.DPRT","","","","","","","","","","","","","","","","","","","","","","","","","","","","","","","","","","","","3981000","4261000","4633000","4601000","4758000","5284000","4856000","5131000","5928000","7299000","8246000","8275000","4956000","4893000","5561000","6557000","6282000","5803000","7526000","7982000","8751000","7892000","8887000","8383000","9651000","2243000","","","","","",
"Turkiye","TUR","Urban population","SP.URB.TOTL","6638986","6916243","7204799","7514344","7851897","8221942","8658611","9193756","9796064","10437473","11081966","11735566","12421620","13125051","13835156","14535609","15229523","15922142","16619376","17336955","18110907","18952062","19895628","20942065","22021870","23104624","24185482","25280555","26392000","27504722","28585557","29616116","30614711","31613396","32619252","33603289","34562813","35528687","36513546","37526148","38582090","39662446","40724455","41773836","42828440","43906580","45030326","45840582","47259065","48871501","50721978","52700909","55463874","59792513","64525973","68219585","69845546","70700912","71773129","73216431","74154256","75039385","75664514","75958748","76406060","76856206",
"Turkiye","TUR","Rural population","SP.RUR.TOTL","21690912","22202995","22711348","23212497","23691175","24123278","24519061","24856665","25125620","25350301","25556499","25783045","26008601","26204482","26375078","26517517","26670461","26851156","27025930","27173474","27297908","27369128","27426468","27505345","27552199","27582491","27592290","27563115","27517626","27472001","27430071","27393771","27375407","27385771","27414584","27421214","27388321","27324279","27220837","27065775","26843871","26582682","26324340","26057894","25764177","25422977","25015023","24317530","23792613","23167705","22420172","21522720","19711953","16355111","12655911","9998894","9432416","9611786","9634075","9363009","9230424","9107933","9315399","9367217","9112601","9022350",
"Turkiye","TUR","Completeness of birth registration, rural (%)","SP.REG.BRTH.RU.ZS","","","","","","","","","","","","","","","","","","","","","","","","","","","","","","","","","","","","","","","","","","","","79","","","","","91.6","","","","","97.7","","","","","98","","","","","","","",
"Turkiye","TUR","Population, male","SP.POP.TOTL.MA.IN","14427651","14824769","15217308","15617168","16019687","16414207","16827151","17264098","17700340","18133703","18563697","19038461","19553792","20062722","20563959","21039190","21460803","21848903","22237025","22621953","23041460","23486618","23977638","24531877","25086876","25635234","26172937","26698876","27225225","27752437","28265597","28756234","29239537","29737151","30247842","30733422","31184009","31622988","32052928","32472315","32880645","33280970","33672826","34053750","34423143","34780073","35125774","35168809","35619832","36134689","36708205","37253203","37715913","38190305","38697460","39205598","39724020","40229820","40765876","41335957","41714021","42065122","42453487","42606561","42685629","42846961",
"Turkiye","TUR","Technicians in R&D (per million people)","SP.POP.TECH.RD.P6","","","","","","","","","","","","","","","","","","","","","","","","","","","","","","","","","","","","","34.22901","39.30593","35.15427","38.06549","37.33385","39.88021","39.40418","46.78511","49.86213","69.9943","83.25706","106.63505","108.09362","123.01399","143.12489","172.25079","190.02195","197.97172","208.25998","220.52787","316.20535","353.73836","","","","","","","","",
"Turkiye","TUR","Age dependency ratio, old (% of working-age population)","SP.POP.DPND.OL","7.72640232119099","7.86170022301147","7.99460556024906","8.14568502082168","8.31181517193322","8.47472186664388","8.58408109181364","8.64733082667276","8.7053534437268","8.75594287397686","8.79816036264969","8.83542127608381","8.86962881847709","8.89925252784054","8.92022327766107","8.91438852097651","8.82959276574402","8.69608698728684","8.5842013762071","8.49850598733796","8.41150927034937","8.32423469855822","8.23722508889603","8.14673228677463","8.07331187695704","8.01672344449392","7.97807872071326","7.95649027039445","7.94872396267812","7.95486124862141","7.9747447631082","8.00780449589559","8.05030820810458","8.09572657335093","8.14383168003089","8.23409682431749","8.37372131266349","8.53343356612698","8.7092103078115","8.89439174859725","9.08547664950281","9.2827979101411","9.48630909445249","9.69525111025887","9.90867108495712","10.1250418417102","10.3402703030632","10.548976289451","10.6651115563462","10.6998224266347","10.7533140956222","10.8086953023048","10.8671677444952","10.9531352120614","11.0341588895581","11.118741262379","11.2973508098164","11.5614356110924","11.8938986966186","12.4389779416645","13.1307438407251","13.7793439935438","14.2743700861558","14.6730315172246","15.0646643308248","15.4532004859751",
"Turkiye","TUR","Population ages 80 and above, female (% of female population)","SP.POP.80UP.FE.5Y","0.828700539247341","0.829642570143739","0.835827918109723","0.850008468085312","0.87140146531834","0.894927425359813","0.906955836665872","0.909296812649202","0.912739447048964","0.916689414016744","0.921132129576099","0.932183966791829","0.954150304439211","0.985505567436522","1.02524778870295","1.06669172920309","1.08153061514549","1.07430346253739","1.07147091986206","1.07293902051472","1.07294762999352","1.07074702341695","1.07003983557896","1.07145847578347","1.07546424523759","1.08082902038374","1.08689042518727","1.0930799245716","1.09920396753137","1.10481316011716","1.10956272445245","1.11366661153515","1.11728004935413","1.12054824111483","1.12419951471151","1.13298368475169","1.14717577848395","1.16257208318514","1.17795568416918","1.19240712414038","1.20655459615993","1.22282510598329","1.24398335820602","1.27325699652174","1.31359206758641","1.36762679292113","1.43835083903513","1.52843509804829","1.62049512251839","1.69940421535409","1.76550054055096","1.82195619683036","1.87362005012788","1.91866498801931","1.95042173772682","1.96849085591751","1.98569739679396","2.0055274191997","2.03130107560357","2.08609836163171","2.15698130558326","2.20923774058363","2.24505709626444","2.29468670901155","2.35548181470272","2.41644440131195",
"Turkiye","TUR","Population ages 70-74, female (% of female population)","SP.POP.7074.FE.5Y","1.35325601130321","1.36853981774349","1.37817347342875","1.38693603759658","1.39709545943412","1.40835681347937","1.40902242225255","1.39732805093766","1.38294955376305","1.36885141109946","1.36091092950928","1.36941525449157","1.38603814805327","1.39690212882396","1.40272138102516","1.40539322200291","1.40511745553797","1.40116834919241","1.39405170816965","1.38408905215694","1.37509556617435","1.36802432732262","1.35876360890452","1.34944099613922","1.34447221746633","1.34518841120154","1.35226218017027","1.36519910301838","1.38247994807004","1.40287606802845","1.42588849720564","1.45111678125303","1.47758407869365","1.50441619443473","1.53178201808541","1.56542121368038","1.61041536397072","1.66679274744915","1.73436478848588","1.81095295728776","1.89229383872465","1.97233461870921","2.04237815537281","2.09275832816589","2.11893370088167","2.12380161741345","2.11481096204636","2.10262171801682","2.09989909209506","2.11128895302673","2.12780885940833","2.14050775912252","2.14961135893231","2.15828920179667","2.1633597791047","2.16957938478434","2.19501312494449","2.23923553626106","2.30050331952271","2.39974890598209","2.53629412259853","2.69508472300455","2.86291231644941","3.03240284166616","3.19432066194944","3.33172367909195",
"Turkiye","TUR","Population ages 65 and above, male","SP.POP.65UP.MA.IN","488461","513180","537084","563828","593001","623643","654111","684989","717657","751663","785898","815658","841489","867451","892936","916006","929116","935383","944173","955786","964044","968334","976643","989538","1004611","1021659","1040843","1062140","1085732","1111577","1139621","1169425","1200882","1234308","1269460","1311955","1363183","1418749","1478561","1541970","1608357","1677610","1749118","1821895","1895321","1968874","2041945","2096460","2159572","2214937","2281886","2340271","2386325","2442156","2503679","2568636","2651402","2751427","2870460","3050716","3264831","3473945","3642743","3759413","3873166","3997548",
"Turkiye","TUR","Population ages 65-69, female (% of female population)","SP.POP.6569.FE.5Y","1.9507277510345","1.95738645485887","1.95884518498366","1.96417222265498","1.97285263403738","1.97967957152755","1.96869267862145","1.94549753391496","1.92645823694132","1.91088503042726","1.89752084514941","1.88511181226581","1.87151663780042","1.85652670136935","1.84208711320594","1.82816113731952","1.80837725347214","1.78367642170777","1.76213591745493","1.74701975596656","1.74313640891237","1.75055832007712","1.7622705140552","1.77650445374779","1.7948831823003","1.81631670691714","1.84004310123459","1.86582074684121","1.89329335342222","1.92254808955232","1.95439421310917","1.98917109939731","2.02573474994705","2.06264158393327","2.09978387828857","2.15458804779182","2.22816402618321","2.30101350537316","2.3646199330176","2.4121682554132","2.44178459416072","2.45663638670825","2.46385056266082","2.47285950088106","2.4898378593712","2.51499848738696","2.54496940469636","2.57364771909817","2.58724303886283","2.58944643479259","2.60050868911816","2.6328233263934","2.68562677626096","2.75296870401689","2.82785471162007","2.91166988761454","3.02333117272136","3.15686950450317","3.30204666884083","3.47446221906344","3.6498365816018","3.78603407216949","3.85609865613101","3.87076219467677","3.86989595544757","3.8853007439839",
"Turkiye","TUR","Population ages 55-59, female (% of female population)","SP.POP.5559.FE.5Y","3.12568165686879","3.09375605347775","3.04392408135091","2.99517732779525","2.95045516652635","2.90598918304784","2.84609899727657","2.77767203693149","2.72079809798817","2.67879006490911","2.65068125215546","2.62900997478348","2.61495441258923","2.61583241212486","2.63212746436666","2.66021136472106","2.68510514193303","2.70647729599828","2.73539483939404","2.7716137021143","2.80765657825113","2.8416429263487","2.87451094388227","2.90527087364666","2.93747027144904","2.97127788528135","3.00645171117096","3.04211800173071","3.07616792529523","3.10712091573089","3.13504154283648","3.15956665851315","3.17971318874762","3.19557789859007","3.20911398827247","3.22515731982555","3.24554704486602","3.26826043982901","3.29117302219863","3.31261042612023","3.33396675782725","3.35963381803958","3.39629390235831","3.45194408528953","3.53233561628722","3.63889081527238","3.76990269784211","3.92157582379883","4.09962445042769","4.29916721944715","4.48940166227322","4.61086523053244","4.64262560873116","4.62015754806295","4.5682386623857","4.52689927885614","4.55439918712682","4.66318824401554","4.83668288051123","5.05863174566675","5.28410307673879","5.4624142261193","5.54622259006774","5.53070817498783","5.46052387265135","5.3811366427345",
"Turkiye","TUR","Population ages 45-49, female (% of female population)","SP.POP.4549.FE.5Y","3.83662785459689","3.7874019664529","3.740887290486","3.70264134769826","3.67489770030498","3.66141825574489","3.66277024636616","3.67336253448715","3.68952910992313","3.71202766772604","3.74388197558381","3.78821590224603","3.83907104037186","3.88935398054836","3.93910550473309","3.98851330392982","4.02872062241633","4.05853550365494","4.0856504098963","4.11084810107383","4.12716667051528","4.13176126095116","4.12899926826316","4.12172089415111","4.11402409647411","4.1082344275865","4.10605262638873","4.10877966548943","4.11683957011365","4.13086491724953","4.15319175679479","4.18408019663864","4.22160345597196","4.26400054363993","4.31138037562218","4.36870682113832","4.44350592464369","4.53924278363633","4.65468520937564","4.78617757747577","4.92749409665425","5.07123069850594","5.20857836367238","5.33013363543152","5.43191709652891","5.51771916477827","5.59531151223919","5.67490248806267","5.77506612059089","5.94333791824451","6.17940516595321","6.34789932183778","6.36699116671956","6.27671550036245","6.11930808847547","5.95511983374386","5.8554486770216","5.84862587626526","5.93463513914205","6.0945317934805","6.29470751196315","6.51551173476257","6.751689677491","6.98414833804569","7.18963234265162","7.35390003662519",
"Turkiye","TUR","Population ages 35-39, female (% of female population)","SP.POP.3539.FE.5Y","5.41011804026651","5.42933773895344","5.43747026550872","5.44438651981416","5.45130799278984","5.46370169504292","5.47478901359746","5.47677117853624","5.47100737317598","5.45814900143995","5.44282766332526","5.4264087297341","5.40581339314267","5.38089294121137","5.35581427013518","5.33732095475872","5.32465072842204","5.31588607460335","5.31336461141753","5.3184698651473","5.31848323859668","5.31031411493064","5.31703070596028","5.34284779149283","5.37891185361491","5.42480223341313","5.4796154710624","5.54268078106332","5.61462470874605","5.69451471207519","5.78284759393602","5.87689669721646","5.9733959110843","6.07131624272429","6.16894638466657","6.27870636704425","6.39792483694731","6.51291535512634","6.62741026256528","6.74416844153004","6.85940193143926","6.96327356518556","7.04729202019573","7.10341756517978","7.12716560986569","7.12412665844735","7.10457243537471","7.08075641390166","7.05033546228496","7.07257032298739","7.21230513431581","7.42522993081063","7.64131145717476","7.82908575826596","7.98168391033041","8.09109864249112","8.1475113761056","8.14650247346456","8.09427063895734","7.97059424548217","7.78176595069567","7.57138305359064","7.41602431293809","7.33127521373124","7.28324648821704","7.26555530499462",
"Turkiye","TUR","Population ages 25-29, female (% of female population)","SP.POP.2529.FE.5Y","7.37965569955505","7.32569709305046","7.26924078833709","7.21980879400898","7.17570965275002","7.13444610002032","7.07793981237478","7.01692383734067","6.97582604470359","6.95461403774801","6.9518373084557","6.94894503158943","6.94340828298108","6.94749881162226","6.96175229146492","6.9926425266874","7.04817869170002","7.12433740617112","7.21184496811876","7.30753022732145","7.37748176701004","7.41233074129876","7.47169199644729","7.56408413653344","7.65913038009564","7.75435385470656","7.84886526314268","7.94281247840751","8.03897175658971","8.13549695783579","8.2303511660942","8.31020328592554","8.37265007570891","8.4279276661582","8.47598203370349","8.51495376667069","8.54506081645686","8.5643449470945","8.57021086941872","8.56651942068347","8.5600291691749","8.56907371940154","8.6098503986506","8.69034044234824","8.80568281501787","8.92950673300939","9.02910187194431","9.07055612430089","9.00733738238077","8.84071705694249","8.62844353703789","8.4308680769142","8.28063063048637","8.18095734783521","8.15663851338176","8.19044078332904","8.19199268661568","8.17071156584113","8.14015444598121","8.00856305569907","7.82340486070385","7.69065227813088","7.64566583785128","7.65649238030531","7.6784951820253","7.68318649723973",
"Turkiye","TUR","Population ages 15-64, total","SP.POP.1564.TO","15249413","15611305","15965328","16326730","16692876","17066094","17466424","17896852","18344080","18808871","19295977","19816316","20360604","20912217","21473532","22057486","22677218","23318350","23957150","24585133","25215986","25833546","26538306","27368237","28214146","29063869","29908291","30745491","31593159","32447065","33298282","34137759","34977990","35850902","36752098","37646679","38524664","39390967","40237678","41060267","41854612","42623356","43363567","44072154","44750340","45397284","46021824","46246715","47036320","47947506","48939294","49906856","50781732","51676026","52637279","53594394","54452527","55200688","55932131","56579745","56923584","57311814","57863429","58157532","58380949","58746219",
"Turkiye","TUR","Population ages 15-64, female","SP.POP.1564.FE.IN","7459556","7639297","7823913","8013441","8205818","8400558","8604819","8822795","9052137","9293006","9542095","9781165","10009180","10239824","10473480","10720067","11017841","11360027","11709168","12062068","12396068","12699024","13046437","13457492","13877832","14301187","14722607","15140850","15564559","15991509","16417154","16837310","17258454","17695579","18145443","18594349","19037547","19473997","19900299","20314619","20715313","21104106","21479286","21838456","22181600","22508388","22823452","22939894","23323815","23757293","24233459","24706491","25140859","25583581","26059835","26535485","26961366","27331729","27692519","28008845","28176709","28374155","28654187","28801865","28914621","29099560",
"Turkiye","TUR","Population ages 10-14, female (% of female population)","SP.POP.1014.FE.5Y","10.8352336555654","11.0003631474523","11.0832597050692","11.1496721338708","11.2194154567259","11.3314235363258","11.4736989565562","11.6055016932535","11.7152238524473","11.8029235296493","11.8789764859229","11.9237962915941","11.9531960190457","12.0056502343421","12.0776381273295","12.1500888181115","12.1428886998946","12.0525420209282","11.9512470887141","11.8627994018405","11.8276325436698","11.8476580160994","11.8564179129796","11.8285658075981","11.7721621210762","11.6802925896063","11.5732126373788","11.4722110361204","11.3917994375853","11.3483984235914","11.3301062618633","11.3131601071196","11.2700054873675","11.1779210833922","11.0394805021447","10.8747391827109","10.686044124793","10.4754766473975","10.2554175621038","10.030144047366","9.78945187979511","9.54777003556408","9.3379326305103","9.17281007963161","9.05155139350404","8.96913105851306","8.90732203928598","8.84111727201379","8.78149708178867","8.74496899387769","8.72261947717081","8.65527425045168","8.50112771187538","8.2808322790148","8.00447859934134","7.7055784197779","7.45327915946156","7.26020033051072","7.12781106834075","7.10892990456591","7.19299531937929","7.32284274092491","7.42748148478337","7.48378491563789","7.52033179549236","7.52707309916577",
"Turkiye","TUR","Population ages 0-14, total","SP.POP.0014.TO","11902254","12280619","12674455","13070187","13462715","13832822","14211915","14605968","14980688","15332009","15644797","15951441","16263707","16556286","16821216","17029350","17220459","17427164","17631626","17835926","18071784","18337199","18597770","18849556","19082107","19293276","19483374","19651917","19805214","19948539","20061894","20138442","20196292","20245875","20288709","20277961","20200523","20100597","19992321","19879595","19768658","19665132","19571626","19486671","19408113","19335779","19264744","19032841","18998882","18961402","18940260","18922493","18875559","18811452","18736524","18665064","18673742","18730018","18822562","18961753","18986606","18938312","18856844","18634959","18342818","18054166",
"Turkiye","TUR","Population ages 0-14, female","SP.POP.0014.FE.IN","5752921","5941038","6135644","6330137","6523088","6707794","6900481","7100916","7289947","7465834","7620879","7763788","7902829","8033407","8150244","8243586","8348150","8471967","8586757","8692825","8814286","8953437","9088645","9217962","9336156","9442382","9536964","9619823","9694320","9763234","9817046","9852083","9877172","9898355","9916982","9908823","9866813","9813328","9755332","9694897","9635669","9581022","9532200","9488513","9449031","9413476","9379287","9267313","9251127","9231863","9219776","9209925","9186844","9155748","9120188","9087011","9092285","9120584","9166759","9247411","9284291","9284794","9255342","9143479","8996683","8851412",
"Turkiye","TUR","Women who were first married by age 18 (% of women ages 20-24)","SP.M18.2024.FE.ZS","","","","","","","","","","","","","","","","","","","","","","","","","","","","","","","","","","23.3","","","","","23","","","","","18.4","","","","","14","","","","","14.7","","","","","14.7","","","","","","","",
"Turkiye","TUR","Survival to age 65, male (% of cohort)","SP.DYN.TO65.MA.ZS","42.444405","43.434087","44.535081","45.353612","45.65608","46.141028","46.630484","47.367432","47.676453","48.325177","49.033754","49.645541","50.756472","51.067077","51.735473","52.355205","52.938962","53.981199","54.963985","55.65692","56.523018","57.015596","57.779814","58.372949","58.910923","59.609435","60.338294","61.074287","61.770727","62.439876","63.1953","63.90134","64.260673","64.91272","65.505255","65.933593","66.999861","67.828928","68.869378","68.501512","70.4063","71.013851","71.600883","72.093367","72.691354","73.107193","73.654569","74.202262","74.607084","75.082679","75.631943","75.2196","76.516418","77.688634","78.422618","78.507664","78.549744","79.479672","80.327265","80.930447","79.441668","76.873877","80.876609","80.700434","80.604802","",
"Turkiye","TUR","Life expectancy at birth, total (years)","SP.DYN.LE00.IN","50.799","51.558","52.347","53.12","53.6","54.105","54.57","55.183","55.639","56.179","56.702","57.223","57.971","58.455","59.019","59.513","60.014","60.846","61.614","62.161","62.739","63.194","63.74","64.269","64.81","65.344","65.87","66.379","66.902","67.365","67.835","68.287","68.603","69.018","69.402","69.734","70.245","70.668","71.144","70.752","71.931","72.271","72.605","72.906","73.223","73.51","73.804","74.129","74.38","74.679","74.964","74.823","75.552","76.171","76.452","76.539","76.595","77.037","77.454","77.737","76.525","75.722","77.591","77.156","77.421","",
"Turkiye","TUR","Mortality rate, infant, female (per 1,000 live births)","SP.DYN.IMRT.FE.IN","165.5","162.6","159.2","155.4","152","148.6","145.2","142.2","139.5","136.8","134.1","131","127.8","124.4","120.7","116.9","113.1","109.1","105.2","101","96.8","92.5","88.3","84","79.9","75.8","71.8","68","64.3","60.8","57.3","53.9","50.6","47.4","44.3","41.4","38.6","35.9","33.4","31","28.8","26.6","24.7","22.8","21.1","19.6","18.2","16.9","15.7","14.7","13.7","12.9","12.2","11.4","10.8","10.3","9.8","9.4","9","8.7","8.4","8.1","7.8","9.1","7.4","",
"Turkiye","TUR","Birth rate, crude (per 1,000 people)","SP.DYN.CBRT.IN","45.019","45.195","44.739","44.303","43.888","43.386","42.901","42.148","41.505","41.013","40.565","40.118","39.288","38.376","37.276","36.238","35.319","34.693","34.487","34.19","33.671","33.101","32.045","31.231","30.425","29.689","29.036","28.287","27.673","26.938","25.453","24.89","24.439","24.443","24.267","24.108","23.743","23.543","23.264","22.646","21.42","20.593","19.531","18.949","18.857","18.794","18.686","18.4","18.2","17.6","17.2","16.9","17.2","17","17.5","17.1","16.6","16.2","15.4","14.4","13.4","12.9","12.2","11.2","11","",
"Turkiye","TUR","Vitamin A supplementation coverage rate (% of children ages 6-59 months)","SN.ITK.VITA.ZS","","","","","","","","","","","","","","","","","","","","","","","","","","","","","","","","","","","","","","","","","","","","","","","","","","","","","","","","","","","","","","","","","","",
"Turkiye","TUR","Prevalence of undernourishment (% of population)","SN.ITK.DEFC.ZS","","","","","","","","","","","","","","","","","","","","","","","","","","","","","","","","","","","","","","","","","","12.9","13.9","13.7","12.3","9.4","6.5","4.4","3.2","2.5","2.5","2.5","2.5","2.5","2.5","2.5","2.5","2.5","2.5","2.5","2.5","2.5","2.5","2.5","","",
"Turkiye","TUR","Refugees under the mandate of the UNRWA by country or territory of asylum","SM.POP.RRWA.EA","","","","","","","","","","","","","","","","","","","","","","","","","","","","","","","","","","","","","","","","","","","","","","","","","","","","","","","","","","","","","","","","","","",
"Turkiye","TUR","Educational attainment, at least Master's or equivalent, population 25+, male (%) (cumulative)","SE.TER.CUAT.MS.MA.ZS","","","","","","","","","","","","","","","","","","","","","","","","","","","","","","","","","","","","","","","","","","","","","","","","","","","","","","1.87366998195648","1.95679998397827","2.07552003860474","2.09512996673584","2.6201798915863","","2.95042991638184","","","16.7262299374937","17.2559387558566","","",
"Turkiye","TUR","Educational attainment, Doctoral or equivalent, population 25+, female (%) (cumulative)","SE.TER.CUAT.DO.FE.ZS","","","","","","","","","","","","","","","","","","","","","","","","","","","","","","","","","","","","","","","","","","","","","","","","","","","","","","0.267839998006821","0.274789988994598","0.28345000743866","0.285829991102219","0.338899999856949","","0.34264001250267","","1.98662943133168","2.27675359813397","2.47106863534193","","",
"Turkiye","TUR","Adolescents out of school (% of lower secondary school age)","SE.SEC.UNER.LO.ZS","","","","","","","","","","","","","","","41.3441581726074","","","","","","","","","","","","40.1586990356445","38.0334014892578","36.4652099609375","37.6851081848145","38.5787887573242","37.0293502807617","36.419361114502","34.5919494628906","","","","35.2085990905762","","23.4945201873779","9.35778999328613","","5.49902009963989","5.25993013381958","4.5710301399231","4.10043001174927","3.50369000434875","3.08405995368958","2.52670001983643","2.23398995399475","1.72000002861023","1.74852001667023","1.12945997714996","0.968980014324188","0.492870002985001","0.696850001811981","0.954639971256256","0.592060029506683","0.0707499980926514","0.0697100013494492","0.0520900003612041","0.111129999160767","0.101759999990463","0.871500015258789","","",
"Turkiye","TUR","Secondary education, teachers, female","SE.SEC.TCHR.FE","","","","","","","","","","","","17368","18184","18715","20007","","","","29709","31418","33992","","41414","45082","46578","","49601","54279","53630","55651","59110","61696","66399","70156","74635","82003","","90388","","","","","","","","","","","","","","","203832","253399","276319","298125","334845","347092","369013","395146","410454","413177","424096","439973","","",
"Turkiye","TUR","Trained teachers in upper secondary education, male (% of male teachers)","SE.SEC.TCAQ.UP.MA.ZS","","","","","","","","","","","","","","","","","","","","","","","","","","","","","","","","","","","","","","","","","","","","","","","","","","","","","","","","","","","","","","","","","","",
"Turkiye","TUR","Trained teachers in lower secondary education, male (% of male teachers)","SE.SEC.TCAQ.LO.MA.ZS","","","","","","","","","","","","","","","","","","","","","","","","","","","","","","","","","","","","","","","","","","","","","","","","","","","","","","","","","","","","","","","","","","",
"Turkiye","TUR","Progression to secondary school, male (%)","SE.SEC.PROG.MA.ZS","","","","","","","","","","","","","","","","","","","","","","","","","","56.31695","56.60107","58.45018","58.03687","56.28829","59.43472","63.69764","","","","","","","","","","","","99.07959","99.5175","99.54004","100","99.31557","97.84895","","97.87168","99.23771","91.66523","","99.69122","99.77986","","","","","","","","","","",
"Turkiye","TUR","School enrollment, secondary, female (% net)","SE.SEC.NENR.FE","","","","","","","","","","","","","","","14.95668","","","","","","","","","","","","","","","","","","","","","","","45.08283","","49.55606","56.75201","64.78663","64.64982","65.11575","67.60049","70.45934","73.28097","75.35689","75.74826","73.42324","78.07046","81.47034","79.5176","85.38763","86.51644","85.78301","84.77001","86.04436","","","","","","","","",
"Turkiye","TUR","School enrollment, secondary (% gross)","SE.SEC.ENRR","","","","","","","","","","","","25.4376697540283","27.0752696990967","27.4580497741699","27.1202697753906","","29.1443004608154","30.9229297637939","32.8722991943359","33.3552513122559","35.4070587158203","34.5791893005371","35.3289794921875","35.8382186889648","37.2469711303711","","41.4022903442383","43.101188659668","45.314380645752","47.8183898925781","48.6131210327148","50.329719543457","51.9287109375","55.1014289855957","56.6241989135742","59.1320114135742","","59.2662200927734","","69.3712387084961","74.5879898071289","85.3136215209961","90.1109924316406","91.8227310180664","88.3136901855469","84.943717956543","88.5527877807617","90.7344512939453","89.0569686889648","80.1907424926758","84.2024002075195","87.80322265625","85.0204315185547","102.209701538086","105.97550201416","107.243186950684","108.547561645508","112.977333068848","112.115409851074","111.910400390625","112.527458190918","114.147331237793","116.040176391602","118.411979675293","","",
"Turkiye","TUR","Pupil-teacher ratio, secondary","SE.SEC.ENRL.TC.ZS","","","","","","","","","","","","27.58111","28.20275","27.71645","26.51934","","","","22.85246","22.77318","23.22449","19.77134","19.63647","18.51562","19.21565","","21.11722","21.03886","22.74969","23.41361","23.26197","23.89033","23.37143","24.04789","23.74015","23.32419","","21.75622","","","","","","","","","","","","","","","17.94572","20.13252","19.48105","18.45287","","17.34797","","","","","","","","",
"Turkiye","TUR","Secondary education, pupils (% female)","SE.SEC.ENRL.FE.ZS","","","","","","","","","","","","28.51261","28.79445","29.57975","30.46807","","31.47197","31.51515","31.49517","32.22939","32.48058","","34.32304","34.82285","35.10456","","35.21368","35.54596","35.97043","36.50062","36.99364","37.44795","37.99216","38.4487","39.23948","38.98477","","39.92676","","40.04685","41.49765","41.51274","41.42476","41.51017","42.92518","44.74863","44.97135","45.2718","46.14099","46.93382","47.01785","47.03763","47.82478","48.31819","48.41458","48.40957","48.43019","47.79338","","","","","","","","",
"Turkiye","TUR","Educational attainment, at least completed upper secondary, population 25+, male (%) (cumulative)","SE.SEC.CUAT.UP.MA.ZS","","","","","","","","","","","","","","","","","","","","","","","","","","","","","","","","","","","","","","","","","16.5557535133198","17.0135057504751","18.3058534430911","","27.2470703125","28.7737293243408","29.7278099060059","30.0322494506836","32.4833297729492","33.8577117919922","36.5570182800293","38.6385498046875","39.5948905944824","40.5634994506836","42.0801086425781","43.8440589904785","44.2350616455078","45.5688591003418","39.4611696528651","48.5053901672363","42.1963448744312","43.4265083468391","44.8489070584061","46.5363727434411","","",
"Turkiye","TUR","Educational attainment, at least completed post-secondary, population 25+, female (%) (cumulative)","SE.SEC.CUAT.PO.FE.ZS","","","","","","","","","","","","","","","","","","","","","","","","","","","","","","","","","","","","","","","","","","","","","","","","","","","","","","","","","","","","","","18.437639984208","19.1076662044783","20.1394147928039","","",
"Turkiye","TUR","Lower secondary completion rate, total (% of relevant age group)","SE.SEC.CMPT.LO.ZS","","","","","","","","","","","","","","","","","24.5105590820312","24.8972702026367","","","","","22.2969303131104","20.9692897796631","24.6132297515869","","28.5160293579102","29.9552803039551","29.1581592559814","32.3916015625","34.1243209838867","37.8432998657227","40.2444305419922","","","","","","","","","","","","88.2895584106445","92.4553680419922","90.8960571289062","92.856330871582","93.7144317626953","94.670051574707","103.688583374023","95.5917129516602","95.0473709106445","93.9787979125977","97.3385467529297","97.296760559082","94.6052322387695","98.0840301513672","95.6284637451172","96.5581130981445","131.028015136719","93.3572082519531","92.3825225830078","91.7672271728516","","",
"Turkiye","TUR","Children out of school (% of primary school age)","SE.PRM.UNER.ZS","","","","","","","","","","","","","","","22.9983005523682","","","","","","","","","","","10.5758695602417","10.0844001770019","10.667610168457","9.33076000213623","9.46549034118652","7.67724990844727","8.15256977081299","7.81853008270264","10.2191896438599","11.4355802536011","12.706600189209","","11.7171697616577","","","","","","","","","","","","","","","","0.0084300003945827","0.279390007257461","1.34091997146606","1.81037998199463","0.706009984016418","0.207489997148514","0.20236000418663","0.225869998335838","0.218380004167557","0.263200014829636","0.602609992027283","","",
"Turkiye","TUR","Children out of school, primary, female","SE.PRM.UNER.FE","","","","","","","","","","","","","","","738731","","","","","","","","","","","","","","","","","","","","458063","498291","","468735","","","","","","","","","","","","","","","","","4981","29975","39850","12296","","","","","","","","",
"Turkiye","TUR","Adjusted net enrollment rate, primary (% of primary school age children)","SE.PRM.TENR","","","","","","","","","","","","","","","84.99388","","","","","","","","","","","91.98281","92.91951","92.59654","94.28279","94.27289","96.02125","95.3153","95.50193","93.07021","92.24939","91.64519","","92.04438","","94.97874","95.8553","96.39444","96.71826","97.15144","97.47864","97.79379","98.05813","98.52059","97.74906","95.35128","96.21583","95.21277","93.8012","93.43299","94.71143","94.73559","94.14611","94.8769","","","","","","","","",
"Turkiye","TUR","Trained teachers in primary education, male (% of male teachers)","SE.PRM.TCAQ.MA.ZS","","","","","","","","","","","","","","","","","","","","","","","","","","","","","","","","","","","","","","","","","","","","","","","","","","","","","","","","","","","","","","","","","","",
"Turkiye","TUR","Repeaters, primary, female (% of female enrollment)","SE.PRM.REPT.FE.ZS","","","","","","","","","","","","","","","","","","","","","","","","","8.60618","8.9382","8.18185","7.99532","7.57275","7.64618","7.02409","6.93316","6.82629","5.95134","5.3477","5.47202","","","","","","","","","3.33816","2.72218","2.69857","2.34606","2.1871","1.86621","1.83261","2.54392","2.5489","2.23837","2.01788","1.88594","2.06132","2.34436","","","","","","","","",
"Turkiye","TUR","Persistence to grade 5, total (% of cohort)","SE.PRM.PRS5.ZS","","","","","","","","","","","","","","","","","","","","","","","","","93.2579803466797","97.5180969238281","95.9664535522461","97.0651016235352","96.3904190063477","96.5584335327148","95.5843200683594","97.5205078125","92.1886596679688","89.0133438110352","93.0803833007812","","","","","","","","","94.8894271850586","96.612922668457","97.842170715332","97.5021133422852","94.2315216064453","91.8130722045898","99.2185668945312","95.0054092407227","90.0246505737305","","","0","","","","","","","","","","","",
"Turkiye","TUR","Over-age students, primary (% of enrollment)","SE.PRM.OENR.ZS","","","","","","","","","","","","","","","20.0051","","","","","","","","","","","11.38873","11.71695","11.89402","11.28837","9.59006","8.46609","8.6573","8.37258","8.2914","6.87073","6.97132","","6.43123","","7.08096","4.34142","4.0394","4.47862","3.78311","3.16801","3.10539","2.80303","2.37363","2.60663","4.64488","5.10873","5.76218","5.983","5.62665","4.78039","3.38016","3.34061","2.03106","","","","","","","","",
"Turkiye","TUR","Net intake rate in grade 1, male (% of official school-age population)","SE.PRM.NINT.MA.ZS","","","","","","","","","","","","","","","","","","","","","","","","","","","","","","","","","","","","","","","","","","","","","","","","","","","","","","","","","","","","","","","","","","",
"Turkiye","TUR","School enrollment, primary (% net)","SE.PRM.NENR","","","","","","","","","","","","","","","84.99388","","","","","","","","","","","91.98281","92.91951","92.59654","94.28279","94.27289","96.02125","95.3153","95.50193","93.07021","92.24939","91.64519","","92.04438","","94.97874","95.8553","96.39444","96.71826","97.15144","97.47864","97.79379","98.05813","98.52059","97.74906","95.35128","96.08606","95.21277","92.722","93.15272","94.56716","94.63188","94.05097","87.90006","","","","","","","","",
"Turkiye","TUR","School enrollment, primary, male (% gross)","SE.PRM.ENRR.MA","","","","","","","","","","","","109.905128479004","107.37523651123","106.741172790527","105.892509460449","105.558853149414","107.068946838379","107.082206726074","104.081733703613","103.755737304688","","101.082588195801","102.474082946777","","109.938819885254","108.158958435059","107.83666229248","107.239646911621","108.260711669922","105.25447845459","105.680908203125","105.544372558594","105.358360290527","102.281707763672","98.8022384643555","97.5649185180664","","98.5374908447266","","104.169563293457","108.845672607422","110.175048828125","110.289596557617","106.577476501465","106.192672729492","106.371650695801","106.404838562012","106.68376159668","103.492240905762","102.155227661133","104.593650817871","105.534202575684","104.734909057617","114.39234161377","111.490509033203","107.029632568359","104.989868164062","97.4331207275391","100.987129211426","104.126350402832","103.600219726562","102.984642028809","102.816566467285","103.633880615234","","",
"Turkiye","TUR","Primary education, pupils (% female)","SE.PRM.ENRL.FE.ZS","","","","","","","","","","","","42.30573","42.93664","43.48827","43.93372","44.34105","44.567","44.74428","44.98582","45.11106","","45.41016","46.03246","","46.69849","47.03746","47.18936","47.12683","47.15271","47.09241","47.09725","47.07007","47.08003","47.16663","47.38229","47.40454","","47.16735","","46.9714","46.96787","47.2118","47.40866","47.52749","47.75011","47.85957","48.07867","48.2723","48.39254","48.57516","48.67974","48.7715","48.6408","48.82417","48.87686","48.81608","48.81839","48.69883","","","","","","","","",
"Turkiye","TUR","Educational attainment, at least completed primary, population 25+ years, male (%) (cumulative)","SE.PRM.CUAT.MA.ZS","","","","","","","","","","","","","","","","","","","","","","","","","","","","","","","","","","","","","","","","","87.6945379723349","87.6286148990559","89.0136241606224","","89.8509063720703","90.1079025268555","90.1819686889648","90.4933090209961","89.7648696899414","90.775032043457","92.5992431640625","93.4923400878906","93.7622375488281","93.9663391113281","94.3371124267578","94.6835708618164","95.1192398071289","95.4812469482422","92.7050134151903","96.4484481811523","93.2568638975387","93.5403620777422","93.8049382174202","94.2785250183253","","",
"Turkiye","TUR","Primary completion rate, female (% of relevant age group)","SE.PRM.CMPT.FE.ZS","","","","","","","","","","","","","","","","","","","","","","","","","77.9990310668945","81.8786773681641","90.2764892578125","88.7874298095703","101.001800537109","85.577751159668","85.7629318237305","88.4574890136719","93.680419921875","88.2697906494141","88.559700012207","87.1305313110352","","","","","","","","","","","","","","","","","","103.219009399414","99.0771179199219","98.8011169433594","135.340072631836","92.9772109985352","91.2951965332031","96.7656784057617","100.687889099121","103.484306335449","101.571060180664","89.3643569946289","","",
"Turkiye","TUR","Trained teachers in preprimary education, female (% of female teachers)","SE.PRE.TCAQ.FE.ZS","","","","","","","","","","","","","","","","","","","","","","","","","","","","","","","","","","","","","","","","","","","","","","","","","","","","","","","","","","","","","","","","","","",
"Turkiye","TUR","Pupil-teacher ratio, preprimary","SE.PRE.ENRL.TC.ZS","","","","","","","","","","","","22.70811","23.13636","21.6875","19.81661","21.12393","","","18.39015","18.49638","","17.90458","20.00717","19.74138","19.81494","24.81166","19.95917","16.57604","16.66731","16.23356","15.46839","16.83088","16.64042","15.84045","16.09216","16.27698","","17.52181","17.59165","15.2805","16.02931","15.61951","15.93024","16.91443","18.74799","19.73541","26.31019","25.86676","27.09401","27.42707","22.95753","23.08748","20.92865","17.12826","16.73054","17.00022","","17.19803","","","","","","","","",
"Turkiye","TUR","Primary school age children out-of-school (%)","SE.LPV.PRIM.SD","","","","","","","","","","","","","","","","","","","","","","","","","","","","","","","","","","","","","","","","","","5.12310028076171","","","","","","","","","","","","","","","","","","","","5.12310028076171","","","","",
"Turkiye","TUR","Pupils below minimum reading proficiency at end of primary (%). Low GAML threshold","SE.LPV.PRIM.LD","","","","","","","","","","","","","","","","","","","","","","","","","","","","","","","","","","","","","","","","","","27.6868991851806","","","","","","","","","","","","","","","","","","","","14.1087951660156","","","","",
"Turkiye","TUR","School enrollment, secondary (gross), gender parity index (GPI)","SE.ENR.SECO.FM.ZS","","","","","","","","","","","","0.384739995002747","0.390819996595383","0.40718001127243","0.426620006561279","","0.452089995145798","0.455819994211197","0.457749992609024","0.475470006465912","0.482450008392334","","0.525269985198975","0.536750018596649","0.542800009250641","","0.543609976768494","0.551090002059937","0.561630010604858","0.575630009174347","0.589579999446869","0.603100001811981","0.618730008602142","0.632089972496033","0.654619991779327","0.648599982261658","","0.676050007343292","","0.680490016937256","0.723209977149963","0.724300026893616","0.722469985485077","0.725989997386932","0.770489990711212","0.830959975719452","0.839659988880157","0.851040005683899","0.882539987564087","0.911480009555817","0.915840029716492","0.917890012264252","0.948099970817566","0.968400001525879","0.973060011863709","0.973969995975494","0.976059973239899","0.952920019626617","0.975910007953644","0.961769998073578","0.973070025444031","","","","","",
"Turkiye","TUR","Literacy rate, adult total (% of people ages 15 and above)","SE.ADT.LITR.ZS","","","","","","","","","","","","","","","","61.6300010681152","","","","","65.6900024414062","","","","","75.9700012207031","","","","","79.2300033569336","","","","","","","","","","","","","","87.370002746582","88.2300033569336","88.120002746582","88.6600036621094","","90.8199996948242","92.6600036621094","94.1100006103516","94.9199981689453","95.2600021362305","95.4400024414062","95.5999984741211","95.8600006103516","96.1500015258789","","96.7399978637695","","97.2600021362305","","","","",
"Turkiye","TUR","Literacy rate, youth male (% of males ages 15-24)","SE.ADT.1524.LT.MA.ZS","","","","","","","","","","","","","","","","90.75","","","","","93.620002746582","","","","","95.6800003051758","","","","","96.5699996948242","","","","","","","","","","","","","","98.0199966430664","98.3600006103516","98.370002746582","98.5800018310547","","99.0199966430664","99.2099990844727","99.4499969482422","99.5899963378906","99.6900024414062","99.75","99.8099975585938","99.8600006103516","99.9100036621094","100","99.9599990844727","","99.9800033569336","92.57","","","",
"Turkiye","TUR","Coverage of social insurance programs in richest quintile (% of population)","per_si_allsi.cov_q5_tot","","","","","","","","","","","","","","","","","","","","","","","","","","","","","","","","","","","","","","","","","","","","","45.9379977641376","47.0485568673263","45.3718361297358","47.4940953444643","47.7926843260193","44.5053887492949","44.7911860243208","43.2201621355094","41.186154548227","42.0681663488287","43.4216502620056","42.2313490793944","41.2958925976251","41.8880256709533","43.1079240142419","41.323753397313","","","","","","",
"Turkiye","TUR","Coverage of social insurance programs in poorest quintile (% of population)","per_si_allsi.cov_q1_tot","","","","","","","","","","","","","","","","","","","","","","","","","","","","","","","","","","","","","","","","","","","","","10.2062739118388","12.5279566182749","14.5617854033235","13.7198567890872","18.6175386889731","19.4143855383899","20.753447100307","17.4779427113785","24.817797723924","27.428886311963","29.8682396330424","25.1281477676629","24.938449520873","28.4552845418599","29.4123594107246","26.327254198177","","","","","","",
"Turkiye","TUR","Coverage of social safety net programs in richest quintile (% of population)","per_sa_allsa.cov_q5_tot","","","","","","","","","","","","","","","","","","","","","","","","","","","","","","","","","","","","","","","","","","","","","17.7635714544621","18.5267709867245","20.6444750875538","18.5818792719988","21.6764432029447","3.57038239335918","4.32108706839919","3.36818541744221","2.97828726294345","2.62717629246824","3.24500644774497","2.58115375297568","2.1125536224662","2.18844109700702","2.71978149523372","2.06612101525573","","","","","","",
"Turkiye","TUR","Coverage of social safety net programs in poorest quintile (% of population)","per_sa_allsa.cov_q1_tot","","","","","","","","","","","","","","","","","","","","","","","","","","","","","","","","","","","","","","","","","","","","","33.010702210491","33.2923214014717","36.7919367790083","46.4513059637083","56.071795107774","41.7075305352681","47.4997772066243","48.0698880557602","42.4554020237105","44.489922559012","46.2566917391911","47.76452147417","51.287044873318","44.5012551700477","40.2785329880564","39.610160544395","","","","","","",
"Turkiye","TUR","Coverage of unemployment benefits and ALMP in richest quintile (% of population)","per_lm_alllm.cov_q5_tot","","","","","","","","","","","","","","","","","","","","","","","","","","","","","","","","","","","","","","","","","","","","","","","","","","1.01961479549412","0.828653555182196","0.873842691027297","0.467230971018006","1.07682051730154","0.97607840797116","1.09431866946182","1.20662831378656","2.0462513327385","1.30750994431394","1.10085128124794","","","","","","",
"Turkiye","TUR","Coverage of unemployment benefits and ALMP in poorest quintile (% of population)","per_lm_alllm.cov_q1_tot","","","","","","","","","","","","","","","","","","","","","","","","","","","","","","","","","","","","","","","","","","","","","","","","","","0.78859176190671","0.446732647246864","0.506852178151938","0.45322651302668","0.45730886840862","0.48962884043258","1.20445825634373","0.595541814411272","1.24359514907471","0.962998078626577","1.24553183907931","","","","","","",
"Turkiye","TUR","Coverage of social protection and labor programs (% of population)","per_allsp.cov_pop_tot","","","","","","","","","","","","","","","","","","","","","","","","","","","","","","","","","","","","","","","","","","","","","51.7030829544874","53.0461260542634","55.206763280846","58.6928899833598","63.7913990524854","48.122378360421","48.5727567366952","49.0695427325643","47.9376934989126","48.8656012212928","50.3473399443005","50.1852514001917","50.3621319405913","49.387720513834","49.6640478033582","49.3411218418971","","","","","","",
"Turkiye","TUR","Price level index (Households and NPISHs Final consumption expenditure)","PA.NUS.PRVT.PLI","","","","","","","","","","","","","","","","","","","","","","","","","","","","","","","67.5737830586432","65.7238734419942","64.3335273573923","65.1342740100137","49.4444256813807","60.1614134583924","55.6747128554757","53.39874230402","56.292094321965","52.7896309066987","52.5502264006692","38.1119919581458","43.6259061348464","56.0987017659581","63.6211476797866","71.9551378664362","71.2376255991622","81.0164928150455","81.2836817203244","70.0454850447753","74.1620082922502","68.5551552131251","68.5112090694827","68.1464338091616","62.568778666345","53.149934430364","51.4928637296015","46.8130959041241","39.9983638370713","37.7252781592081","36.1818079346746","34.7608155465827","29.3870997760571","32.4200796290728","38.2604529111429","44.9739324731193",
"Turkiye","TUR","DEC alternative conversion factor (LCU per US$)","PA.NUS.ATLS","9E-06","9E-06","9E-06","9E-06","9E-06","9E-06","9E-06","9E-06","9E-06","9E-06","1.1E-05","1.5E-05","1.4E-05","1.4E-05","1.4E-05","1.4E-05","1.6E-05","1.8E-05","2.4E-05","3.1E-05","7.6E-05","0.000111","0.000163","0.000225","0.000367","0.000522","0.000675","0.000857","0.001422","0.002122","0.002609","0.004172","0.006872","0.010985","0.029609","0.045845","0.081405","0.151865","0.260724","0.418783","0.625219","1.225588","1.507226","1.500885","1.425537","1.343583","1.428453","1.302931","1.301522","1.54996","1.502849","1.674955","1.796001","1.903768","2.188542","2.720009","3.020135","3.648133","4.82837","5.673819","7.008605","8.850408","16.54886","23.738566","32.805861","39.4548130978",
"Turkiye","TUR","Net secondary income (Net current transfers from abroad) (current US$)","NY.TRF.NCTR.CD","","","","","","","","122222222.222222","177777777.777778","177777777.777778","345454545.454545","566666666.666667","800000000","1264285714.28571","1482214285.71429","1482357142.85714","1123687500","1107111111.11111","1111916666.66667","1814516129.03226","2172092105.26316","2563036036.03604","2270760736.19632","1763573333.33333","1986256130.79019","1915938697.31801","1838669629.62963","2323581096.84947","2089507735.58368","3426482092.36569","4364400536.60406","5038782358.58102","3935972060.53551","3656986800.18207","3009085075.48381","4393683062.49318","4096748356.98053","4512039640.47015","5504493257.23754","4881198138.41536","4763996135.75403","2987000199.08811","2433000691.33627","1020000133.25471","1117000190.1038","1454000087.82487","1814000530.64399","2070999845.73243","2185999468.31479","2332999690.31459","1474999617.39336","1718999555.21193","1450999971.60358","1277000138.67236","1520000301.57063","1396999752.57435","1557999857.62226","2532999756.31371","781000026.9242","871000044.238281","201000013.554766","949999954.804343","-369000009.66834","557000001.600771","72000000.2438589","-542000000.025153",
"Turkiye","TUR","GNI per capita, PPP (constant 2021 international $)","NY.GNP.PCAP.PP.KD","","","","","","","","","","","","","","","","","","","","","","","","","","","","","","","","","","","","","","","","","","","","","","","","","","","","","","","","","","","","","","31664.5608585267","","","","",
"Turkiye","TUR","GNI per capita (constant 2015 US$)","NY.GNP.PCAP.KD","","","","","","","","","","","","","","","","","","","","","","","","","","","","","","","","","","","","","","","","","","","","","","","","","","","","","","","","10940.8551955522","","","","","","","","","","",
"Turkiye","TUR","GNI, PPP (current international $)","NY.GNP.MKTP.PP.CD","","","","","","","","","","","","","","","","","","","","","","","","","","","","","","","453871532984.153","473280441954.123","513526087115.281","568518390921.908","545144087381.107","599232985150.471","650273276084.711","715237252600.405","552410954971.173","539584082152.037","601134381414.377","582432837770.425","602185815330.545","631397508642.156","728015948620.842","809676727347.233","939532603399.1","1039371401548.09","1135648712668.76","1107212472710.59","1267016483879.41","1450916852312.62","1547490274215.19","1696107320325.07","1850967663946.9","2002959438140.47","2096820386655.84","2248865366334.77","2298779162445.41","2359586456446.9","2406906400635.52","2664487871892.8","3358619575806.9","3647747037660.68","3806381057583.58","3832674632585.32",
"Turkiye","TUR","GNI: linked series (current LCU)","NY.GNP.MKTP.CN.AD","","","","","","","","","","","","","","","","","","","","","","","","","","","","","","","538291638.119206","862316965.240413","1497442070.02816","2716949390.2158","5265546740.01411","10613015400","20142865000","39606978100","71190857000","106009386700","169275835000","241679923600","356042965500","465028053500","576697833700","675747290200","790908880400","884625629800","999325441200","1001645299500","1166249395900","1401841040700","1578217241100.01","1815333488300","2044401188700.01","2327721284400","2602263134500","3112384689700","3753009848400","4334855268800.01","5081114198500.01","7331692756399.99","15173574878200","26811994925699.9","43980940314900.1","62103226326099.9",
"Turkiye","TUR","Gross domestic income (constant LCU)","NY.GDY.TOTL.KN","","","","","","","","","","","","","","","","","","","","","","","","","","","","455220977620.44","463891156013.044","461529118356.165","508305279782.308","512033237694.915","537173068309.03","582595243630.624","554817777604.439","613196911559.784","651220235634.38","707712999411.058","716516994747.946","697360422224.182","733203876365.275","690074756655.624","738516260910.604","787142397727.35","869702554620.108","948080025779.688","1004491743330.86","1060307119586.65","1062510436607.89","1013510241600","1093496971093.22","1192688932447.79","1243090462171.99","1356032511557.39","1415848569683.22","1505064455315.11","1569231011859.5","1668497353923.88","1714528904890.62","1731024599687.05","1786993084862.41","1953350470516.36","2001756437987.34","2186588922008.25","2276175702314.75","2371332887735.78",
"Turkiye","TUR","Total natural resources rents (% of GDP)","NY.GDP.TOTL.RT.ZS","","","","","","","","","","","0.691508496870237","0.660287783036748","0.580501952483688","0.782691076207577","1.18135732065411","0.916591008911233","0.935880834464155","0.819877007022891","0.811207187137413","0.844103057889607","1.31003163850486","1.40008444114803","1.29579898215648","1.09237511450636","1.00783590108818","0.941646421996475","0.638436345907208","0.569724766766546","0.687907906754663","0.687433292869705","0.593252933490782","0.422691780652098","0.46820837493823","0.357725426982687","0.396471923426751","0.365520641620309","0.375047056554969","0.290640491419618","0.143921581818923","0.183061333622872","0.241654018503172","0.290748556810644","0.208352788307941","0.185862775534768","0.258039998415792","0.246555610028496","0.338060205831875","0.393584701213481","0.622799886391042","0.390043503554907","1.0333326630856","1.15599036897188","0.748490714870341","0.621362748916478","0.515494221044849","0.259377096732697","0.381853603415781","0.379263394718781","0.52996663633101","0.382779823529053","0.397202384078982","0.827048726504594","","","","",
"Turkiye","TUR","GDP per capita (constant LCU)","NY.GDP.PCAP.KN","4348.29929261203","4279.3359217326","4397.41167614533","4669.55476303978","4797.03935739059","4810.16160034472","5215.29286044916","5322.10743489727","5541.05818756676","5627.62650876484","5674.70607788975","5850.06664660483","6135.40495739382","6190.69295462204","6393.85298800654","6711.86034297798","7264.15266592154","7358.25161656707","7319.61807654958","7132.55614852155","6820.33772384536","7010.71502945507","7106.95602035085","7286.96534710369","7599.34262208892","7747.70341094059","8116.33208865092","8706.96814319952","8732.87546862204","8588.2252204441","9209.98011882957","9114.53762572797","9411.68741715614","9958.51875840891","9330.01977418201","9901.66817745324","10451.7049582983","11059.7288837571","11114.9415175165","10632.5676787793","11230.273048645","10485.8779441108","11026.9220722013","11531.726520907","12535.6809917312","13532.4899667252","14340.8538202872","15049.184148513","14996.650195932","14068.8702426842","15040.3877668349","16448.6077796061","17021.036489562","18230.1646759195","18813.3682419569","19641.7921984906","20023.3991383381","21312.2344862577","21754.898410465","21725.2294130355","21903.3670489591","24268.4348145237","25338.2260982075","26508.6235297778","27329.0120983068","28195.4633226483",
"Turkiye","TUR","GDP per capita (current US$)","NY.GDP.PCAP.CD","267.091207552765","274.350890943262","298.241020884883","337.019856859205","354.365541117168","369.967082204625","424.984610131778","459.449369053159","501.12130904111","543.947401329478","487.565086682435","430.897259673783","537.337529232528","661.080821885172","880.728167716848","1121.54326914976","1227.92409658199","1371.96185651463","1510.18531064944","2013.37374286503","1515.64589850068","1536.66562064101","1360.23825219775","1275.68337617131","1209.05149383313","1326.42701445307","1461.49658654754","1649.96264794402","1685.69479240535","1948.59179454794","2689.52621921233","2649.27259974439","2743.65320297936","3057.93737480422","2176.2801813809","3845.98997887841","4041.36210281686","4197.37636165642","4331.02761275037","3973.77763854116","4199.3798635759","3052.2256706793","3591.08628982587","4649.63668068586","5979.6054216148","7331.85429430255","7990.08251407245","9766.91734545294","10913.4079047769","9076.92472236977","10698.9699409757","11373.6355760885","11776.7593362033","12635.5570016068","12209.3862327674","11064.6494504662","10984.3643169061","10756.3877677883","9684.11819884721","9395.23378001368","8798.11791709313","9981.76398411336","10897.8397861365","13375.0947282864","15892.7157287241","18599.4420922378",
"Turkiye","TUR","GDP (constant LCU)","NY.GDP.MKTP.KN","123186875433.171","124611001186.881","131553614123.08","143480666744.716","151313357837.005","155585735198.702","173031275907.924","181219998765.482","193503083051.819","201400225652.085","207912520020.051","219486374838.041","235784968437.14","243477062851.675","257098324809.342","275542848354.678","304367880475.67","314736689154.405","319466970754.138","317473134037.282","309703453939.615","324744662915.244","336316055062.821","353034597826.925","376730335502.077","392708733776.238","420245592362.451","460108151259.748","470786050417.989","472152479005.969","515902820223.753","519618760100","545784863900","587544311300","560116877000","604244379400","647494974400","695136763500","708403939700","686777992800","734751406500","694638326600","739341837500","782216959800","859855165100","938201534500","1004510110800","1055822347000","1065537160800","1013510241600","1100086298100","1220875361400","1279570494500","1388183725200","1452051205300","1536351110600","1587414276000","1711643052000","1771005452900","1794057278800","1826405252300","2042123701700","2153240249400","2261873883500","2337140521100","2421385675900",
"Turkiye","TUR","GDP (current LCU)","NY.GDP.MKTP.CN","68100","71900","80300","93200","100600","107700","126900","140800","157500","175200","196500","242500","289100","364000","495800","644600","823200","1056300","1581900","2778100","5230600","7901000","10492200","13905800","21997100","35095500","51079300","74721900","129224500","227323900","393060200","630116900","1093368000","1981867100","3868429100","10759804400","20381122800","40064652800","71969046500","107490682300","171777959400","247807864000","362906874600","473368472600","584693672100","682962331500","799459602500","892805430000","1009220910700","1013510241600","1176047969000","1413984461200","1590049295300","1831743970500","2062358179200","2354059127000","2629987971500","3151529152900","3806479219400","4402050310900","5141710600900","7433799908300","15325857491800","27091469064700","44587225440200","63020905823900",
"Turkiye","TUR","Gross value added at basic prices (GVA) (constant LCU)","NY.GDP.FCST.KN","","","","","","","","","174002953763.341","181115386175.293","187640712903.061","199092572777.286","212767468170.416","219279050935.503","233262413931.594","249313335710.271","272925092855.646","283077451274.149","286048153526.734","282156855915.938","280414515273.382","294273366851.562","305639735547.121","319843837918.478","341309047561.401","353655904543.96","376685071759.585","412229858131.825","423029316764.221","424256331958.876","459521168683.632","462693321400","489941925100","525083603400","504251435500","541059626700","574128393900","614195178800","633221436000","614690029400","657158351500","621109133000","660585167100","697720836900","766813394500","834265271500","892982292300","937482693200","947781254100","905540353900","970467895200","1080584575600","1136273991200","1226147133100","1291312668200","1359713291200","1404295710000","1521022467400","1580209445000","1602885329600","1618384527300","1828150316400","1937700685900","2018689896100","2078082703500","2144362741377.24",
"Turkiye","TUR","Discrepancy in expenditure estimate of GDP (constant LCU)","NY.GDP.DISC.KN","","","","","","","","","","","","","","","","","","","","","","","","","","","","","","","","","","","","","","","","","","","","","","","","","","","","","","","","","","","","","","","","","","",
"Turkiye","TUR","Inflation, GDP deflator: linked series (annual %)","NY.GDP.DEFL.KD.ZG.AD","","","","","","","","","","","","","","","","","","","","","","","","","","","","","","","58.2443981066747","59.1641068854034","65.1994382869765","68.3794283487892","104.749137222441","86.007542441817","76.7664933737485","83.104670547928","76.2680723321716","54.0599201394542","49.3731583293067","52.5911440857202","37.5921225089919","23.2883921865035","12.364982289683","7.05267475616438","9.33056658598892","6.2487335970909","12.0086768083348","5.58017075378858","6.90506472366725","8.33655636534398","7.29341387336231","6.18702429472933","7.63768275587947","7.88094110112607","8.1276071872056","11.1334116585617","16.7334812844326","14.1603081333496","14.7339074242292","29.3058995155618","95.5255302704182","68.2797569244827","59.2800755919836","36.4253414432254",
"Turkiye","TUR","Adjusted net savings, excluding particulate emission damage (% of GNI)","NY.ADJ.SVNX.GN.ZS","","","","","","","","","","","","","","","","","","","","","","","","","","","","","","","7.16060670129677","3.87236376016013","4.110626978365","5.44411839562491","3.36077546100012","4.59095013117719","7.22480400511719","6.13814712947892","11.965280180869","6.67619758241209","6.23945994035332","4.48831822721614","5.07777995457157","4.6412200174584","7.55772219060038","9.41896872872765","10.4626341503343","9.99475036082326","10.9612662137434","7.65299128148214","8.8831733722265","10.8687235033823","11.2403525427379","12.3347734660975","12.7524932380546","12.8135369213165","12.3948565857253","12.8482149333285","15.4003705341735","12.6584629604337","13.3135173725319","","","","","",
"Turkiye","TUR","Adjusted net national income per capita (annual % growth)","NY.ADJ.NNTY.PC.KD.ZG","","","","","","","","","","","","","","","","","","","","","","","","","","","","","","","","","","","","","","","","","","","","","","","","","","","","","","","","","","","","","","","","","","",
"Turkiye","TUR","Adjusted net national income (constant 2015 US$)","NY.ADJ.NNTY.KD","","","","","","","","","","","","","","","","","","","","","","","","","","","","","","","","","","","","","","","","","","","","","","","","","","","","","","","","726983882746.545","","","","","","","","","","",
"Turkiye","TUR","Adjusted savings: gross savings (% of GNI)","NY.ADJ.ICTR.GN.ZS","","","","","","","","","","","","","","","32.279472673134","32.9981165484827","34.313482334074","32.1176617709174","31.1619531923857","34.0843636470143","29.3005387510997","33.1860887948645","32.6063335461851","29.5130874706893","30.1550317910985","35.645995354926","39.3771601204821","24.7645318918287","29.23501130332","26.6552522811249","22.0581190487479","18.908433081737","18.6735599439018","18.8043864821813","18.6559583543755","19.9834194912698","22.1578723929779","20.8234185441743","26.0123428907651","22.1252970540423","21.7208269484042","22.066985913595","22.8864008601613","21.0251014581749","22.6169957525034","23.8937825160964","24.8942262788174","24.1346359792043","24.8657198272514","22.2116509471234","21.9819559805091","23.2280191076473","23.5566690535601","24.1288431414507","25.1195362025071","25.4994260034431","25.2467050736952","26.3479526600554","28.1227522548563","26.4657842752915","27.1336340321286","30.7614419185964","","","","",
"Turkiye","TUR","Adjusted savings: energy depletion (% of GNI)","NY.ADJ.DNGY.GN.ZS","","","","","","","","","","","0.0211290067548634","0.0555191076699158","0.0607743956111774","0.0858729365375334","0.33651635957453","0.259014389640669","0.211337406086208","0.199940981933702","0.18244643661507","0.311221592937974","0.424744723028117","0.368403343285668","0.280706287597396","0.322610899180823","0.313559932301234","0.302715519238377","0.130554338293067","0.17920934474322","0.12624972774273","0.190742433680628","0.241902066045765","0.140738091170698","0.134624700667684","0.0994869905856436","0.119138357032539","0.0995978875007082","0.124700359448827","0.0927924093648074","0.0196328233837902","0.052110869408312","0.101762058200251","0.102668763766264","0.0819821199495448","0.0723774817246458","0.0822506935170789","0.0899284454376692","0.0948957161183212","0.0895691501766151","0.145724381380433","0.0876447773532298","0.0917414883582157","0.127076864320525","0.103798130602797","0.0860887119243914","0.0815983751187947","0.0397420558747258","0.0315356199108909","0.0481724871218538","0.0950737135041577","0.0883228867356227","0.0525090554096133","0.120118602092746","","","","",
"Turkiye","TUR","Adjusted savings: consumption of fixed capital (% of GNI)","NY.ADJ.DKAP.GN.ZS","","","","","","","","","","","14.7832566221939","14.4569870055667","15.4786895058405","15.0630218477294","15.1750669446878","15.0696398074087","14.8021432741834","14.8015674767791","14.8771292634983","14.9128350685604","15.0356467701858","15.0677914723117","15.1109043536857","15.1474644371858","15.1584811088519","15.1301138786463","15.1536710799307","16.697221173372","17.2626108534413","16.1466460946004","15.3906831836894","15.7744309032371","15.6474526705991","15.2139941123043","16.6807282980085","16.0257287996736","15.8055347286884","15.5309648790063","15.6176580615596","16.3846736484268","16.0717785827592","18.1508025738345","18.4072376594445","17.2963558779316","16.5997938917154","16.0289824815261","15.7545269969","15.7239583756589","15.7343204932362","16.421431590086","15.1232959506268","14.4709900643925","14.6127873474472","14.2232705712864","14.6701485460687","14.8382529147819","15.2188887433207","15.4012206289629","14.2049975970737","15.5875891823564","15.4175953670796","15.3338026147073","","","","",
"Turkiye","TUR","Adjusted savings: carbon dioxide damage (% of GNI)","NY.ADJ.DCO2.GN.ZS","","","","","","","","","","","","","","","","","","","","","","","","","","","","","","","1.13841482902944","1.24978744185717","1.28763632566647","1.2295350081833","1.76769702119144","1.54591744665193","1.6522764447305","1.71416675955931","1.21466126018693","1.35248156705947","1.48602300003963","1.95073314547748","1.77938340107747","1.49017953577874","1.22877014981971","1.09146515900757","1.16185517587026","1.10240943219703","1.01034661988355","1.23892498378038","1.10202860515628","1.13973735920015","1.16918621252439","1.08358048319937","1.23230462519678","1.43052987497512","1.56326829037952","1.83546884911773","2.10443270130461","2.16603391357313","2.3635910716953","2.4358210856463","","","","",
"Turkiye","TUR","Services, value added (% of GDP)","NV.SRV.TOTL.ZS","25.8443465491924","28.9290681502086","28.1444582814446","27.7896995708155","29.4234592445328","31.6620241411328","30.2600472813239","32.1022727272727","34.031746031746","34.4178082191781","36.2849872773537","37.0309278350515","38.8792805257696","39.3131868131868","38.5235982250908","38.9854173130624","40.354713313897","42.2133863485752","42.6575636892345","44.1128829055829","49.009673842389","47.6977597772434","48.4026229008216","50.3746638093457","50.920803196785","51.1384650453762","46.5558455186347","47.2391628157207","46.6350421166265","47.4242259612826","48.0543438384247","49.6879705972019","50.1136396894733","50.6623779162589","48.9432260759283","44.8004640307402","46.159891151826","47.0972927038569","48.6380952678038","52.5384242537272","52.7841421080474","54.9929413055269","53.5798335907302","53.1447158950484","53.0924442854082","53.0676190740982","53.4630321736613","54.9271377639359","55.5939145088505","57.2740017785727","54.658291110913","53.1764169502883","54.0902575185714","53.3643455931878","53.828575166833","53.3668283175625","53.6443880043807","53.5617425067038","54.6144926867008","56.5329774818317","54.5738221616136","53.1953606066903","52.1784720579494","54.3519824455967","57.5212773580131","59.4243639680082",
"Turkiye","TUR","Services, value added (current LCU)","NV.SRV.TOTL.CN","17600","20800","22600","25900","29600","34100","38400","45200","53600","60300","71300","89800","112400","143100","191000","251300","332200","445900","674800","1225500","2563500","3768600","5078500","7005000","11201100","17947300","23780400","35298000","60263900","107806600","188882500","313092300","547926500","1004061000","1893334000","4820442300","9407904100","18869366800","35004373400","56473910700","90671522200","136276833200","194444899500","251570329900","310428162100","362431848500","427415344500","490392468500","561065410300","580477873800","642807722500","751906272700","860061758500","977498182800","1110138022700","1256286692800","1410840951900","1688013929900","2078889314900","2488610111000","2806027999400","3954436668000","7996798269000","14724750510300","25647141611700","37449772452730",
"Turkiye","TUR","Medium and high-tech manufacturing value added (% manufacturing value added)","NV.MNF.TECH.ZS.UN","","","","","","","","","","","","","","","","","","","","","","","","","","","","","","","26.3409516473885","26.7515728565524","27.7012951359731","28.5916287101236","27.3488105289617","27.8304340028694","27.0453360599772","27.5259841012599","25.048648598769","25.9332532648644","27.7555897160414","25.3460886372079","25.2638053611915","29.8432580600794","30.6881002415484","29.269371969724","29.8077517802757","29.7710405851807","30.0405357974153","30.4514216409542","30.2296722007995","29.9542896347808","29.892700391259","29.9269970448238","29.2430963630474","29.7803899433521","29.9427526786255","30.8214452198723","33.6616045048233","35.8336893667996","36.7388903227497","34.3387977600755","33.821791134472","","","",
"Turkiye","TUR","Chemicals (% of value added in manufacturing)","NV.MNF.CHEM.ZS.UN","","","","6.91729323308271","6.08317815021726","6.89972401103956","5.66893424036281","5.12065921130077","5.37859007832898","5.81066488404381","6.52494211744896","7.06291117250021","7.39221671117894","6.38530107331272","7.2992700729927","9.18518518518519","7.9623211588021","8.55339080849908","9.4577553593947","11.6137566137566","10.2063106796117","7.7683906861735","7.80008880556515","7.17531790702522","8.12187147362634","8.14859487162938","8.71053907160463","11.3219449237953","13.0753316757454","11.2220095607792","9.94143504070331","9.37590888912701","9.62510496737937","10.0918886059891","11.6671930288167","11.5136298421808","10.3530286263971","10.1346231383617","8.40007751294189","10.5342932095271","10.0788280131176","10.3053223471134","8.73380989193216","9.72412615877518","8.84308256303445","6.74122976734106","6.82578907327742","6.43739774274876","6.74682199884491","7.9452332562138","8.33283899238331","7.43802739022784","7.39216436658183","6.89907479612121","6.94011468494776","7.185288821389","7.24643522142724","7.58728480269782","7.96171077380068","8.770725909819","9.3126497050889","9.03265360230427","8.42793100176552","8.02406956809084","7.40991258495932","",
"Turkiye","TUR","Industry (including construction), value added (constant 2015 US$)","NV.IND.TOTL.KD","","","","","","","","","19205210731.3142","20994232445.3694","21771502576.4591","23110184232.8126","25529313022.8571","28373843396.457","30021773342.9964","32205661484.7001","35364014773.2723","37259254418.9285","36950391159.5079","35680905525.9676","35336397504.8349","38034953683.7602","38779837955.5098","42009493916.7051","46320133165.5427","49892575590.5595","55406569633.3138","61130566443.6232","61253724000.3598","64277721121.341","68513037499.7853","70163961346.0247","74369943482.279","80424149369.3949","76438253641.4898","83123077974.298","88784996151.6904","96987991853.1996","98116580856.6944","93704378731.2598","100502438222.556","90273196464.2178","96344968806.9929","105396233212.648","120240045338.253","133138282265.869","150106964792.235","161304573735.163","160134646009.622","142632636572.652","158981754307.563","189730997194.333","198712552069.998","220299813980.082","231324253316.704","242011167940.988","253934410909.298","276687288457.805","278721361460.895","271928021154.344","275127632799.525","315192357216.99","314320953162.921","324179759250.257","330833208923.549","",
"Turkiye","TUR","Manufacturing, value added (constant LCU)","NV.IND.MANF.KN","","","","","","","","","18674321816.7222","20859217426.4392","21192964639.4324","23036752719.1869","25547758557.4131","28843420152.6779","30948989787.5273","33641551269.7412","36669291049.6504","39089464161.7971","40340326969.9881","37879567162.8458","36394688112.5584","39830346742.0353","42387455448.8546","45549558919.7654","49762893534.9472","52599378358.0625","58122313030.9594","63969417476.7993","64975698533.7885","66938304166.7207","73418458137.4459","75166072200","79502652200","86893120800","80253048400","91419411200","97780636900","108144667600","108518254200","103144691100","110890644300","101710583100","106180488800","116479647800","132241761000","145064313800","159102568500","169878431800","170306909100","154185819900","168554728800","202959355100","207553787200","227873516300","240559550300","252345369700","264178298600","287261049700","291319885900","286038907200","294305132500","351764466400","363661963700","375917050900","373962964100","",
"Turkiye","TUR","Manufacturing, value added (current US$)","NV.IND.MANF.CD","966666666.666667","1055555555.55556","1166666666.66667","1333333333.33333","1488888888.88889","1755555555.55556","2077777777.77778","2344444444.44444","2755555555.55556","3133333333.33333","2872727272.72727","2686666666.66667","3585714285.71429","4564285714.28571","5878571428.57143","7628571428.57143","9075000000","10144444444.4444","11245833333.3333","17170967741.9355","11759210526.3158","13836936936.9369","12873619631.9018","11806666666.6667","10822888283.3787","12273180076.6284","16800000000","19041540256.7094","20860900140.647","24769792648.4449","33080643924.8754","33487296260.7862","34425640279.3946","37542867546.6545","28825292985.241","60272369942.1965","61106804250.3532","64406950910.348","61442699943.235","51325225235.9814","51419703016.0632","35856042160.9872","40856932802.38","54123932279.9548","69746893837.1996","86237574679.0485","95860052378.3422","115614362157.321","126673971319.732","99477289671.9915","118288323577.419","139547637040.995","141123266134.039","157804005740.195","159311237846.932","145128753323.978","146628443298.065","151818837580.757","149074375389.624","141669660540.81","139644454238.754","185827324491.707","201907315657.997","222184595472.195","228910150844.692","",
"Turkiye","TUR","Agriculture, forestry, and fishing, value added (% of GDP)","NV.AGR.TOTL.ZS","54.9192364170338","51.7385257301808","52.8019925280199","53.3261802575107","50.4970178926441","46.1467038068709","47.2025216706068","44.53125","41.5873015873016","40.8675799086758","39.0839694656489","37.360824742268","34.3133863714977","33.956043956044","36.0024203307785","35.3707725721378","32.519436345967","31.4399318375462","31.803527403755","27.9075627227242","26.1461400221772","24.1627642070624","22.3537484988849","20.9150138791008","21.2014310977356","19.6905586186263","19.5126009949236","17.8184708900603","17.258956312464","16.5859815004054","17.4762288321229","15.2470755823245","14.9836651520805","15.4160185614868","15.4628347718716","11.4932219399825","12.1491868936681","10.5914720419092","12.4484631042041","10.4493651539506","10.01837794564","8.77213969287109","10.1712688801184","9.77425990072158","9.30334217653319","9.1349746278064","8.06197674009426","7.41825141005247","7.38022403324347","8.01952664747498","8.90737962747164","8.1265846445357","7.658344974583","6.64997261417217","6.53828042868413","6.87689834308907","6.26556196399699","6.19642323537778","6.00418639185492","6.6541535628227","6.89122590909685","5.70488171636816","6.69360961922604","6.38984597795627","5.82042467876951","5.20951196750004",
"Turkiye","TUR","Agriculture, forestry, and fishing, value added (current LCU)","NV.AGR.TOTL.CN","37400","37200","42400","49700","50800","49700","59900","62700","65500","71600","76800","90600","99200","123600","178500","228000","267700","332100","503100","775300","1367600","1909100","2345400","2908400","4663700","6910500","9966900","13314300","22302800","37703900","68692100","96074400","163826600","305525000","598168800","1236648200","2476140700","4243436500","8959040200","11232093900","17209365200","21738052000","36912234000","46268264800","54396053000","62388435700","64452247200","66230551400","74482764200","81278723900","104755057200","114908644100","121771460300","121810472400","134842761200","161886253100","164783526000","195282084700","228548107300","292919187600","354326893100","424089491800","1025853071300","1731103146400","2595165873100","3283081630923",
"Turkiye","TUR","External balance on goods and services (% of GDP)","NE.RSB.GNFS.ZS","-1.61527165932452","-1.66898470097357","-2.36612702366127","-2.78969957081545","-0.99403578528827","-0.835654596100279","-1.57604412923562","-0.852272727272727","-1.3968253968254","-1.14155251141552","-1.93384223918575","-2.92783505154639","-2.52507782774127","-2.06043956043956","-5.54659136748689","-6.81042506981074","-5.80660835762877","-6.89198144466534","-3.14179151653075","-2.66369101184263","-6.76595419263564","-4.66776357423111","-3.15281828405863","-4.08462655870212","-4.06689972769138","-3.10552634953199","-2.78958403893554","-2.17660418163885","1.10110698822592","-1.57783673428091","-4.21278979657569","-2.79375144516835","-2.95289417652611","-5.66948207576583","0.978410073484351","0.65522101870179","-0.531495252067271","0.11700413387833","0.93197566539943","-0.00498917662931236","-2.50784216732289","4.64933731885119","2.42764213538544","0.0211661117711708","-1.2845801756369","-2.07123439281512","-3.59430600497415","-3.65230751340748","-2.91849408664854","0.476580482539053","-3.76344510314783","-6.67086901506326","-3.39612506729306","-4.26183338158831","-2.67212467047683","-1.31335609821325","-1.60577894110722","-3.05666052974179","0.630574922822866","3.48130339674987","-2.90984442364009","0.498368961459877","-3.61585073655095","-1.85602311192189","0.537640299510246","-0.235134381841593",
"Turkiye","TUR","Net official flows from UN agencies, IFAD (current US$)","DT.NFL.IFAD.CD","","","","","","","","","","","","","","","","","","","","","","","","1980000.01907349","2289999.96185303","2490000.00953674","3660000.08583069","2450000.04768372","310000.002384186","","2240000.00953674","-689999.997615814","-239999.994635582","1750000","-379999.995231628","-2779999.97138977","-2789999.96185303","-1559999.94277954","-3839999.91416931","3160000.08583069","2109999.89509583","-850000.023841858","-1649999.97615814","-1879999.99523163","-460000.00834465","-310000.002384186","-1500000","129999.995231628","4260000.22888184","2940000.05722046","3529999.97138977","3000000","3269999.98092651","3589999.91416931","1600000.02384186","2441149.95002747","7484670.16220093","9597805.02319336","-2079731.94122314","-1481680.03559113","2125485.89706421","","","36869.9990212917","","",
"Turkiye","TUR","Net official flows from UN agencies, CERF (current US$)","DT.NFL.CERF.CD","","","","","","","","","","","","","","","","","","","","","","","","","","","","","","","","","","","","","","","","","","","","","","","","","","","","","","","","","","","","","","","","10200241.0888672","","",
"Turkiye","TUR","Present value of external debt (% of exports of goods, services and primary income)","DT.DOD.PVLX.EX.ZS","","","","","","","","","","","","","","","","","","","","","","","","","","","","","","","","","","","","","","","","","","","","","","","","","","","","","","","","","","","","","","","","","38.9787467310806","",
"Turkiye","TUR","PPG, IBRD (DOD, current US$)","DT.DOD.MIBR.CD","","","","","","","","","","","53497000","72289000","91849000","141026000","208073000","287880000","391326000","511635000","647711000","890049000","1157517000","1545868000","1962253000","2336134000","2357874000","3431970000","4662039360","6289514648","6129711416","5868682696","6271741095.5","6178839414","5563690340.4","5285053154.5","5194684980.9","4939183444.6","4260440999.4","3586518000","3445771000","2902334000","3633732000","4707443000","5367108000","5213764000","6152862000","5829467000","6854003000","7541306000","8046413000","9768795000","11563202000","12214779000","13152187000","14014024000","12906532000","11713584000","10845424000","12028160000","11676674000","11356771000","11922222000","11178406000","11261816000","12036786000","12065026000","",
"Turkiye","TUR","External debt stocks, short-term (DOD, current US$)","DT.DOD.DSTC.CD","","","","","","","","","","","784000000","939515000","1015000000","1201000000","1323000000","1445000000","1714000000","6093000000","7186007000","3624380622.4","2501458690.4","2201436912.1","1770821175.3","2287257667.4","3184745212.2","4759000000","6349000000","7623000000","6417000000","5745000000","9500000000","9117000000","12660000000","18533000000","11310000000","15701000000","17345000000","17994000000","21217000000","23472000000","28912000000","16345000000","18679000000","27290000000","36705000000","43563000000","49348000000","51794000000","56371000000","56130000000","93001187000","96942410000","114643208000","141904350000","142503631000","104319973000","89936614000","109216835000","92038250000","95443782000","111221212000","118034453000","147790066000","174857263000","178133840000","",
"Turkiye","TUR","Use of IMF credit (DOD, current US$)","DT.DOD.DIMF.CD","","","","","","","","","","","74130000","67448000","0","0","0","243002000","391300000","409100000","622300000","632700000","1054200000","1321800000","1455200000","1567400000","1426200000","1326360000","1085200000","770288401.5","298787116.7","47638300","0","0","0","0","343794664.1","684528650.2","662180593.2","594260953.4","388352987.5","1044688702.4","4322543336.4","14257811723.9","22238983295.8","24258586557.5","21681036821.6","14806725521.4","10930976417.6","7335940846.6","8697377917.7","9637634072.5","7276707540.1","4521414242.9","2510465994.1","1649846877.9","1552148288.1","1484574740.1","1440222944","1525717728.1","1489996731.6","1481462531.6","1543002815.7","7748694528.8","7368067468.5","7428003327.3","7220195307.2","",
"Turkiye","TUR","Net ODA provided, total (% of GNI)","DC.ODA.TOTL.GN.ZS","","","","","","","","","","","","","","","","","","","","","","","","","","","","","","","","","","","","","","","","","","","","","","","","","","","","","","","","","","","","","","","","","","",
"Turkiye","TUR","Net bilateral aid flows from DAC donors, United States (current US$)","DC.DAC.USAL.CD","108000000","162000000","209000000","178000000","123000000","129759994.506836","126830001.831055","102000000","86540000.9155273","79000000","95000000","110000000","165000000","16000000","8000000","8000000","-12000000","-17000000","-30000000","91000000","265000000","47000000","343000000","182000000","109000000","38000000","40000000","-37000000","-57000000","-76000000","-76000000","225000000","-78000000","133000000","-71000000","101000000","-75000000","-86000000","-72589996.3378906","-72779998.7792969","-61930000.3051758","-59509998.3215332","144529998.779297","-43389999.3896484","-29680000.3051758","-14500000","-20120000.8392334","-11819999.6948242","-5440000.05722046","-6539999.96185303","6289999.96185303","11420000.0762939","14079999.9237061","16069999.6948242","73819999.6948242","48004806.5185547","48734443.6645508","41422981.262207","58169170.3796387","64290748.5961914","49649478.9123535","64177207.9467773","66785232.5439453","177162368.774414","","",
"Turkiye","TUR","Net bilateral aid flows from DAC donors, Slovak Republic (current US$)","DC.DAC.SVKL.CD","","","","","","","","","","","","","","","","","","","","","","","","","","","","","","","","","","","","","","","","","","","","","","","280000.001192093","","","","","","39999.9991059303","","","","","2020.00001445413","","1895689.96429443","1861649.99008179","1132781.02874756","992016.017436981","815460.026264191","","",
"Turkiye","TUR","Net bilateral aid flows from DAC donors, Norway (current US$)","DC.DAC.NORL.CD","","-100000.001490116","-79999.9982118607","","319999.992847443","519999.980926514","509999.990463257","","519999.980926514","529999.971389771","500000","-19999.9995529652","449999.988079071","-150000.005960464","-129999.995231628","-90000.0035762787","59999.9986588955","720000.028610229","50000.0007450581","10989999.7711182","10720000.2670288","230000.004172325","","509999.990463257","100000.001490116","79999.9982118607","59999.9986588955","140000.000596046","59999.9986588955","409999.996423721","1549999.95231628","90000.0035762787","550000.011920929","","59999.9986588955","280000.001192093","219999.998807907","680000.007152557","750000","4050000.19073486","1750000","2930000.0667572","4179999.82833862","7340000.15258789","1559999.94277954","1149999.97615814","1840000.0333786","449999.988079071","119999.997317791","159999.996423721","129999.995231628","2170000.07629395","2187726.9744873","3267642.0211792","3219572.06726074","5504428.86352539","9083872.79510498","7703273.77319336","7372951.98440552","7517105.10253906","4997238.15917969","4674920.08209229","4019979.00009155","13155317.3065186","","",
"Turkiye","TUR","Net bilateral aid flows from DAC donors, Korea, Rep. (current US$)","DC.DAC.KORL.CD","","","","","","","","","","","","","","","","","","","","","","","","","","","","","29999.9993294477","9999.99977648258","29999.9993294477","9999.99977648258","70000.0002980232","9999.99977648258","19999.9995529652","4610000.1335144","6699999.80926514","2819999.9332428","","-509999.990463257","-680000.007152557","-519999.980926514","-569999.992847443","-490000.009536743","-500000","-519999.980926514","-50000.0007450581","3180000.0667572","10720000.2670288","24989999.7711182","10260000.2288818","1039999.96185303","","-420955.002307892","-2762660.02655029","-2611879.1103363","-2387417.07801819","-2777780.05599976","-2983083.96339417","894101.023674011","1336676.00154877","1905972.00393677","-155527.994036675","13621843.3380127","","",
"Turkiye","TUR","Net bilateral aid flows from DAC donors, Ireland (current US$)","DC.DAC.IRLL.CD","","","","","","","","","","","","","","","","","","","","","","","","","","","","","","","","280000.001192093","39999.9991059303","","","","","","","800000.011920929","","","","159999.996423721","","","","","","","","","9999.99977648258","1460000.03814697","189999.997615814","469999.998807907","6049982.07092285","14099258.4228516","7164044.85702515","5581230.16357422","6304937.83950806","3408113.0027771","2933125.9727478","6095023.1552124","","",
"Turkiye","TUR","Intentional homicides, female (per 100,000 female)","VC.IHR.PSRC.FE.P5","","","","","","","","","","","","","","","","","","","","","","","","","","","","","","","","","","","","","","","","","","","","1.74106342313997","1.77204926554795","1.75949924703221","1.57718017869523","1.74296100592373","1.59724263240662","","1.73528092432777","1.70155305806281","1.61726949186033","","","1.03236044052925","1.08251519976529","1.02252878095964","0.946767285645243","1.06964306421446","0.897184920771308","1.01033585109181","1.06962678150816","1.67761587576653","","",
"Turkiye","TUR","Travel services (% of commercial service exports)","TX.VAL.TRVL.ZS.WT","","","","","","","","","","","","","","","44.3935926773455","41.2731006160164","36.127744510978","44.7598253275109","60.6217616580311","50.9057971014493","54.6979865771812","33.2167832167832","19.5595175668589","21.9092331768388","25","38.5890652557319","31.8471337579618","38.8318863456985","42.409508373852","40.6453663964394","40.916011164679","32.5125566580914","39.289570287195","37.6402357862712","40.2965587988436","34.2452504317789","43.9620292561469","36.5582415287422","31.0786818516434","32.2646657571623","39.835150503417","53.9225488235686","60.6596079553584","74.182751310945","71.4423371731418","69.7803796087557","67.7625960717336","65.6352396716549","63.7482265633526","64.9960402760493","62.7954178946783","61.4822085889571","64.2997261841514","53.9111206658272","53.470861721103","54.260647526762","47.1421495789995","48.1501781309948","49.5625425091201","54.6825833580268","36.8818946231582","44.9976807792582","49.3990708503552","47.6967635597984","48.1757948261398","",
"Turkiye","TUR","Commercial service exports (current US$)","TX.VAL.SERV.CD.WT","","","","","","","","","","","","","","","437000000","487000000","501000000","458000000","386000000","552000000","596000000","1144000000","1907000000","1917000000","2192000000","2835000000","2983000000","3801000000","5553000000","6291000000","7882000000","8163000000","9262000000","10518000000","10723000000","14475000000","12852000000","19153000000","23093000000","16126000000","19169000000","15003000000","13978000000","17926000000","22831000000","27502000000","25762000000","29603000000","36652000000","35356000000","35966000000","40750000000","48938000000","65122000000","68398000000","61094000000","50475000000","58384000000","64692000000","70869000000","38889000000","62521000000","92773000000","104961000000","116818000000","",
"Turkiye","TUR","Merchandise exports by the reporting economy (current US$)","TX.VAL.MRCH.WL.CD","278800000","311500000","347900000","332700000","371100000","387500000","418400000","453100000","417900000","456320000","506940000","586060000","772880000","1178500000","1333990000","1268080000","1747800000","1564210000","2023290000","1948480000","2553920000","4325330000","5462440000","5503790000","6760950000","7550340000","7052390000.00001","9627820000.00001","10657800000","10484598000","11965125000","12593870000","13593750000","14634241000","17350510000","21184633000","21931014485.4","24907463000","25992716000","25246565222","26109307960","29245282478","33631129159","44617076707","59690923722","69261137933","81035344534","101796066146","126507761871","98809122111","110671763788","131141942409","149043300837","160017768356","165122019566","149757321288","148119844648","163185581325","175727705996","179363192824","168644943749","223623473650","250584418421","250885351949","","",
"Turkiye","TUR","Merchandise exports to low- and middle-income economies in Middle East & North Africa (% of total merchandise exports)","TX.VAL.MRCH.R4.ZS","10.4375896700143","12.0064205457464","7.32969244035642","7.4541629095281","7.94933980059283","7.38064516129032","6.11854684512428","5.67203707790775","8.42306771955013","8.34282959326788","9.96173117134177","11.205337337474","10.8322119863368","14.183283835384","15.8254559629383","17.3648350261813","12.2033413434031","12.9100312617871","15.378418318679","18.7284447364099","21.4251033705049","38.3660899861976","40.5022297727755","38.381188235743","35.2472655470015","34.7560507208947","27.8029150401495","22.8592765548172","22.4902888025671","18.8490679375595","14.2818650034998","14.8879176932905","13.5670657471264","10.8822931097007","9.75123497810727","9.32450422907963","9.93438317434162","7.81867266047931","9.13602102989161","8.22570682680567","6.94165920742389","7.54755937358602","6.83247788718708","8.54735654700947","9.89381821012658","10.7625672945352","10.0604588996095","9.97010647488445","11.4238582718243","17.8243770228167","17.6570848517721","16.6252862246028","22.1004875690614","20.6327946916165","19.6774076464181","18.1014620165833","17.6090755698428","15.9970109730526","15.2381858507898","15.9407119598142","14.8076518867753","14.9003875609013","15.3769316671012","14.2083622603229","","",
"Turkiye","TUR","Merchandise exports to low- and middle-income economies outside region (% of total merchandise exports)","TX.VAL.MRCH.OR.ZS","10.9756097560976","12.6163723916533","7.35843633227939","7.51427712654043","8.35354351926704","8.18064516129032","6.47705544933078","6.2679320238358","8.99736779133764","8.88630785413745","11.4194973764154","12.6642323311606","13.9374805920712","17.9092066185829","18.6305744420873","19.1841208756545","13.2314910172789","15.0772594472609","17.3544079197742","20.272212185909","22.2978793384288","40.3855890764404","43.0443171915847","40.0847416053301","36.9366731006737","36.2542613975","31.2138154583056","26.2053091977207","28.5029743474263","22.4410416117051","18.4091098087149","18.0322649034808","15.9816827586207","17.2311703763796","15.8589344059627","15.0146051621475","13.8894037620916","11.4790856057881","12.3338399880951","11.8971815436605","10.1547036829237","11.3669382318353","10.8981794267802","12.8436961964856","13.5518712839396","15.0851174133278","14.4179887494621","14.7190779430613","17.2186211951264","24.8204285191901","24.9643518665921","24.4424284040498","29.7185274965436","28.937351151519","27.2142752287732","25.4656125897572","24.7855065411694","23.5408968507408","23.6523584516298","24.2505028139641","23.5777083499047","24.004041920042","24.256551059324","21.9914933866747","","",
"Turkiye","TUR","Ores and metals exports (% of merchandise exports)","TX.VAL.MMTL.ZS.UN","","","6.58024274284463","4.43442418739891","5.90416289813954","7.60180259201428","14.0512917299133","6.74326705738528","7.73896723920117","6.90190544461114","7.57919331195005","6.00333470757658","4.39545822641261","4.22966400972954","7.23634524338659","8.36681101702193","6.39486430870467","8.22011614612852","5.70353879945651","6.36419117591284","7.03440716734989","4.57126107846751","3.64673717823316","4.45949226098386","4.44651963826751","4.30408871960411","4.65153120042071","3.82529824194316","","5.9110542332822","4.47239868523898","3.37041967517524","2.91049650236219","2.59469081658141","2.62345553332915","3.30526954295593","3.06030333573608","3.04631392332155","2.87914953975665","2.78892828430064","2.58742298214187","2.22073372004527","2.00856035026057","2.00613415868092","2.17626873029513","2.46801961858388","3.30022892926736","3.46792498148786","3.30885763140431","3.06416488010223","4.33438550944431","4.16567762541554","3.9116817174711","4.12529656355575","3.77275740316469","3.54672011566835","3.44890074870409","3.91929179921383","4.06888580471921","3.71998956366181","4.03207772591812","4.95569588303999","5.23576905684485","4.3728944868115","4.29374178896157","",
"Turkiye","TUR","Fuel exports (% of merchandise exports)","TX.VAL.FUEL.ZS.UN","","","1.61634257384799","2.48647582887554","2.28579842722906","1.23025550928896","0.682426601629077","0.0856127719834356","0.268669886837478","0.739954865036812","0.623186473666096","0.436261584861121","2.52545305541889","3.71546582655139","5.58634528500394","2.57320676820868","0.826897590524693","0.00401905331208646","0.155738305357127","0.092020676453383","1.42762555785994","2.28087086636638","5.99971117050575","4.10765460651504","5.70405305893068","4.68159841868101","2.42342757663285","2.29095453375161","","2.22285210001153","2.28672641443985","2.1360114238579","1.58431168593657","1.14999600461613","1.34672958634563","1.3351202005954","1.15433351411723","0.733053541974595","0.963152688359028","1.26662402852161","1.06880006174656","1.41871774710539","1.91007933015807","2.07422147897293","2.26412471797319","3.59438376037657","4.16931750474639","4.79888088392976","5.70452546862763","3.83892447047593","3.83635976512141","4.75328243521876","4.90475359189769","6.11133521147795","4.36813821626103","3.26418101924191","2.13742856858285","2.75372472293348","3.12270042185464","4.49416367984142","2.69239035084596","3.69000155336288","6.32564856668837","6.36477511937887","6.16442555598186","",
"Turkiye","TUR","Export volume index (2015 = 100)","TX.QTY.MRCH.XD.WD","","","","","","","","","","","","","","","","","","","","","","","","","","","","","","","","","","","","","","","","","","","","","","53.9","60.6","67.4","71.8","66.3","71.5","76","88.3","87.8","97.4","100","103.8","112.4","117.8","125.7","119.6","144.7","149.4","149.5","151.7","",
"Turkiye","TUR","Transport services (% of commercial service imports)","TM.VAL.TRAN.ZS.WT","","","","","","","","","","","","","","","53.2797427652733","57.741935483871","51.9724770642202","38.4590690208668","64.9586776859504","66.1433447098976","61.6523605150215","67.7777777777778","32.6421052631579","29.6551724137931","39.1787852865697","40.359477124183","42.3136645962733","39.7427652733119","33.6860670194003","30.2536231884058","32.2118826055834","29.4438758103036","29.7528227036924","33.249791144528","27.8818022235225","30.3394929093253","28.8531653960888","23.1292517006803","25.987922449412","25.7190200023671","33.4076600209864","37.6886206284396","36.3867222927626","40.8997655334115","47.0249520153551","47.8430643361845","42.8467683369644","46.6983659255291","47.405674173735","40.6473018655315","43.648349273248","44.0856369117572","46.01287001287","25.2614002305888","23.4098972922502","21.220778175673","28.5615939094517","29.7630331753555","33.7909337909338","34.5717793183131","34.7345998348042","37.5702610434843","42.8186465862442","37.8211462450593","39.1958509721993","",
"Turkiye","TUR","Merchandise imports from low- and middle-income economies within region (% of total merchandise imports)","TM.VAL.MRCH.WR.ZS","","","","","","","","0.0161576991436419","","0.00588200694076819","0.0111909676456691","","","0.0244208376347309","0.074692779792621","0.0120821857121442","","0.0559502337394633","0.0125202584737805","0.0711630714489945","0.068080775921862","0.0593539441882992","0.0256740017013463","0.00473602439630127","0.00696588332448296","0.00686535441216578","0.00393640733943148","0.00733499998270047","0.00646193114812362","0.00571280988835457","0.00711124458085722","0.00312260630745517","","2.875169714879","3.55035754631636","3.69029846960996","2.62030350714144","3.09241323643015","3.52010269917332","3.53947638898339","3.46430758461538","3.00542193540192","3.38116526823388","3.4784555680434","4.08687966855198","3.82403557825772","4.07977779919515","4.6592725291744","5.68912138549714","4.83807139776172","5.24225139710324","4.35919071769105","4.19611615183295","4.22815093719595","3.95011270476477","3.98809505505477","3.51519523039731","3.49952114057534","3.53054671008359","3.9909878948236","3.52488628384033","4.76827924670226","4.36568044244235","4.23230722768816","","",
"Turkiye","TUR","Merchandise imports from low- and middle-income economies in South Asia (% of total merchandise imports)","TM.VAL.MRCH.R5.ZS","1.59325210871603","1.46871008939974","1.05829285218598","0.813526878289998","0.249428393265433","0.245839636913767","0.349331713244228","0.436257876878333","0.734658599827139","0.572025174989707","0.476237845365696","0.23917171060223","0.323925860333462","0.224782710046955","0.216694262288098","0.336063758141491","0.461108264763798","0.51017778922958","0.472755685704415","0.459171246730417","0.289663092544373","0.325853153593763","0.24739326063371","0.198450973484039","0.329314658035702","0.187621671948914","0.42257332788797","0.469163206440653","0.293556300729044","0.403630371374752","0.915945921064989","0.93635227190566","0.673559530584795","0.610973564411788","0.738430185890509","1.16497428792654","1.01615266864776","0.806749664933995","0.806763980035635","0.763874142388814","1.07593234745378","1.20262923241824","1.456912499266","1.44083071066889","1.45643188891058","1.4971661667504","1.57370626095062","1.86842032872935","1.79858219612202","2.25457660598121","2.81676959473205","3.64261290167911","3.26160771975698","3.30785168553552","3.65677691265173","3.36538833231497","3.5020784296836","3.2177124093777","3.90897242843723","3.89681578936866","2.81970022978961","3.59768517880669","3.63130107457861","2.72805163074926","","",
"Turkiye","TUR","Merchandise imports from low- and middle-income economies in East Asia & Pacific (% of total merchandise imports)","TM.VAL.MRCH.R1.ZS","","","","","","","0.394896719319563","0.193892389723703","0.187265917602996","0.449973530968767","0.223819352913382","0.0776259060726537","0.437451278674629","0.520052837812337","0.519157420003465","0.828748442181148","0.308640070123024","0.268892406228144","0.383954593195935","0.217089726890534","0.277724083823212","0.27813258246637","0.393865215040469","0.659115980616953","0.881537582454858","1.50426498387112","1.86713641127584","2.05099362723822","1.79549372615721","1.54175685045913","2.89729625391088","1.96152068831464","1.6429225453014","1.01429598274898","3.2054243135067","2.94029294472062","2.6629546746196","2.92642384715837","3.29146423789024","3.7753866262161","4.0636110245694","3.92685877282812","4.45026232723276","5.68153911972373","6.68265152538587","8.0857705219648","9.32171370821765","10.4423418737815","10.3389559374516","11.5951680094464","11.9638940368456","12.1188867635349","12.1750863464106","13.0276963756674","13.8450712332902","15.610142780837","16.3087726498006","14.4227435124855","13.0552341532927","12.982018477391","14.1355553885422","16.4882721014879","16.1231246654691","16.8170964017046","","",
"Turkiye","TUR","Merchandise imports from economies in the Arab World (% of total merchandise imports)","TM.VAL.MRCH.AL.ZS","3.28022492970947","3.23541932737335","3.92088827203331","3.62099218376137","6.69299521928913","10.2307110438729","6.83475091130012","7.17401841977702","8.11005473926822","7.31721663431563","6.88617542463505","10.1050047729442","8.89585178121381","11.5116498495898","19.6714653700985","18.2270958676687","20.1173655306654","19.845952810395","14.9589265965068","19.2333026230793","30.6514150567956","36.1374115032692","35.558019102877","27.8897545930773","22.472444378936","22.2966961657466","17.8010244500101","15.2929367563846","15.947738362562","17.5253848075752","16.0888996604368","14.7077219539133","12.7430518085751","7.24383036498682","10.473301830241","8.59569900080975","9.50660074930978","7.65991549699871","6.05194718960614","6.29689518302028","7.70311191592774","8.8224448969878","7.34953438426125","6.27481506842624","5.93089581933998","6.34623041949405","6.04671736134642","4.72809344286688","5.89288183404605","5.46141013071616","5.57661154374866","3.77878103740524","4.73468416647255","5.15094225298355","4.78167302576721","4.38656088611286","5.51944916116907","6.48155400369247","6.37472360009388","7.37141267150551","10.5585379269352","6.4170648654776","6.21761509977008","7.77341129894661","","",
"Turkiye","TUR","ICT goods imports (% total goods imports)","TM.VAL.ICTG.ZS.UN","","","","","","","","","","","","","","","","","","","","","","","","","","","","","","","","","","","","","","","","","10.14","6.83","6.35","6.08","6.38","6.11","5.52","5.01","3.89","5","4.44","3.8","4.15","4.57","5.08","5.55","5.22","4.59","3.89","3.93","4.4","3.9","2.97","3.83","3.92","",
"Turkiye","TUR","Import unit value index (2015 = 100)","TM.UVI.MRCH.XD.WD","","","","","","","","","","","","","","","","","","","","","72.8","102","147.7","184.1","267.5","92.7","78.1","83.4","82.8","68.9","72.8","70.9","68.9","64.9","68.9","80.8","76.2","69.5","66.9","63.7","66.2","66","65.2","72.6","84.2","90.1","97.9","107.4","128.9","103.7","112.4","129.1","125.7","123.7","120.6","100","91.5","98.3","104.9","100.6","94.3","116.3","148.2","130.7","131.7","",
"Turkiye","TUR","Tariff rate, applied, simple mean, primary products (%)","TM.TAX.TCOM.SM.AR.ZS","","","","","","","","","","","","","","","","","","","","","","","","","","","","","","","","","","6.37","","9.57","14.1","14.56","14.01","16.09","14.32","12.3","11.5","11.59","12.85","12.69","12.58","13.66","13.07","13.7","14.3","13.83","","14","","15.73","14.46","14.43","13.18","20.69","19.82","22.91","21.87","","","",
"Turkiye","TUR","Tariff rate, applied, weighted mean, all products (%)","TM.TAX.MRCH.WM.AR.ZS","","","","","","","","","","","","","","","","","","","","","","","","","","","","","","","","","","6.1","","6.74","3.19","5.65","3.2","5.34","2.38","1.95","1.84","1.92","2.18","1.5","1.47","2.06","1.97","2.21","2.35","2.65","","2.78","","3.19","2.74","3.45","2.5","3.13","2.85","3.22","4.31","","","",
"Turkiye","TUR","Binding coverage, all products (%)","TM.TAX.MRCH.BC.ZS","","","","","","","","","","","","","","","","","","","","","","","","","","","","","","","","","","","","51.76","51.22","51.22","51.22","51.22","51.22","51.22","50.31","50.31","50.29","50.31","50.31","51.05","51.05","51.05","51.05","51.05","","51.99","","52.03","52.03","51.77","51.77","51.76","51.76","51.76","0","","","",
"Turkiye","TUR","Tariff rate, applied, simple mean, manufactured products (%)","TM.TAX.MANF.SM.AR.ZS","","","","","","","","","","","","","","","","","","","","","","","","","","","","","","","","","","7.47","","8.57","3.32","5.76","3.2","6.18","2.34","2.1","2.03","1.73","2.28","1.4","1.27","1.4","1.39","1.22","1.2","1.18","","1.1","","1.2","1.07","1.38","1.41","1.33","1.38","1.83","5.48","","","",
"Turkiye","TUR","Merchandise trade (% of GDP)","TG.VAL.TOTL.GD.ZS","10.4273127753304","10.6898470097357","11.2079701120797","10.1974248927039","8.48111332007952","8.65738161559889","8.57446808510638","7.71519886363636","7.2","6.87328767123288","8.59847328244275","11.4309278350515","11.8547215496368","13.0884615384615","14.9939491730537","13.3354017995656","13.7784256559767","12.8639591025277","10.4487009292623","8.1804470681401","15.7213321607464","19.1570180989748","22.6645222165037","24.2105811963353","29.8493755995108","28.7092191306578","24.529212420687","27.9251946216571","28.6073724409845","25.5929420531673","23.4057169868636","22.9364462371982","23.6240555787255","24.8154598761945","31.6692371071244","24.4180192067432","26.7099934504099","28.3605085927514","26.3741560727778","26.0303013994358","29.9466643227571","35.9716962025063","36.3874593677923","36.96754113003","39.1818460829551","37.4276375079992","40.2222304013166","40.4733614674588","43.0724957928678","37.1728189510187","38.2631983885514","44.5098714706441","43.9393271059047","43.8908960214863","44.3200414890376","42.127998826981","40.356996889786","46.6746025679768","51.7939217091211","50.4190777485282","53.0452584845517","59.1281267096302","66.7187866723343","54.1159133718109","44.5719524533367","39.9883370372212",
"Turkiye","TUR","International tourism, receipts for travel items (current US$)","ST.INT.TVLR.CD","","","","","","","","","","","","","","","","","","","","","","","","","","","","","","","","","","","","4957000000","5650000000","7002000000","7177000000","5203000000","7636000000","10067000000","11901000000","13203000000","15888000000","19191000000","17457000000","19430000000","23365000000","22980000000","22585000000","25054000000","25345000000","27997000000","29552000000","26616000000","18743000000","22478000000","25220000000","29829000000","10220000000","","","","","",
"Turkiye","TUR","International tourism, receipts (current US$)","ST.INT.RCPT.CD","","","","","","","","","","","","","","","","","","","","","","","","","","","","","","","","","","","","","","","","","","","","","","20760000000","19137000000","21662000000","26446000000","26331000000","26318000000","30302000000","31566000000","37984000000","40028000000","35648000000","26505000000","31993000000","36791000000","41415000000","13771000000","","","","","",
"Turkiye","TUR","Urban population (% of total population)","SP.URB.TOTL.IN.ZS","23.4345579338827","23.7514562697098","24.0833130624077","24.4553078110078","24.892620014542","25.4193410011757","26.0977040991082","27.0004184794099","28.0515225120533","29.1649120669196","30.2468080255786","31.279319619358","32.3225319535392","33.3719982251986","34.4070509391018","35.4068251205183","36.347323423289","37.2244889725679","38.0782656313228","38.9503219426115","39.8841220064036","40.9144550811789","42.0429987358218","43.2263878528967","44.4221550607045","45.582834481705","46.7101642352311","47.8402720388107","48.9560069523597","50.0297583282219","51.0313960347918","51.9490865526896","52.7929785448463","53.5827837920161","54.3347787764387","55.0652399803539","55.7904438860013","56.5266669756207","57.2901857314518","58.0972766357343","58.9706120006403","59.8722461417316","60.7385342729423","61.5845060653258","62.4388481173262","63.3302470273874","64.2873893939536","65.3389618154687","66.513650890377","67.8401432171223","69.3471253941487","71.0028723528334","73.7788680234324","78.5218368384696","83.6024850744433","87.2167107972537","88.1020958581776","88.0320472717286","88.1655749576173","88.6618152857124","88.9303114965222","89.1762048153239","89.0381164550781","89.0218446796121","89.3443122873887","89.494060002186",
"Turkiye","TUR","Rural population growth (annual %)","SP.RUR.TOTL.ZG","","2.33338187075092","2.2637521778688","2.1826085970797","2.04118184895144","1.80746505115406","1.62735486264001","1.36751107709385","1.0762116855194","0.890256104226536","0.810104456289218","0.88254570568733","0.871018565526557","0.750317382977005","0.648908429906979","0.538598434552881","0.57510899005077","0.675225064793529","0.648790148231521","0.544450136261314","0.456879234132337","0.260559362660204","0.209286968717674","0.287181689089316","0.170200150266745","0.109883643303273","0.0355198513720467","-0.105791998884031","-0.165172107404501","-0.165940425344226","-0.152744720280215","-0.132424157010695","-0.0670596176856574","0.037851633227251","0.105156262783632","0.0241812840302099","-0.120026575481467","-0.234103403048638","-0.3792901421662","-0.57127315923752","-0.823248786581672","-0.977757561203027","-0.976596464859825","-1.01732315568588","-1.13357162115408","-1.33316672982717","-1.61768070259315","-2.82790749479304","-2.18223350912452","-2.66158713067721","-3.27981937058656","-4.08519679776903","-8.78839183447219","-18.6684755131219","-25.6416069119735","-23.5649891885483","-5.83222194410733","1.88377863531677","0.231623931659625","-2.85395799194403","-1.42617285655531","-1.3359192617075","2.25230452706457","0.55472031193315","-2.75578594443921","-0.995334865692085",
"Turkiye","TUR","Completeness of birth registration, urban (%)","SP.REG.BRTH.UR.ZS","","","","","","","","","","","","","","","","","","","","","","","","","","","","","","","","","","","","","","","","","","","","87","","","","","94.6","","","","","99.1","","","","","98.6","","","","","","","",
"Turkiye","TUR","Population, male (% of total population)","SP.POP.TOTL.MA.ZS","50.9272959613197","50.9105664097392","50.8665370577301","50.825817076347","50.7867067993027","50.7469341452328","50.7182993430039","50.7015713344169","50.6858145787013","50.6701059417666","50.6672332115233","50.744045401894","50.8812894934952","51.0118477890863","51.1411075100931","51.2486929436581","51.2191209614992","51.0807069401102","50.9494079386223","50.8239383628498","50.7422633525613","50.7038322913588","50.6690109415272","50.6360969423113","50.6048363590078","50.5754450613336","50.5485964131481","50.5242643163176","50.5016024410928","50.4803396608477","50.4601974731087","50.4407840696123","50.4215856225711","50.402662464709","50.384655586304","50.362429006591","50.3364619604865","50.3126423659943","50.2914227631262","50.2730264010413","50.2562667706743","50.2391209810931","50.221374594109","50.2032743408325","50.1849098424106","50.1662992019407","50.1471896442403","50.127928973932","50.1322881578815","50.1597546992716","50.1874840594546","50.1904899458403","50.1702663153717","50.1529828050932","50.1380091079322","50.1231918434105","50.1072673120129","50.091480682345","50.0764973754728","50.0559908669486","50.0260013474935","49.9898547927778","49.9570840159014","49.9338751361127","49.9138181996313","49.8925032308106",
"Turkiye","TUR","Population, total","SP.POP.TOTL","28329898","29119238","29916147","30726841","31543072","32345220","33177672","34050421","34921684","35787774","36638465","37518611","38430221","39329533","40210234","41053126","41899984","42773298","43645306","44510429","45408815","46321190","47322096","48447410","49574069","50687115","51777772","52843670","53909626","54976723","56015628","57009887","57990118","58999167","60033836","61024503","61951134","62852966","63734383","64591923","65425961","66245128","67048795","67831730","68592617","69329557","70045349","70158112","71051678","72039206","73142150","74223629","75175827","76147624","77181884","78218479","79277962","80312698","81407204","82579440","83384680","84147318","84979913","85325965","85518661","85878556",
"Turkiye","TUR","Age dependency ratio, young (% of working-age population)","SP.POP.DPND.YG","78.0505715203595","78.6649098201592","79.3873761942129","80.0539177165299","80.6494638790823","81.054411161687","81.3670560155874","81.6119393511216","81.6649731139419","81.5147756609102","81.0780247095029","80.496500964155","79.8783130402222","79.1704007279572","78.3346493720735","77.2044012631358","75.9372644386979","74.7358367980582","73.5965087666939","72.5476083452548","71.667964917176","70.9821214633098","70.0789643468577","68.8738408688875","67.6331192161549","66.3823388413979","65.1437221872691","63.9180457388044","62.6882990713274","61.4802571511476","60.249036271601","58.9916930399561","57.740001641032","56.4724285040304","55.2042199060309","53.863877342275","52.4352996303874","51.028442637623","49.6855733076844","48.4156496108513","47.2317315950749","46.1369864916315","45.1338009163314","44.215381440172","43.3697554029757","42.5923696228171","41.8600184121342","41.1550117667817","40.3919396755528","39.5461695129669","38.7015390945362","37.9156182469198","37.1699787632293","36.4026676509529","35.595540567361","34.8265230874707","34.29361873325","33.9307691237472","33.6525028878303","33.513323540076","33.3545512524299","33.0443423061081","32.588535325136","32.0422108008297","31.4191843644063","30.7324731826571",
"Turkiye","TUR","Population ages 80 and above, male (% of male population)","SP.POP.80UP.MA.5Y","0.450052472159189","0.445784349152422","0.441290272891894","0.446102007739175","0.458595073761736","0.474665012002559","0.485313869076415","0.495502270217006","0.515487273125827","0.544226956843839","0.577859064272546","0.603990537995444","0.629962192756213","0.669777029003767","0.719572060992051","0.767389315667825","0.772042388813634","0.74698029461708","0.734704828215446","0.73302909052483","0.714798423589546","0.679122880120014","0.651154629993163","0.630092404666288","0.612912081483877","0.598796952662886","0.587480877671466","0.578303382103115","0.570608691020919","0.563770319769942","0.557587737446121","0.551555176669602","0.545696055310315","0.540685613415259","0.536828388233918","0.537615043323194","0.543523765658226","0.551655641275017","0.561769271125558","0.573654837163745","0.587552324853958","0.604292783533653","0.624450103706025","0.648436681670497","0.677165068860795","0.712005416319934","0.754712184353401","0.807819002324309","0.858346500505438","0.900871530317307","0.944134804861321","0.972150266474454","0.989501197091938","1.0138171482582","1.03843822951032","1.05667316383383","1.06736066846964","1.07412839684735","1.08134802953325","1.12747721248355","1.20565086594803","1.27451948808764","1.29956573842316","1.2994846760924","1.31157837029754","1.32727090196147",
"Turkiye","TUR","Population ages 70-74, male (% of male population)","SP.POP.7074.MA.5Y","0.919754712669443","0.951492060348461","0.9791186456895","1.00881926864077","1.04052276174168","1.07351817015838","1.10197498370416","1.12429560107063","1.14502602774862","1.16624552635499","1.18924324121662","1.20562006576109","1.21180328573089","1.21216605633488","1.20666456314819","1.19810455635163","1.192080249931","1.18679413790248","1.17795655718432","1.16655044843939","1.15237050289476","1.13638964246811","1.11980587912788","1.10422854703582","1.09217659894454","1.08494231025939","1.08334421925976","1.08701020011124","1.09460068741397","1.1051588209201","1.11851168610576","1.13412971368","1.15103737791744","1.16853492171232","1.18651111022253","1.21037937135669","1.24188169648104","1.27797693756869","1.31962671241766","1.36732171289056","1.42059404793933","1.47817506520994","1.53739841233702","1.59440448098681","1.64604667272829","1.69059595836093","1.72690000045408","1.75435190690097","1.76463752567954","1.75711910610791","1.74163368685002","1.7257227004427","1.71913956438388","1.72545700565412","1.73770234248015","1.75338238839163","1.7805239747668","1.8168424012142","1.8613729348143","1.93790624036717","2.05325359195738","2.19711362110201","2.3532131272015","2.51446826046998","2.67589769443645","2.81670867729406",
"Turkiye","TUR","Population ages 65 and above, male (% of male population)","SP.POP.65UP.MA.ZS","3.38558924110377","3.46163572599344","3.52942517822469","3.6103120617003","3.70170442770171","3.79940974914567","3.88723843129361","3.967710795904","4.05448143933958","4.14511586519312","4.23351847606209","4.2842644761114","4.30345929056985","4.32369556642652","4.34223790132625","4.3538081942839","4.32936492801865","4.28114400068507","4.24595231947726","4.22503962798792","4.18395560941209","4.12291790748847","4.07314098244373","4.03368221544229","4.0045299381027","3.98536834108868","3.97678907797012","3.97821998158687","3.98796153199836","4.00532940594243","4.03183070981714","4.06668334826662","4.1070469070697","4.15072876095748","4.1968614520808","4.26882174070951","4.3714151698712","4.48644978636349","4.61287343234291","4.74856673287897","4.89150061102814","5.04074700947719","5.19445108060649","5.3500555841884","5.50594842545319","5.66092408231754","5.81323979062725","5.96113380033812","6.06283538240974","6.12966964614098","6.21628274322457","6.28206564830484","6.32710293837633","6.39470088507612","6.46987959305445","6.55170848102229","6.67455556162389","6.83927190689021","7.04133122004758","7.38029563928734","7.82669945278226","8.25849246111019","8.58054991398451","8.82355381046203","9.07370119718243","9.32982797517828",
"Turkiye","TUR","Population ages 65-69, male (% of male population)","SP.POP.6569.MA.5Y","1.50805560794339","1.5431808751961","1.57145731689205","1.60190054944661","1.6340268299857","1.66588000060314","1.6910348730146","1.7114244337751","1.73252039226365","1.75207181897707","1.76464859153048","1.75233181275345","1.7200653019101","1.68654586567431","1.65334169488817","1.62231526921152","1.59516627604367","1.57156860461141","1.55275263771227","1.54198663700728","1.53582492012985","1.5332709559701","1.53563707984915","1.54142092179001","1.55089252440629","1.5633385675356","1.578347894239","1.59553161705256","1.61419418939605","1.63411598113196","1.65594417934891","1.67957317221071","1.70378210845131","1.72739645221231","1.75010339167507","1.78397478809877","1.83160061299367","1.88306838868186","1.93600721905968","1.9874222699374","2.03489311006846","2.07693615901219","2.11250605885431","2.14104326663123","2.16270344634132","2.17801443628388","2.18745781676643","2.19143914221484","2.19102895937929","2.20071615394444","2.23494276070092","2.27972990611768","2.32576536876089","2.37986195613235","2.43948269956931","2.50899473501063","2.60555586725553","2.72701225110537","2.86563431614226","3.04922257088457","3.25563638775876","3.42691913915875","3.51745243815601","3.54005613005699","3.54693364289046","3.56404365740558",
"Turkiye","TUR","Population ages 55-59, male (% of male population)","SP.POP.5559.MA.5Y","2.93456294444605","2.93377252623633","2.91443138300151","2.88684862710064","2.85324221046003","2.81407128550069","2.76468955544853","2.70905544242579","2.65791222089519","2.61609832255442","2.58410017056948","2.55194215939887","2.52525948610736","2.51690928371806","2.52542816598273","2.54863180215988","2.57960285596949","2.61374449783589","2.65221623278707","2.69543255846583","2.72993539775972","2.75356156528025","2.77474370077653","2.79265818947901","2.80923767434265","2.82452853755889","2.83869555793452","2.85205270162034","2.86443179073818","2.87613665920828","2.8887308286595","2.90247320107228","2.91617818708962","2.92920624895764","2.94219671840055","2.9652148725905","2.99586239857743","3.02308240095651","3.04759209517458","3.07087908795166","3.0962211022253","3.12879852961016","3.17512846746025","3.24224654383868","3.33501505077558","3.45423805542671","3.59724452481468","3.75900407839343","3.94113999511314","4.14340433260357","4.34522950241529","4.48210600377879","4.52883095098239","4.52233534078498","4.48602493479075","4.45619379038642","4.48484888184147","4.5836921388261","4.73964429005903","4.95162285037304","5.18009550937906","5.36642754025177","5.46176159870966","5.4656213010263","5.42186510427169","5.36644677775356",
"Turkiye","TUR","Population ages 45-49, male (% of male population)","SP.POP.4549.MA.5Y","3.84600029485049","3.80014690279491","3.76148987718458","3.73091011123143","3.70863028043992","3.69843015570505","3.70037971073119","3.70778700086773","3.71677606192875","3.72834770702928","3.74608321532522","3.77253192294619","3.80357160893469","3.83474644753455","3.86641997940231","3.90170905102076","3.93820529599462","3.96905968230991","3.99186482922368","4.00725781705811","4.00849364543333","3.99774663176821","3.98595349550277","3.97536421793717","3.96710200317082","3.96221076039329","3.96148128121808","3.9659404382031","3.97646851403432","3.99393040679509","4.0208491619839","4.0575322892154","4.10233582016022","4.15383766666421","4.21229561124221","4.28672895585789","4.38454048676038","4.50432444106287","4.64304228306381","4.795371219926","4.9539248711841","5.11107849320497","5.25854875889317","5.38796917778421","5.49599581885942","5.58602487099473","5.66420962475859","5.73773127683403","5.82798372542545","5.9810749038525","6.19715118060961","6.35823821617208","6.3917455981927","6.33173244007402","6.21234219913014","6.08320132378243","6.00383532329159","5.99747898956737","6.06594909243787","6.19480542444391","6.35893542969062","6.54723034091342","6.76499928739563","6.99665757892021","7.21291262538845","7.39561676853769",
"Turkiye","TUR","Population ages 35-39, male (% of male population)","SP.POP.3539.MA.5Y","5.37205606096238","5.38535204157313","5.38065931240926","5.37162051403942","5.35776976430502","5.34415383746063","5.32892034638186","5.3053132198012","5.27119535556944","5.22818753566219","5.18728328669032","5.17174169623642","5.17877030760145","5.18991154814166","5.20444057499922","5.22253220721586","5.2274673685913","5.21790727891464","5.20836745903808","5.20069586386516","5.19868944074336","5.20222823902896","5.2232209027428","5.26658415633732","5.3227370628875","5.39164378214765","5.47247716219238","5.56388976007623","5.66561525203189","5.7754208355724","5.89240527791444","6.0125100871604","6.13173012965287","6.24945196919752","6.36530709141675","6.49191944847534","6.62756029861331","6.75763614182132","6.88154604783688","6.99885447030353","7.10408183586174","7.18781784304964","7.24605046149007","7.27778900349562","7.28301015395369","7.26818352664446","7.2420467198524","7.21269997449797","7.18038140321628","7.19301556428235","7.30338879535077","7.48638069870059","7.68882525156067","7.87992212305112","8.049831703651","8.18499691963862","8.2682224937237","8.29215257261151","8.26169141090945","8.14807093894619","7.95950964412725","7.7484338254993","7.5987021437763","7.52583954164374","7.49017968134684","7.4876463063129",
"Turkiye","TUR","Population ages 25-29, male (% of male population)","SP.POP.2529.MA.5Y","7.429251650182","7.36028332043488","7.27338238800187","7.18704889388396","7.1045484780977","7.03100956899686","6.96271439643245","6.90278441124511","6.85919874985452","6.83201881049888","6.82686249548581","6.85504744461875","6.90971329474832","6.97604759154933","7.05266935838253","7.13852084755827","7.21524708988645","7.28278440340918","7.35494727026328","7.42966340196924","7.50967137023125","7.58514896471793","7.67790597222295","7.79647200267342","7.91534952716514","8.03570000570309","8.16024200875889","8.28861874725773","8.41959616495364","8.5471756687021","8.66438994131966","8.75250547842069","8.80702556952252","8.84070217687125","8.85730309053623","8.85329983755144","8.83766420154638","8.82031911689814","8.7967501752102","8.76803544089898","8.73886571449965","8.72592806039006","8.74740200380862","8.81645219150467","8.93060375108688","9.06145897194435","9.17474289428124","9.23482813522045","9.19144244101002","9.04317919209761","8.84541990798486","8.66227483205309","8.52540398216544","8.43310415970145","8.40879584377301","8.43709210893897","8.43542227326905","8.41296255272664","8.3826765118711","8.265172385413","8.11269796523567","8.02326441795923","8.01017095733595","8.03448225575175","8.06264033525542","8.06838568512615",
"Turkiye","TUR","Population ages 15-64 (% of total population)","SP.POP.1564.TO.ZS","53.8279849467163","53.6116552912545","53.3669242232297","53.1350733386488","52.9208941202541","52.7623370624779","52.6451177767988","52.5598559771132","52.5291950411097","52.5566929644744","52.6658997950091","52.8172964612149","52.9807101551667","53.171790776158","53.4031504691461","53.7291270617355","54.122259878163","54.5161387835934","54.890552262367","55.2345456473297","55.5310366992506","55.770471831893","56.0801586218835","56.4906085125024","56.9131126102125","57.3397578457563","57.7628011881237","58.1819752488803","58.6039285581027","59.019641821867","59.4446281977293","59.8804189887237","60.3171566258682","60.7650977512954","61.2189737568908","61.691086297672","62.1855667903155","62.6716120286193","63.1333922225308","63.5687326073937","63.9724828499464","64.3418728091219","64.6746398300324","64.9727698598633","65.2407532431661","65.4804181532591","65.7028972351691","65.9178448359424","66.200153590565","66.5575162732695","66.9098375689868","67.2385009847645","67.5506129393903","67.8629529763027","68.1990081161611","68.5188387624971","68.6855786915971","68.7322045337867","68.7066114748183","68.5155348426091","68.2662379795384","68.1089016969559","68.0907133995488","68.1592433612863","68.2669114485188","68.4061556592084",
"Turkiye","TUR","Population ages 15-64, female (% of female population)","SP.POP.1564.FE.ZS","53.6571946370542","53.4423244403133","53.2281052945746","53.0351682660505","52.8610078556","52.7308449478651","52.627187006065","52.5594288874341","52.5634729786479","52.6394506966693","52.7923524995631","52.9279536982126","53.0247525372715","53.1474785020864","53.3102611054767","53.563009794775","53.9054940606475","54.2908289582566","54.6945725043167","55.1069338952607","55.4203582725887","55.6131487815931","55.8866541257887","56.2709256003394","56.6738387832741","57.0862802677372","57.4993238581698","57.9115280481551","58.3283065201968","58.7398663322177","59.1608474239182","59.5933913395199","60.0281931698736","60.4728628484255","60.9193804309502","61.3855586960657","61.8762617871553","62.3567436127676","62.8137154685604","63.2467842813215","63.6506750103559","64.0213698162714","64.3555427559272","64.6529371405138","64.9164236476101","65.1482595224867","65.360050917","65.5625920324151","65.827264290036","66.1679794150386","66.5134095201946","66.8277159133543","67.114032497616","67.4009177770183","67.7152776163491","68.0172392667214","68.1635372649598","68.1880395700792","68.138813073684","67.9109602372271","67.617623412696","67.4255576817461","67.379719435518","67.4210361312686","67.5054275297052","67.6237065221518",
"Turkiye","TUR","Population ages 10-14, male (% of male population)","SP.POP.1014.MA.5Y","11.6303825203424","11.7754111379408","11.8446574124674","11.9148747071172","11.9973560034378","12.116003772951","12.2202649687917","12.2883943230514","12.3554208563225","12.4227825943769","12.4911062969357","12.5191635111463","12.5643426972031","12.7150022991646","12.9397654639305","13.1221041988284","13.0185456476501","12.7003104000233","12.4355840667629","12.2891840441631","12.232681339087","12.212935208191","12.1847990198201","12.1262872740522","12.0479404431249","11.9410359195473","11.8200567250057","11.7053356797742","11.6169434779694","11.5749314479109","11.5614223814452","11.5534650407723","11.5269660391681","11.4514128900342","11.324470871748","11.172117442698","10.9996585108733","10.8043014340659","10.5989646250102","10.3889023738807","10.1621771664705","9.93275286147008","9.73441002940457","9.57853862140113","9.46250027198272","9.38393817321686","9.3258740814384","9.26225032516181","9.1956569767095","9.14579227816031","9.11321831920536","9.0441699145861","8.89356695731765","8.67210161885939","8.3893828095339","8.08155397623938","7.82377525749029","7.62722132372258","7.49294095871008","7.46150377860963","7.51996523841437","7.62330324629561","7.71712656349176","7.77842950234219","7.81906542136558","7.82993268744994",
"Turkiye","TUR","Population ages 0-14 (% of total population)","SP.POP.0014.TO.ZS","42.0130485112751","42.1735572201443","42.3666005518692","42.5367108190523","42.6804189731359","42.766201621136","42.8357812446877","42.8951180530908","42.897952744776","42.8414715036481","42.7004698845936","42.5160742224706","42.3200975086768","42.096318560406","41.8331704042455","41.4812499116237","41.0989638910248","40.7430916362821","40.3975320965787","40.0713421558873","39.7979650008708","39.5870632901803","39.3003925692556","38.9072518127672","38.4921143098813","38.063472344007","37.6288371388402","37.1887824975063","36.7378069295286","36.2854275617701","35.814815249548","35.3244733205271","34.8271263633842","34.3155268615911","33.7954568969694","33.229210676482","32.6071878894678","31.9803475940976","31.3681870898476","30.7772152160357","30.2153121586146","29.6854011664073","29.1901239299668","28.7279576145851","28.2947558335615","27.8896620375756","27.5032455937707","27.1284968579624","26.7395258471046","26.3209480547037","25.8951372486496","25.4938937511227","25.1085490904292","24.7039256858802","24.2758055452092","23.862729110196","23.5547704330919","23.3213655170857","23.1214938912891","22.9618328859766","22.769897603882","22.5061384445013","22.1897661942093","21.8397289718795","21.4489074757866","21.0229035096437",
"Turkiye","TUR","Population ages 0-14, female (% of female population)","SP.POP.0014.FE.ZS","41.3812335019931","41.5617956847505","41.7423716254052","41.8945995720754","42.0210392907552","42.105258532689","42.2034301599145","42.3017983152117","42.3308860214394","42.2895857844913","42.1630821993654","42.0115003933545","41.8661215494234","41.6955732400247","41.4849328944036","41.1892268467332","40.8438552405794","40.4884681253628","40.1095104298545","39.7141628316197","39.4069222625322","39.2100035857909","38.932771538324","38.5438271131951","38.12669010545","37.6913114827585","37.2467289869277","36.7944104513807","36.3295406869065","35.8622236068519","35.3767028224221","34.8701192727185","34.3546872036201","33.8266343957066","33.2941129982098","32.7120156707517","32.069337516413","31.4227828053991","30.7919333250319","30.1837349605304","29.6069291446875","29.0649680783595","28.5600681736012","28.0908238430655","27.653426856966","27.2463577169488","26.8596840024542","26.4861332218783","26.109637732621","25.712260333061","25.3054552880373","24.9116010724275","24.5244667254008","24.1211665114685","23.6983874701094","23.292335510528","22.9870507126215","22.7543136696989","22.5552641589878","22.4215095743551","22.2801638654799","22.0634721123431","21.7637431777436","21.4035726306285","21.0040771893931","20.5695649668348",
"Turkiye","TUR","Teenage mothers (% of women ages 15-19 who have had children or are currently pregnant)","SP.MTR.1519.ZS","","","","","","","","","","","","","","","","","","","","","","","","","","","","","","","","","","9.3","","","","","10.2","","","","","7.5","","","","","5.9","","","","","4.6","","","","","","","","","","","","",
"Turkiye","TUR","Wanted fertility rate (births per woman)","SP.DYN.WFRT","","","","","","","","","","","","","","","","","","","","","","","","","","","","","","","","","","1.7","","","","","1.9","","","","","1.6","","","","","1.6","","","","","1.9","","","","","","","","","","","","",
"Turkiye","TUR","Life expectancy at birth, male (years)","SP.DYN.LE00.MA.IN","48.044","48.796","49.626","50.308","50.757","51.27","51.748","52.363","52.757","53.297","53.84","54.354","55.101","55.494","56.035","56.54","57.026","57.775","58.453","58.997","59.613","60.069","60.634","61.107","61.566","62.08","62.59","63.089","63.56","64.001","64.475","64.917","65.176","65.578","65.94","66.216","66.797","67.258","67.816","67.622","68.679","69.034","69.38","69.682","70.037","70.304","70.637","70.975","71.246","71.555","71.903","71.758","72.477","73.118","73.443","73.481","73.49","73.957","74.385","74.678","73.441","72.719","74.655","74.529","74.619","",
"Turkiye","TUR","Mortality rate, infant (per 1,000 live births)","SP.DYN.IMRT.IN","178.3","174.3","170","165.5","161.2","157","153.3","150","147","144","141","138.1","134.9","131.5","128","124.2","120.2","116.1","111.9","107.6","103.1","98.5","93.9","89.3","84.8","80.4","76.2","72.2","68.3","64.6","60.9","57.3","53.8","50.4","47.2","44.1","41.2","38.3","35.6","33.1","30.7","28.5","26.4","24.4","22.5","20.9","19.3","17.9","16.7","15.5","14.5","13.6","12.8","12.1","11.5","11","10.5","10.1","9.7","9.4","9.1","8.8","8.5","9.8","8","",
"Turkiye","TUR","Death rate, crude (per 1,000 people)","SP.DYN.CDRT.IN","17.733","17.141","16.745","16.229","15.858","15.437","14.997","14.638","14.279","13.882","13.491","13.087","12.648","12.297","11.908","11.565","11.214","10.758","10.318","10","9.655","9.352","8.972","8.627","8.306","8.01","7.74","7.489","7.245","7.038","6.807","6.626","6.52","6.406","6.307","6.236","6.119","6.046","5.954","6.184","5.822","5.791","5.766","5.774","5.794","5.832","5.875","5.905","5.973","5.1","5","5.1","5","4.9","5.1","5.2","5.3","5.3","5.2","5.3","6.1","6.7","5.9","6.2","5.7","",
"Turkiye","TUR","Adolescent fertility rate (births per 1,000 women ages 15-19)","SP.ADO.TFRT","163.302","162.972","157.693","152.601","147.477","141.084","137.419","134.204","131.828","129.968","127.914","130.598","130.559","129.631","126.128","118.741","114.309","110.507","110.283","111.591","110.39","109.382","104.734","100.135","94.269","89.307","84.073","77.752","72.177","64.089","65.918","67.158","61.135","60.289","58.789","57.451","57.219","56.842","57.287","57.122","53.431","50.746","46.069","43.112","42.571","42.956","41.86","39.705","38.361","37.189","33.341","31.764","30.124","28.299","27.56","25.639","24.226","22.332","19.835","17.535","15.334","13.63","12.203","12.055","11.182","",
"Turkiye","TUR","Prevalence of moderate or severe food insecurity in the population (%)","SN.ITK.MSFI.ZS","","","","","","","","","","","","","","","","","","","","","","","","","","","","","","","","","","","","","","","","","","","","","","","","","","","","","","","","","","","","","","","","","","",
"Turkiye","TUR","Refugees under the mandate of the UNRWA by country or territory of origin","SM.POP.RRWA.EO","","","","","","","","","","","","","","","","","","","","","","","","","","","","","","","","","","","","","","","","","","","","","","","","","","","","","","","","","","","","","","","","","","",
"Turkiye","TUR","Other people in need of international protection by country or territory of origin","SM.POP.OPIP.EO","","","","","","","","","","","","","","","","","","","","","","","","","","","","","","","","","","","","","","","","","","","","","","","","","","","","","","","","","","","","","","","","","","",
"Turkiye","TUR","Forcibly displaced people","SM.POP.FDIP","","","","","","","","","","","","","","","","","","","","","","","","","","","","","","","","","","","","","","","","","","","","","","","","","","","1016724","1025393","1290848","1616379","2647722","3707716","3269345","3948188","4137387","3909788","3974550","4064787","3840595","3473196","3094818","2492911",
"Turkiye","TUR","Children in employment, wage workers, male (% of male children in employment, ages 7-14)","SL.WAG.0714.MA.ZS","","","","","","","","","","","","","","","","","","","","","","","","","","","","","","","","","","","","","","","","","","","","","","","33.87","","","","","","","","","","","","","","","","","","","",
"Turkiye","TUR","Net primary income (Net income from abroad) (constant LCU)","NY.GSR.NFCY.KN","","","","","","","","","","","","","","","","","","","","","","","","","","","","","","","","","","","","","","","","","","","","","","","","","","","","","","","","","","","","","","","","","","",
"Turkiye","TUR","Gross savings (% of GNI)","NY.GNS.ICTR.GN.ZS","","","","","","","","","","","","","","","32.3096881429455","32.9085640524982","34.2997908072494","32.1176467227406","31.1409761611389","34.0777678464849","29.3005329419042","33.178850697755","32.6162663588779","29.5071630198419","30.1579974207757","35.6460898484054","39.3789695394443","24.7639899565924","29.2344294548964","26.6557455425414","22.0585256623948","18.8856398162607","18.6578761977967","18.8002816645797","18.6572869022436","28.9623117855836","29.3652893220503","28.0327731314599","27.4414851053135","22.3312806157382","22.1027716188787","23.8581035185332","23.5175401205897","21.8239463697215","23.1039546263168","24.9898478219602","26.097091593865","25.5168611892958","26.3676504098193","23.634244417477","24.2459540188474","24.8456113876564","25.6359410488384","26.5780481903535","27.0656738852639","28.1065974933352","27.6391488737051","29.1512485005976","31.1026458821482","30.0313618915673","30.4519680085478","34.0822012899919","34.2935642367047","32.0804049456139","30.3266948809944","",
"Turkiye","TUR","GNI per capita, PPP (current international $)","NY.GNP.PCAP.PP.CD","","","","","","","","","","","","","","","","","","","","","","","","","","","","","","","8100","8300","8860","9640","9080","9820","10500","11380","8670","8350","9190","8790","8980","9310","10610","11680","13410","14810","15980","15370","17320","19550","20580","22270","23980","25610","26450","28000","28240","28570","28870","31660","39520","42750","44510","44630",
"Turkiye","TUR","GNI per capita (current LCU)","NY.GNP.PCAP.CN","","","","","","","","0.00411742339397213","0.00448718337867097","0.00487037835882165","0.00533865160562813","0.00642880942474123","0.00747848938989968","0.00920682175402388","0.012268891546366","0.0156439000528242","0.0195318451672917","0.02455178929621","0.0359996559538384","0.0617331277575419","0.113316962796761","0.167146008122848","0.21660750191623","0.280206516715754","0.43260485638167","0.676401882411339","0.962058409929265","1.38019573583742","2.33075527179506","4.04510747212052","6.90017662570881","10.857895578709","18.5420471122338","33.0798416187808","62.8281474467165","173.913999758425","325.141183049208","630.152888886739","1116.99295810238","1641.21738100288","2587.28847712302","3648.26713898115","5310.20677552818","6855.61246189652","8407.57881711963","9746.88602438351","11291.3832494432","12609.028444209","14064.7690431745","13904.1690645508","15944.9701150431","18886.7219184338","20993.6798048128","23839.6602932745","26488.0964644501","29759.2245995988","32824.5463032967","38753.3325016674","46101.6920369848","52493.1540925925","60935.8241645828","87129.2505888304","178554.841285846","314230.198576717","514284.716348634","723151.729822984",
"Turkiye","TUR","GNI (constant LCU)","NY.GNP.MKTP.KN","","","","","","","","","","","","","","","","","","","","","","","","","","","","","","","","","","","","","","","","","","","","","","","","","","","","","","","","","","","","","","","","","","",
"Turkiye","TUR","GNI (current LCU)","NY.GNP.MKTP.CN","","","","","","","","140200","156700","174300","195600","241200","287400","362100","493335","642231","818384","1050161","1571216","2747768","5145589","7742402","10250321","13575280","21445983","34284860","49813241","72934608","125650145","222386753","386517727","619007400","1075255500","1951683100","3771814700","10613015400","20142865000","39606978100","71190857000","106009386700","169275835000","241679923600","356042965500","465028053500","576697833700","675747290200","790908880400","884625629800","999325441200","1001645299500","1166249395900","1401841040700","1578217241100","1815333488300","2044401188700","2327721284400","2602263134500","3112384689700","3753009848400","4334855268800","5081114198500","7331692756400","15173574878200","26811994925700","43980940314900","62103226326100",
"Turkiye","TUR","Gross domestic savings (% of GDP)","NY.GDS.TOTL.ZS","35.2422907488987","34.3532684283727","34.7447073474471","35.6223175965665","36.5805168986084","37.2330547818013","37.9826635145784","38.5653409090909","38.9206349206349","38.9840182648402","37.4554707379135","32.3298969072165","32.7222414389485","30.9340659340659","28.4388866478419","30.0341296928328","32.5072886297376","30.6257691943577","29.9386813325748","32.777797775458","27.295147784193","30.9264650044298","30.6322792169421","28.3349393778136","28.5910415463857","34.2827428017837","38.450017913323","23.8992852162485","28.8930504664363","25.0496758149935","20.4585200943774","16.9794366727825","17.5415870960189","18.0127466670192","18.3849718222831","28.0575481465072","28.5546196699232","27.1449900097474","26.2317388073218","21.4999746075665","21.5034760157944","24.2636994764621","23.9536315193297","22.8779472374181","23.8831932109771","25.4962364787464","26.5634089122095","25.8970338139633","26.8077066509003","24.1714561574885","24.6886326709009","25.2874172179057","26.0254131443091","27.103109812038","27.5394143960151","28.7495430525777","28.2230510764144","29.7380316675033","31.9713758293373","30.9871337822378","31.2442116582525","34.8745134316222","34.9862889803646","32.7322533994824","31.2687962544311","31.4314825422833",
"Turkiye","TUR","Oil rents (% of GDP)","NY.GDP.PETR.RT.ZS","","","","","","","","","","","0.0156688439786595","0.0551276822693913","0.0644778111666937","0.0966253001839665","0.401813017550154","0.280814902169639","0.220074807046092","0.21249292669636","0.196069037564345","0.362416289836324","0.488531548581327","0.386417918520162","0.262706910889372","0.337848850557612","0.33716866485434","0.303386611523123","0.123816679878197","0.193029481223882","0.135591248345399","0.206769216248657","0.260691501215256","0.152278875171076","0.149168775062412","0.114718240997917","0.134353609455556","0.110564586772373","0.144998969825136","0.10681949958296","0.0214722137279463","0.0629983205522373","0.119531436272842","0.109672292151506","0.0924058667871047","0.0807835887459959","0.0808804569350874","0.098246344839956","0.0976756856490614","0.0869115725998382","0.122000589848402","0.0864578771745911","0.0855344494299421","0.123984127335917","0.111617756938834","0.0974218835401561","0.0944984501615984","0.0446861002184748","0.0349237617230731","0.0537573237557546","0.108111878645291","0.102518297949539","0.0612400945022421","0.13797082409881","","","","",
"Turkiye","TUR","GDP per capita growth (annual %)","NY.GDP.PCAP.KD.ZG","","-1.58598491590956","2.75920742312093","6.18871069931318","2.73012312351202","0.273548786584698","8.42240435488502","2.04810309423178","4.11398596040773","1.56230666179115","0.836579489623062","3.09021412401125","4.87752239463101","0.901130367305143","3.28170101269221","4.97364195842398","8.22860272296013","1.29538784457235","-0.525036952127351","-2.55562416060116","-4.37737072341045","2.79131786896878","1.37276997412432","2.53286113263376","4.28679512122811","1.95228450972105","4.75790899777842","7.27713021223573","0.297547033553357","-1.65638739150337","7.23962032231525","-1.03629423592855","3.26017406071585","5.81013071318085","-6.31116935634827","6.12697954674321","5.55499104784674","5.81746162836372","0.499222307705665","-4.33986843724782","5.62145840894716","-6.62846843803128","5.15974085311868","4.57792705344551","8.70602046453412","7.95177362643042","5.97350417809075","4.93924794926627","-0.349081731358567","-6.18658127732729","6.90544093016851","9.36292358017863","3.48010432023058","7.10372830173409","3.19911298885714","4.4033792666971","1.9428315705164","6.43664614092381","2.07704135618785","-0.136378469205951","0.819957444576985","10.797736075363","4.40815937187469","4.61909774991381","3.09479882124933","3.17044473186495",
"Turkiye","TUR","Natural gas rents (% of GDP)","NY.GDP.NGAS.RT.ZS","","","","","","","","","","","0","1.18826983142512E-05","4.43133705096737E-05","4.5894152307382E-05","0.000141344338174577","0.000254344099309778","0.000666239881244398","0.00071834606140658","0.000842952383778082","0.00143303389997144","0.00203664977586871","0.00107371949419083","0.00082279795465204","0.00249881406713819","0.00135502509826089","0.00187904670549223","0.0113624861905771","0.00335716697863026","0.000954093705038254","0.0015090965987559","0.00206223586853295","0.00140895763440889","0.000693697155140426","0.00137627418611021","0.00183034200527921","0.00238638560193092","0.00243005197422621","0.0030869842900994","0.000498822883301683","0.000828969896496573","0.00457174516912643","0.00622398720429633","0.00498223321338877","0.00615261685241545","0.00523895731523814","0.00453462995252325","0.00955265456367318","0.00898256462761152","0.0143865495451754","0.00860049948655527","0.00645924834469729","0.0100431107294415","0.00842871898329215","0.00639026156802496","0.00416164956058869","0.00265766995514825","0.00150977307815817","0.00201762233420955","0.00428488563235785","0.0033684737362644","0.00167305173317492","0.00748181207735284","","","","",
"Turkiye","TUR","GDP growth (annual %)","NY.GDP.MKTP.KD.ZG","","1.15606938539699","5.57142858180481","9.06630555240935","5.45905679838043","2.82352954343872","11.2128150353513","4.73251024393737","6.77799601038105","4.08114562089492","3.23350897293227","5.56669450058796","7.42578832564243","3.26233451840494","5.59447440269354","7.17411268977115","10.4611795563238","3.40666980449136","1.50293301122338","-0.62411357022269","-2.44735042580159","4.85664876652028","3.56322781218334","4.97108077727097","6.71201571206028","4.24133571639942","7.01203111054394","9.48553884246728","2.32073679394847","0.2902440687796","9.26614667149315","0.720279039109613","5.03563493261181","7.65126520761324","-4.66814736735584","7.878266878218","7.15779847930847","7.3578623747848","1.90857064345151","-3.05277055759434","6.98528697817062","-5.45940838563062","6.43550883793114","5.79909321038525","9.92540551918624","9.11157745861635","7.06762607623939","5.10818513903604","0.920118221365883","-4.88269401706633","8.54219848467686","10.9799625273598","4.80762696633448","8.48825689298511","4.60079447270559","5.80557386628684","3.32366508200445","7.82585730002594","3.46815306092219","1.30162365464503","1.80306247087255","11.811094450607","5.44122511322401","5.04512369812289","3.3276230893799","3.60462514082589",
"Turkiye","TUR","GDP (current US$)","NY.GDP.MKTP.CD","7566666666.66667","7988888888.88889","8922222222.22222","10355555555.5556","11177777777.7778","11966666666.6667","14100000000","15644444444.4444","17500000000","19466666666.6667","17863636363.6364","16166666666.6667","20650000000","26000000000","35414285714.2857","46042857142.8571","51450000000","58683333333.3333","65912500000","89616129032.2581","68823684210.5263","71180180180.1802","64369325153.3742","61803555555.5556","59937602179.8365","67232758620.6897","75673037037.037","87190081680.28","90875175808.7201","107127191328.935","150655500191.644","151034731543.624","159104772991.851","180415757851.616","130650447499.071","234699627004.035","250366965174.129","263817553748.395","276035372654.608","256673939247.773","274748463178.502","202195080239.036","240778008473.845","315392899922.379","410156784495.948","508314210212.544","559668118237.002","685228481017.03","775415944332.866","653894449921.288","782545664268.333","844192507380.795","885327622479.052","962167643588.925","942343431928.654","865460050683.656","870818016909.84","863874522365.276","788356985773.667","775853144222.613","733628247119.077","839938668172.134","926097476913.818","1141242864657.45","1359123768774.12","1597293229287",
"Turkiye","TUR","Gross value added at basic prices (GVA) (constant 2015 US$)","NY.GDP.FCST.KD","","","","","","","","","97692106389.4982","101685305865.994","105348881104.966","111778405943.447","119456030413.132","123111889250.54","130962699572.732","139974318767.339","153230888504.806","158930822082.219","160598691243.255","158413963616.711","157435745007.555","165216649719.399","171598176445.543","179572918540.538","191624332029.537","198556343468.588","211485824290.794","231442066278.454","237505307383.545","238194202004.844","257993269242.569","259774240622.357","275072679149.132","294802600400.115","283106601459.898","303772168641.051","322338276017.974","344833345949.14","355515435548.058","345111174551.567","368954561982.906","348715111946.039","370878511128.204","391727937683.808","430519218761.496","468389357178.902","501355403552.286","526339679997.448","532121697401.991","508405993575.842","544858870582.258","606682708765.639","637948938423.807","688407257378.522","724993753470.86","763396555231.986","788426879754.146","853961875314.804","887191773931.561","899922907989.389","908624767572.299","1026395537219.73","1087901426175.83","1133371956233.74","1166717415800.95","1203929637615.36",
"Turkiye","TUR","Discrepancy in expenditure estimate of GDP (current LCU)","NY.GDP.DISC.CN","18300","18700","21200","24900","26800","28800","33900","37700","42400","46900","48500","52200","53300","63800","79800","116900","148100","178000","283700","581700","831500","1400400","1766100","2243600","3624600","7326200","11437700","305900","3423600","7171900","479700","-18518200.0000001","-31355500","-58135700","-151409200","200","-200","-100","0","0","-99.9999847412109","-100","100","0","-100","0","0","0","-100","0","-100","0","100","-100","0","0","0","0","-100","100","100","0","-100","0","0","20.49609375",
"Turkiye","TUR","Inflation, GDP deflator (annual %)","NY.GDP.DEFL.KD.ZG","","4.37340043959567","5.78893779037439","6.41669448029047","2.35243651899208","4.11785566096448","5.94759067350772","5.93989052660015","4.76015624386716","6.87631710287739","8.64450444669372","16.9020871544942","10.9756760490107","21.9302187016978","28.9923473546043","21.3092400682887","15.6126574914859","24.0890232450354","47.5411467102414","76.7208667189398","93.0032247916415","44.0570704966979","28.2268344007078","26.2582454161427","48.2368326072073","53.054476874505","36.0068855504432","33.6122290331458","69.0181311101416","75.4048306122696","58.2443981066747","59.1641068854034","65.1994382869765","68.3794283487892","104.749137222441","157.831380658117","76.7664933737485","83.104670547928","76.2680723321716","54.0599201394542","49.3731583293067","52.5911440857202","37.5921225089919","23.2883921865035","12.364982289683","7.05267475616438","9.33056658598892","6.2487335970909","12.0086768083348","5.58017075378858","6.90506472366725","8.33655636534398","7.29341387336231","6.18702429472933","7.63768275587947","7.88094110112607","8.1276071872056","11.1334116585617","16.7334812844326","14.1603081333496","14.7339074242292","29.3058995155618","95.5255302704182","68.2797569244827","59.2800755919836","36.4253414432254",
"Turkiye","TUR","Adjusted net savings, excluding particulate emission damage (current US$)","NY.ADJ.SVNX.CD","","","","","","","","","","","","","","","","","","","","","","","","","","","","","","","10609748466.5496","5707194816.74033","6406191125.1139","9659421566.9402","4282475397.72093","7633776245.4288","12899770480.9097","11467430323.8019","32663076289.264","16880676507.3962","16865312733.2315","8830820099.30896","11968283468.1311","14343016582.5574","30477791620.1708","47183229182.3717","57656754462.0697","67470480471.51","83619118689.0651","49102798662.2193","68442842383.4451","90374952497.1469","98237126205.4367","117077373289.416","118693125501.549","109508669334.397","106659210515.695","108931812591.353","118048148423.932","94572939501.2191","94645443592.9322","","","","","",
"Turkiye","TUR","Adjusted net national income per capita (constant 2015 US$)","NY.ADJ.NNTY.PC.KD","","","","","","","","","","","","","","","","","","","","","","","","","","","","","","","","","","","","","","","","","","","","","","","","","","","","","","","","9294.2728117552","","","","","","","","","","",
"Turkiye","TUR","Adjusted net national income (current US$)","NY.ADJ.NNTY.CD","","","","","","","","","","","14471367547.2717","13829261197.4577","17085645913.3421","21608205437.8068","29958732509.7433","37751378193.5193","43183499727.0843","49576504904.5118","54910819347.3034","74879383928.7253","57219551715.1054","58851715376.3184","53338838060.6078","50885393794.665","49428203652.7823","55533576686.2598","62558886956.3275","70718921404.5611","72917571376.3247","87598825168.5761","124953002717.908","123904589271.569","131217322365.242","150227471837.688","105982755959.832","139430497350.303","150081502200.798","157614871068.93","230279822292.334","211270820837.631","226560793397.926","160828497016.568","192107672411.784","255345544867.302","335959620233.958","420120243138.406","463398755945.139","567835932956.302","641212675386.015","535249299613.424","651354003433.262","707702807263.913","743919593925.909","812128664939.146","792603412596.08","726983882746.545","728847826520.938","716486542485.28","656435227682.852","629381111739.29","600186412689.749","","","","","",
"Turkiye","TUR","Adjusted savings: natural resources depletion (% of GNI)","NY.ADJ.DRES.GN.ZS","","","","","","","","","","","0.134572215421329","0.113497305328525","0.103714123436495","0.198917611851878","0.414449100137699","0.284893970480091","0.243326592021427","0.223186779107349","0.199280324531785","0.336613389920356","0.451470972262201","0.392182336209251","0.30258803679973","0.342541663961477","0.329964759952013","0.320663142318435","0.136734408933586","0.189783312160448","0.195257807872801","0.27972677722563","0.277505234732285","0.155608876482625","0.155017969271201","0.116738966068752","0.146757574175565","0.120823113767059","0.137974514441694","0.102857076129767","0.0252357881495925","0.0590931228625795","0.110208859690108","0.10713196706678","0.0872991144003452","0.0770329496206966","0.090709520367853","0.104366146835156","0.155209955712829","0.159575339505755","0.211901558349685","0.156475678717103","0.33768816842234","0.418855825576037","0.267474095758293","0.214311807800166","0.171847425647182","0.0978441139403886","0.081775504374421","0.09111466135248","0.157524196186398","0.170580829418903","0.155812831312569","","","","","",
"Turkiye","TUR","Adjusted savings: energy depletion (current US$)","NY.ADJ.DNGY.CD","","","","","","","","","","","3593768.45326197","8987388.43623064","12300395.2807411","21897598.817071","119435443.670713","115518888.57497","107425569.933392","116650148.93041","117968202.626974","274972619.300246","287573941.342578","256460397.275315","177008693.701733","194251376.552164","183391541.552741","198829449.986948","96415691.0214045","152485077.543049","111528783.963051","199929256.08688","358422153.505436","207423618.801277","209805357.474072","176518347.445424","151812309.04516","165610160.418545","222650471.159835","173356953.901978","53594098.7812133","131761637.989609","275063699.796325","202002027.650493","193231148.1893","223672098.430022","331689817.964707","450486096.015857","522944693.00176","604644776.474766","1111673059.01783","562342709.91319","706847425.4207","1056661858.48595","907162832.940089","817124067.148821","759472363.396056","339648582.758938","271367748.352356","408423766.760393","728766611.040215","659871190.517345","373285488.937893","969364533.413572","","","","",
"Turkiye","TUR","Adjusted savings: consumption of fixed capital (current US$)","NY.ADJ.DKAP.CD","","","","","","","","","","","2514439126.3488","2340285413.25012","3132799552.09758","3841070571.17099","5385892250.71584","6720970383.89272","7524123187.24225","8635573527.10371","9619416153.17402","13175889504.5944","10179903287.5823","10489296195.2688","9528683746.95629","9120633635.34744","8865728467.75522","9937753532.75562","11191138400.9533","14207278471.0151","15249759591.0463","16924325016.1981","22804112014.3812","23248784428.3153","24385713653.0793","26993972608.2729","21255454100.1768","26647387649.8553","28220526146.2759","29015312577.9731","42633415098.7942","41428428701.2403","43442152777.4305","35711922389.0289","43385700078.4661","53451876498.3784","66941473424.1902","80295324867.0813","86818948428.7078","106146025485.358","120030841981.2","105362494148.463","116521575983.551","120328301593.943","127711139789.102","135002330010.177","136541596219.699","126812553155.546","130960342063.03","130577118139.605","108885280453.478","116456803114.297","109603278519.332","123744733605.747","","","","",
"Turkiye","TUR","Adjusted savings: carbon dioxide damage (current US$)","NY.ADJ.DCO2.CD","","","","","","","","","","","","","","","","","","","","","","","","","","","","","","","1686769779.4944","1841970654.61108","2006711979.77195","2181546416.20179","2252491751.3008","2570532797.01373","2950112818.69247","3202446514.22886","3315808138.82939","3419731596.30462","4016732676.22969","3838090927.9143","4193991297.99022","4605183488.88075","4955223231.39484","5467567864.93593","6402670458.80561","7441916144.11984","7707530524.09317","7949138029.64368","8490881238.52008","9477075174.91657","10218317715.6327","10284968513.556","11469607143.029","12225775288.5556","13452108987.5397","15561768675.7955","16131065374.0784","16182706771.4486","16802706542.0318","19657226516.367","","","","",
"Turkiye","TUR","Services, value added (constant LCU)","NV.SRV.TOTL.KN","","","","","","","","","83576199620.2625","88259553535.3983","92022121169.1838","98415617283.2438","107700872501.627","114272069768.56","122155114875.448","133584350024.472","148216855739.832","157423148367.793","159664277862.336","158669823550.933","156330267809.858","167919810686.89","177517284255.991","186869126709.152","200918981111.214","206171697052.161","214118516248.973","242346711381.525","247923119005.225","248435789937.911","274323662199.037","274187005700","291915466700","320529843100","306619056300","331585176800","351781176300","378150160800","393051989400","387227513700","413686521500","403339045000","426868488300","449137259900","489814115100","528892157800","556769120000","587098867100","595930500300","580477873800","611276088400","666256333500","705180341700","756376134600","802071774000","843662002100","869151313000","941019023600","994630087700","1027027067900","1030937952300","1176068448400","1295519996800","1364379877300","1407105504000","",
"Turkiye","TUR","Services, value added (current US$)","NV.SRV.TOTL.CD","1955555555.55556","2311111111.11111","2511111111.11111","2877777777.77778","3288888888.88889","3788888888.88889","4266666666.66667","5022222222.22222","5955555555.55556","6700000000","6481818181.81818","5986666666.66667","8028571428.57143","10221428571.4286","13642857142.8571","17950000000","20762500000","24772222222.2222","28116666666.6667","39532258064.5161","33730263157.8947","33951351351.3514","31156441717.7914","31133333333.3333","30520708446.8665","34381800766.2835","35230222222.2222","41187864644.1074","42379676511.955","50804241281.8096","72396512073.5914","75046093000.9588","79733192665.8906","91402913063.2681","63944543888.6825","105146521976.224","115569118604.508","124250925493.037","134258347524.585","134852443150.749","145023619243.817","111193021798.516","129008456263.361","167614660616.903","217762262291.333","269750248775.104","299215546118.773","376376391765.949","431084077180.409","374511518877.907","427726087251.613","448911327587.905","478875990881.965","513454466510.625","507250042585.429","461868579405.436","467144995803.168","462706247250.306","430557168340.454","438612883315.453","400368974910.128","446808403409.199","483223513220.85","620288121460.243","781785352675.243","949181342207.859",
"Turkiye","TUR","Other manufacturing (% of value added in manufacturing)","NV.MNF.OTHR.ZS.UN","","","","35.0375939849624","34.016139044072","35.9705611775529","40.6651549508692","43.2607416127134","41.2532637075718","45.2357690132154","45.8710446923455","43.8954233474781","42.7222434185425","45.6066945606695","48.2813536828135","44.4330484330484","43.1173909179774","45.0750118797095","43.3375367801597","43.7566137566138","46.5412621359223","53.389655882959","49.3216241551137","49.0931832395247","45.3488035647117","47.1991588831144","53.9288182090076","46.2629968532026","46.082714901209","48.2689059018043","48.2450432265176","46.1218179313301","41.1096666881984","41.8892667412582","42.3825729011578","42.2419745337159","41.6236087893903","46.3605942181551","45.3527946183872","44.796315644184","41.7767505217727","41.8249579200553","32.6995892886821","33.9299909149356","37.4806642333077","40.5011300853538","42.0332640984925","43.2008002889616","44.8795391120637","43.8037390993336","44.4602278648149","45.8608063312979","44.5718272520824","45.4345855426284","44.1706422095379","44.3882889546765","44.0405946992894","44.8021713298381","44.4564739911695","40.457390501547","42.0778531760468","46.2076981523021","45.9562048682543","43.9125905630309","42.6333694570658","",
"Turkiye","TUR","Industry (including construction), value added (% of GDP)","NV.IND.TOTL.ZS","17.3274596182085","17.2461752433936","17.0610211706102","16.9527896995708","17.8926441351889","19.3129062209842","19.6217494089835","20.4545454545455","21.4603174603175","22.0890410958904","21.9338422391858","22.7216494845361","23.728813559322","23.7087912087912","22.5494150867285","22.5566242631089","23.9067055393586","23.3835084729717","22.9154813831468","25.6434253626579","23.494436584713","26.6940893557777","27.7825432225844","26.629176314919","25.6233776270508","26.3660583265661","30.9878952922221","31.3937413261708","32.8205564734242","32.974711413978","31.0610690169089","31.5408458335271","31.1790632248246","29.8229835895656","32.0810894530806","34.0777811908923","33.2559430925955","33.2224731022753","31.0177716471483","28.2828588017996","26.8038683547198","25.5218513969355","24.6318670867085","24.8432929751477","25.1592284848331","25.2941440738888","26.0949736856779","26.4310925169888","26.2111946844741","24.0534082630626","24.5086143505767","26.8475365830986","26.6835564000517","27.7513691316392","28.1981753928692","27.9632974104138","28.3385128402288","29.0347245862534","29.1851848904908","27.0679926930773","27.7974533640579","30.8205598235418","30.890102398727","28.1932800305474","25.5035682450148","24.0232052689053",
"Turkiye","TUR","Industry (including construction), value added (current LCU)","NV.IND.TOTL.CN","11800","12400","13700","15800","18000","20800","24900","28800","33800","38700","43100","55100","68600","86300","111800","145400","196800","247000","362500","712400","1228900","2109100","2915000","3703000","5636400","9253300","15828400","23458000","42412200","74959400","122088700","198744200","340901900","591051900","1241034200","3666702600","6777934600","13310468500","22323194500","30401437900","46043138100","63245154800","89390739000","117600316500","147104416900","172749476100","208618772900","235978229200","264528857700","243783756200","288233061300","379619995500","424281700500","508334030800","581547376600","658272554900","745299479000","915037809800","1110927998000","1191546656500","1429264606400","2291138747900","4734173072700","7637973737800","11371333468700","15139641568399",
"Turkiye","TUR","Manufacturing, value added (annual % growth)","NV.IND.MANF.KD.ZG","","","","","","","","","","11.6999997705968","1.59999872560019","8.70000073667786","10.899999096378","12.9000029018534","7.29999987416166","8.699997966651","9.00000049234499","6.59999973511833","3.19999988491399","-6.09999965784368","-3.92000004620921","9.44000019687319","6.42000111970063","7.45999833541846","9.25000091132277","5.69999978221385","10.499999896007","10.0599995783468","1.57306584408738","3.02052256031018","9.68078598852058","2.38034699568659","5.76933165865223","9.29587679843466","-7.64165487309785","13.9139422397318","6.95828776022569","10.5992669188679","0.345450782078132","-4.95175962755214","7.50979339546444","-8.27848125326476","4.39473018811157","9.69967186664525","13.5320749141207","9.6962961647191","9.67726267905871","6.77290341796083","0.25222583906617","-9.46590439882512","9.31921554739547","20.4115461754995","2.26372028908757","9.79010278449883","5.56713838711234","4.89933548067494","4.68918011615094","8.73756520589539","1.41294345482579","-1.8127765921935","2.8898954274847","19.5237281157508","3.38223397654698","3.36991173762394","-0.519818612994968","",
"Turkiye","TUR","Industry (including construction), value added per worker (constant 2015 US$)","NV.IND.EMPL.KD","","","","","","","","","","","","","","","","","","","","","","","","","","","","","","","","15948.1425930197","15873.5749371052","17943.638792171","16591.4221452337","17836.391598346","18028.4213642404","18698.4615621936","18687.3621891293","17812.4513158372","17942.4753984612","16995.450411895","18018.5890855545","20128.2136524616","21705.6922239326","22303.2874267487","24358.8592000295","26054.6423462417","25180.5774064899","23558.4203693401","23764.3636186858","26331.8721598938","27303.215113885","29001.438110226","30070.4117020959","31223.7281727525","32490.0516949972","34601.0897214068","33874.201732173","35457.0506795161","36468.0895014954","38783.9218109895","36115.1203449992","36466.6183868551","36403.7797989963","",
"Turkiye","TUR","Agriculture, forestry, and fishing, value added (constant LCU)","NV.AGR.TOTL.KN","","","","","","","","","46648109822.6747","46079148611.6967","47385547727.8176","49837473515.3476","50407787481.0061","46498238955.1397","49427041044.0721","50975106493.8222","54533722056.1876","53523798141.9566","55011280386.5464","54988157707.5976","55608447501.4619","54562821420.0764","56268926240.1284","55744187714.0171","56010780601.3459","55755531617.6545","58330692004.23","58593029123.7191","63179336373.0162","58407969074.1117","62388785387.2055","61825707500","64475951600","63648186400","63187245500","64428230800","67463054900","66637828900","70450303400","67163829000","71465739400","65096233900","70731963400","69621272400","72410099500","78234554300","79484412000","74554138600","77935526500","81278723900","87508834200","90529735100","92519501500","94707396400","95237281800","104233843000","102779722500","108692969800","112060164000","116315899100","122537370900","119443273900","120887859200","121324239400","127559518400","116332739201.4",
"Turkiye","TUR","Agriculture, forestry, and fishing, value added (current US$)","NV.AGR.TOTL.CD","4155555555.55556","4133333333.33333","4711111111.11111","5522222222.22222","5644444444.44444","5522222222.22222","6655555555.55556","6966666666.66667","7277777777.77778","7955555555.55556","6981818181.81818","6040000000","7085714285.71429","8828571428.57143","12750000000","16285714285.7143","16731250000","18450000000","20962500000","25009677419.3548","17994736842.1053","17199099099.0991","14388957055.2147","12926222222.2222","12707629427.7929","13238505747.1264","14765777777.7778","15535939323.2205","15684106891.7018","17768096135.721","26328899961.6711","23028379674.0173","23839726426.0768","27812926718.2522","20202262825.4922","26974549023.8848","30417550519.0099","27942162446.9101","34362161519.4612","26820797167.0292","27525339441.0599","17736834890.681","24490178646.069","30827321746.836","38158289121.9239","46434374132.4503","45120313513.9903","50831971455.1269","57227433881.2559","52439239657.7976","69704313074.7001","68604018675.1286","67801443484.7197","63983884801.0892","61613056180.7815","59516807885.5621","54561642443.1358","53529321628.3507","47334422859.0601","51626459638.5609","50555979841.9229","47917507509.2583","61989349798.113","72923661286.0271","79106775252.7513","83211181935.7741",
"Turkiye","TUR","External balance on goods and services (constant LCU)","NE.RSB.GNFS.KN","","","","","","","","","","","","","","","","","","","","","","","","","","","","","","","","","","","","","","","","","","","","","","","","","","4830192000","-35209230800","-43133987900","-2263855200","-20994410800","2677344700","13257917300","-5723226300","192911100","64411276300","106666082400","3032664000","94601981100","113599135300","48341565900","70286732500","45442905166.2001",
"Turkiye","TUR","Imports of goods and services (constant LCU)","NE.IMP.GNFS.KN","","","","","","","","","","","","","","","","","","","","","","","","","","","","45670809171.3174","43609397947.5811","46615292322.491","62049201962.6235","58770012700","65184860100","88511609400","69149005800","89606163500","107583951900","130148217000","132913489500","128616435500","156485788100","118694300300","144048124000","177672550000","215217919300","241458994000","258801492900","283904186800","275573024300","235958147500","281586457500","322463421000","323560503500","357457493300","357437318800","365063820000","375737621800","415890977400","391307120500","370351234400","395693244900","404146344600","437504992600","490224562100","468671641200","491797424463.5",
"Turkiye","TUR","Imports of goods and services (current US$)","NE.IMP.GNFS.CD","277777777.777778","544444444.444444","711111111.111111","722222222.222222","611111111.111111","644444444.444444","800000000","777777777.777778","888888888.888889","922222222.222222","1136363636.36364","1333333333.33333","1764285714.28571","2364285714.28571","3992857142.85714","5171428571.42857","5487500000","6283333333.33333","4804166666.66667","5270967741.93548","8209210526.31579","9185585585.58559","9666257668.71166","10233333333.3333","11791825613.079","12751532567.0498","12184888888.8889","15482730455.0758","15951195499.2968","19048020735.1555","26482062092.7558","25124448705.6568","27596929569.2666","34898334091.9436","26631422878.1789","41468208092.4855","50297738468.1531","56251261317.6176","54441094414.0163","48346453175.0334","61657012662.763","45792581438.4606","54987639146.3523","73087556674.8951","103109391408.29","122961373357.656","147024766163.115","177062270987.489","208120647288.329","152234991548.169","198401861131.757","254618813878.582","251096117262.741","275806251707.141","268468454797.76","230161663398.908","219776888913.906","255673681716.1","245157569262.505","229253569685.603","232192230750.627","290243026942.939","386711092836.606","385393330658.642","367379077168.558","400679511057.207",
"Turkiye","TUR","Gross capital formation (constant 2015 US$)","NE.GDI.TOTL.KD","","","","","","","","","","","","","","","","","","","","","","","","","","","","","","","","","","","","","","","","","","","","","","","","","","","","","","","","260182382227.412","","","","","","","","","","",
"Turkiye","TUR","Imports of goods and services (% of GDP)","NE.IMP.GNFS.ZS","3.67107195301028","6.81502086230876","7.97011207970112","6.97424892703863","5.46719681908549","5.38532961931291","5.67375886524823","4.97159090909091","5.07936507936508","4.73744292237443","6.36132315521628","8.24742268041237","8.54375648564511","9.09340659340659","11.2747075433643","11.231771641328","10.6656948493683","10.7071854586765","7.28870345786712","5.88171772074439","11.927885902191","12.9046956081509","15.0168696746154","16.5578391750205","19.6735024162276","18.9662492342323","16.1020217583248","17.7574446045938","17.5528634276008","17.7807524857703","17.5778926485052","16.6348815592789","17.345129910515","19.3432849256138","20.3837211337284","17.6686297382878","20.0896066432611","21.3220312744105","19.7225065361954","18.8357467519768","22.4412584330653","22.6477228745251","22.8374839940274","23.1734946135067","25.1390188595817","24.1900326387181","26.2699913345528","25.8398878465602","26.8398720466583","23.2812790453404","25.3533908870685","30.1612264563406","28.3619431820769","28.6650931929463","28.4894493558784","26.5941406789482","25.2379813745471","29.5961595228053","31.0972787311468","29.548577767937","31.6498487704686","34.5552643235919","41.7570614839925","33.7696157928943","27.0305829100406","25.0849063722672",
"Turkiye","TUR","Imports of goods and services (current LCU)","NE.IMP.GNFS.CN","2500","4900","6400","6500","5500","5800","7200","7000","8000","8300","12500","20000","24700","33100","55900","72400","87800","113100","115300","163400","623900","1019600","1575600","2302500","4327600","6656300","8224800","13268700","22682600","40419900","69091700","104819200","189646100","383358200","788529800","1901110000","4094487400","8542597800","14194099900","20246672700","38549135800","56122838300","82878799400","109696017500","146986252500","165208810900","210017968300","230699921800","270873601100","235958147500","298168038600","426475055400","450968877700","525071116200","587554489000","626041795900","663755874400","932731595500","1183711452700","1300743259500","1627343629400","2568769207600","6399627735800","9148685015800","12052186939900","15808735220880",
"Turkiye","TUR","Gross capital formation (annual % growth)","NE.GDI.TOTL.KD.ZG","","","","","","","","","","","","","","","","","","","","","","","","","","","","","","","","","","","","","","","","","","","","","","","","","","","","","","","","","","","","","","","","","","",
"Turkiye","TUR","Changes in inventories (constant LCU)","NE.GDI.STKB.KN","","","","","","","","","","","","","","","","","","","","","","","","","","","","","","","","","","","","","","","","","","","","","","","","","","","","","","","","","","","","","","","","","","",
"Turkiye","TUR","Gross fixed capital formation (constant LCU)","NE.GDI.FTOT.KN","","","","","","","","","","","","","","","","","","","","","","","","","","","","80774898488.8634","79933566369.4219","81690929200.2918","94661252118.7501","95817974300","99956054400","124818606200","104956434000","117170169600","131262760700","147806263500","133068919400","120475404100","147601200500","107386915100","127829465400","153403654100","202732592900","242878074700","280711962400","297404539300","288944209900","232725784900","278520402000","344371111900","356143227300","408456893900","422705510600","459644574200","473974361700","509331548100","513472244000","451340166400","482580928800","517409315100","540160851300","579782403900","595257468400","636645750712.9",
"Turkiye","TUR","Gross fixed capital formation (current US$)","NE.GDI.FTOT.CD","","","","","","","","","2077777777.77778","2322222222.22222","2363636363.63636","2033333333.33333","3228571428.57143","4078571428.57143","5235714285.71429","7421428571.42857","9250000000","11277777777.7778","11220833333.3333","13958064516.129","10943421052.6316","10770270270.2703","9730674846.62577","9118666666.66667","8628337874.6594","10261685823.7548","12967851851.8519","21576546091.0152","23725527426.1603","24428275212.0641","34454618627.8268","35779482262.7037","36588387660.0698","46050659990.8967","31956023506.3663","56419295452.0667","61697645107.7944","65617722319.165","61296400024.547","51128745913.7549","61299197721.1185","36549881689.4421","47364985078.5483","66057226369.7752","105171257287.605","136619784263.421","162541808165.897","195319201477.285","211728142359.484","150149542504.323","194683923734.188","236278920627.718","242575546450.141","277059337429.771","274074304719.763","259741117768.36","261622542932.684","261407412832.811","238835928004.689","205313469640.114","205053544464.269","238476195764.082","282876369713.684","375172547436.1","425619492593.107","488633659253.983",
"Turkiye","TUR","Exports of goods and services (constant LCU)","NE.EXP.GNFS.KN","","","","","","","","","","","","","","","","","","","","","","","","","","","","44959920902.8096","53239949302.7702","53102083349.3541","54775776347.9623","56485383200","62699362400","67518083300","77767228500","83976573900","101012424900","118286166300","131081184700","117999938400","140545811500","147624551300","160186127100","172909393900","194373096900","210905947200","223410189000","239291322300","248634693500","240788339500","246377226700","279329433100","321296648300","336463082500","360114663500","378321737300","370014395500","416083888500","455718396800","477017316800","398725908900","498748325700","551104127900","538566128000","538958373700","537240329629.7",
"Turkiye","TUR","Exports of goods and services (current US$)","NE.EXP.GNFS.CD","155555555.555556","411111111.111111","500000000","433333333.333333","500000000","544444444.444444","577777777.777778","644444444.444444","644444444.444444","700000000","790909090.909091","860000000","1242857142.85714","1828571428.57143","2028571428.57143","2035714285.71429","2500000000","2238888888.88889","2733333333.33333","2883870967.74194","3552631578.94737","5863063063.06306","7636809815.95092","7708888888.88889","9354223433.24251","10663601532.567","10073925925.9259","13584947491.2485","16951828410.6892","17357728557.9642","20135262552.7022","20904913710.4506","22898733993.0151","24669695038.6891","27909720017.5622","43006009379.4307","48967049935.5076","56559938761.3999","57013676915.0519","48333647258.8429","54766754849.1009","55193312760.8952","60832867532.8053","73154313088.6111","97840598665.6257","112432994612.168","126908581381.397","152035619691.296","185490178806.044","155351324872.9","168951184649.955","198303837476.231","221029283948.06","234800269885.826","243287863472.577","218795091045.655","205793476583","229267970164.465","250128750717.116","256263371549.216","210844790111.584","294429020560.408","353224790396.438","364211599327.44","374686274269.711","396923725496.326",
"Turkiye","TUR","Gross national expenditure (current LCU)","NE.DAB.TOTL.CN","50900","54400","61000","70900","74800","79800","95000","104300","117300","130300","151800","197400","243100","307700","443500","571600","722900","951100","1347900","2270400","4753000","6869400","9056900","12230200","19267100","28859200","41066500","76042400","124378000","223738800","409139300","666239000","1157009500","2152364400","3981989200","10689303700","20489447700","40017775600","71298312500","107496045200","176085879600","236286440600","354096794300","473268278900","592204531200","697108082200","828194627000","925413429800","1038674963400","1008680049600","1220307888800","1508309512500","1644049357900","1909809846600","2117466960900","2384976306100","2672219764500","3247860700600","3782476516100","4248801583800","5291326380000","7396752156900","15880017622900","27594292991900","44347506547800","63169089641219.5",
"Turkiye","TUR","Final consumption expenditure (constant LCU)","NE.CON.TOTL.KN","","","","","","","","","","","","","","","","","","","","","","","","","","","","354928381022.835","358164168548.466","355331927188.328","399507534554.334","408478383400","422249271900","456232452000","433048203000","458004814600","502821005600","540369123200","544020733300","556104882700","581297701000","539872101900","571118897900","609040841200","666847641000","700767180400","732866281100","772745038800","778322398600","768530057900","830157121300","917917621400","944172012900","1010079537700","1047268456700","1092037864500","1146678222700","1212507505400","1239926181600","1265244863400","1308856763800","1480491538600","1685290519600","1836646950400","1897531060500","1961372810240.93",
"Turkiye","TUR","Final consumption expenditure (current US$)","NE.CON.TOTL.CD","4900000000","5244444444.44444","5822222222.22222","6666666666.66667","7088888888.88889","7511111111.11111","8744444444.44444","9611111111.11111","10688888888.8889","11877777777.7778","11172727272.7273","10940000000","13892857142.8571","17957142857.1429","25342857142.8571","32214285714.2857","34725000000","40711111111.1111","46179166666.6667","60241935483.871","50038157894.7368","49166666666.6667","44651533742.3313","44291555555.5556","42800817438.6921","44183524904.2146","46576740740.7407","66352275379.2299","64618565400.8439","80292177191.3289","119833614411.652","125389884947.268","131195270663.562","147917924442.421","106630399540.68","168848666157.705","178875630489.528","192204305139.433","203626494684.034","201489107485.261","215667993295.149","153135073613.645","183102931544.44","243237478687.574","312198247186.85","378713217121.681","411001187438.439","507774629585.143","567544712651.803","495838639642.313","589345839735.063","630718025917.114","654917451048.19","701390290571.12","682827569176.191","616644240809.497","625046603214.757","606975243336.797","536308410975.132","535438492468.653","504411884804.465","547014144523.055","602090337400.884","767688358294.263","934142126670.597","1095240286774.58",
"Turkiye","TUR","Households and NPISHs Final consumption expenditure per capita growth (annual %)","NE.CON.PRVT.PC.KD.ZG","","","","","","","","","","","","","","","","","","","","","","","","","","","","","-0.787046192611811","-2.95295874631933","11.0087670045483","0.142977091065362","1.5629904479203","6.58532929603311","-6.94377025414478","3.91378353945547","8.87304317736277","6.26642870875749","-2.34137249417728","0.277186696486979","3.14513333951543","-9.6631029121977","4.47207381504617","6.59897895189363","8.76340100776783","4.19496646348709","2.33899461670426","4.85542386180393","-1.25375140220147","-4.99309027925936","8.5895795004282","10.3800290166355","0.908951122819929","5.50190597405009","1.91900721680159","4.60104564806498","2.39673436999293","4.62336338812419","-0.559772186037222","-0.0788104951631254","2.63894436541044","14.5632730219417","15.0236578613841","10.0280909903919","4.08788332044938","3.60350314499827",
"Turkiye","TUR","Households and NPISHs Final consumption expenditure (constant 2015 US$)","NE.CON.PRVT.KD","","","","","","","","","","","","","","","","","","","","","","","","","","","","165158884633.411","167164351637.689","165439229141.573","187122554126.742","190716209180.618","197027523200.358","213656552621.265","202307453709.696","213694428133.932","236188403283.558","254642665642.58","252167897549.011","256269172901.489","267742309331.909","244898433599.785","258954377284.747","279266098614.4","307146433289.095","323469448539.214","334453151495.298","351256834047.654","351270625308.728","338369807593.189","373059892306.716","417872245271.867","427080014361.042","456402165753.065","471478507247.7","499795011413.565","518705835599.532","549770648704.733","554143551242.026","561680017625.433","582123971118.114","672999757997.607","781768354075.714","863667526630.885","901003444756.141","937399533221.441",
"Turkiye","TUR","Households and NPISHs Final consumption expenditure per capita, PPP (constant 2021 international $)","NE.CON.PCAP.PP.KD","","","","","","","","","","","","","","","","","","","","","","","","","","","","","","","6246.39752621376","6255.32844369312","6353.09862975408","6771.47109502516","6301.27569936079","6547.89399045808","7128.89145143936","7575.61835196852","7398.24490761168","7418.75185826911","7652.08149633945","6912.65298642293","7221.79193055376","7698.35646000055","8372.9943075978","8724.23861079121","8928.29808224605","9361.80479778441","9244.43103886082","8782.84825128663","9537.25798423286","10527.2281303876","10622.9154886806","11207.3783105706","11422.4487091647","11948.0007884002","12234.3626298228","12800.0016724204","12728.3508232459","12718.319546936","13053.9489239947","14955.0311459409","17201.8238583705","18926.8384068948","19700.5454772187","20410.4552530721",
"Turkiye","TUR","General government final consumption expenditure (annual % growth)","NE.CON.GOVT.KD.ZG","","","","","","","","","","","","","","","","","","","","","","","","","","","","","-1.06921682886828","0.824844587240264","7.99917620978017","4.48308767812273","3.78763762603636","5.42871846250581","-3.49900089620436","6.67021728935455","4.42652837368888","5.09575057771127","11.3481814817011","5.763389919898","4.80611215773746","0.66928675984208","6.02650393226621","0.794024303420855","7.0139118254323","3.93060904854094","10.4952643966822","7.34420366280226","3.87714569693469","8.96483227266123","-0.195016525148546","4.62604675591693","5.69822414113419","7.45334785424674","5.23722707734224","-2.60042885794796","10.2209556868209","4.76968334727968","8.09543304630982","4.55669292270828","2.76654442876261","4.1865195923892","4.5371424865337","2.25067579806961","-0.799816046204583","0.83004724097151",
"Turkiye","TUR","Arms exports (SIPRI trend indicator values)","MS.MIL.XPRT.KD","","","","","","","","","","","","","","","","","","","","","23000000","11000000","","","","","","","","","","","","","","3000000","3000000","0","3000000","44000000","20000000","5000000","27000000","43000000","28000000","25000000","67000000","85000000","120000000","76000000","70000000","90000000","144000000","139000000","157000000","225000000","243000000","177000000","248000000","274000000","265000000","482000000","589000000","699000000","332000000","",
"Turkiye","TUR","Military expenditure (current USD)","MS.MIL.XPND.CD","468810916.179337","301330376.940133","330376940.133038","350000000","380897803.670027","422676991.150442","442035398.230089","508407079.646018","570685840.707965","596792035.39823","564858542.613762","570873159.477221","703957597.173145","861625441.696113","1136704698.03477","2284986255.46146","2534775214.75603","2765773072.18007","2727882976.00712","3001142305.52651","2671976285.57263","2814869761.46162","2754732302.69512","2469375535.02442","2190052307.47413","2365977436.04677","2769409587.96878","2889593497.07308","2663901290.11847","3373741563.28947","5315413395.48577","5670666519.6485","6157947273.30402","7075086939.89767","5293173965.76006","6606245814.71084","7512090795.51722","7791986303.62493","8781048158.20561","9951788873.95143","9993730196.93899","7216051044.80291","9050377181.98284","10277901778.2782","10920773882.178","12081156313.729","13036508103.1888","14987758360.004","16809576495.1749","16047510903.5072","17650464118.1755","17006477805.3076","17694320712.6949","18427646196.757","17576538470.5059","15668750000","17827702150.7967","17822738263.1645","19648693823.8514","20436917121.2388","15782990905.8308","15254829834.6664","15036835693.6064","19577831923.5437","24978735534.6038","",
"Turkiye","TUR","Logistics performance index: Ability to track and trace consignments (1=low to 5=high)","LP.LPI.TRAC.XQ","","","","","","","","","","","","","","","","","","","","","","","","","","","","","","","","","","","","","","","","","","","","","","","","3.27","","","3.09","","3.54","","3.773236","","3.39445","","3.23","","","","3.5","","","",
"Turkiye","TUR","Logistics performance index: Ease of arranging competitively priced shipments (1=low to 5=high)","LP.LPI.ITRN.XQ","","","","","","","","","","","","","","","","","","","","","","","","","","","","","","","","","","","","","","","","","","","","","","","","3.07","","","3.15","","3.38","","3.182316","","3.412406","","3.06","","","","3.4","","","",
"Turkiye","TUR","Lead time to export, median case (days)","LP.EXP.DURS.MD","","","","","","","","","","","","","","","","","","","","","","","","","","","","","","","","","","","","","","","","","","","","","","","","2.5","","","2.19","","2","","2","","2","","3","","","","","","","",
"Turkiye","TUR","Secure Internet servers (per 1 million people)","IT.NET.SECR.P6","","","","","","","","","","","","","","","","","","","","","","","","","","","","","","","","","","","","","","","","","","","","","","","","","","","85.3816848424609","117.065146464342","222.584847653222","263.251812032901","298.865469518728","364.977692803257","1310.01097127093","3384.80721940135","4383.72751384509","5494.176274385","6837.08326277681","7755.87404936661","9166.00138199718","9881.98609883873","11103.4011629345","",
"Turkiye","TUR","Fixed telephone subscriptions (per 100 people)","IT.MLT.MAIN.P2","0.654393264","0.655314","0.655314","0.655314","0.655314","0.775664061","0.78572","0.78572","0.78572","0.78572","1.060710464","1.08093","1.08093","1.08093","1.08093","1.715461091","1.900958142","2.05712095","2.333394479","2.528828033","2.603325554","2.893516427","3.268720988","3.558056986","4.034958577","4.57113012","5.5344484","7.213387387","9.39421787","10.99613783","12.2","14.3","16.2","18.5","20.3","21.5","23.1","24.8","26.4","27.7","28.1160119298821","28.5371718203941","28.1735115448384","27.8877171494815","27.8822471520514","27.3739279770676","26.8848913865787","25.7255904565935","24.4572850596357","22.8170712508774","22.0888612012344","20.4955930660191","18.431101648229","17.7371300884647","16.0552056422463","14.3637670131309","13.5667798231933","13.610911854126","13.7811140922874","13.51126703643","14.4597041953828","14.2006553218998","12.8625952352737","11.3732978340528","10.3188571710125","",
"Turkiye","TUR","Container port traffic (TEU: 20 foot equivalent units)","IS.SHP.GOOD.TU","","","","","","","","","","","","","","","","","","","","","","","","","","","","","","","","","","","","","","","","","","","","","","","","","","","5743429","6523059","7302956","7977820","8351069","8143635","8760769","10001342","10801305","11591414","11626578","12591327","12366172","12554581","13507070","",
"Turkiye","TUR","Railways, goods transported (million ton-km)","IS.RRS.GOOD.MT.K6","","","","","","","","","","","","","","","","","","","","","","","","","","","","","","","","","","","","8632","9018","9718","8466","8446","9895","7561","7224","8669","9417","9152","9676","9921","10739","10326","11462","11677","11670","11177","11992","10474","11661","12869","14478","14707","15428","15900","","","","",
"Turkiye","TUR","Statistical performance indicators (SPI): Pillar 5 data infrastructure score (scale 0-100)","IQ.SPI.PIL5","","","","","","","","","","","","","","","","","","","","","","","","","","","","","","","","","","","","","","","","","","","","","","","","","","","","","","","","","75","90","95","100","100","100","100","100","100","",
"Turkiye","TUR","Statistical performance indicators (SPI): Pillar 1 data use score (scale 0-100)","IQ.SPI.PIL1","","","","","","","","","","","","","","","","","","","","","","","","","","","","","","","","","","","","","","","","","","","","","20","20","20","20","20","20","20","20","20","20","20","40","60","60","60","60","60","50","50","50","50","",
"Turkiye","TUR","CPIA structural policies cluster average (1=low to 6=high)","IQ.CPA.STRC.XQ","","","","","","","","","","","","","","","","","","","","","","","","","","","","","","","","","","","","","","","","","","","","","","","","","","","","","","","","","","","","","","","","","","",
"Turkiye","TUR","CPIA social protection rating (1=low to 6=high)","IQ.CPA.PROT.XQ","","","","","","","","","","","","","","","","","","","","","","","","","","","","","","","","","","","","","","","","","","","","","","","","","","","","","","","","","","","","","","","","","","",
"Turkiye","TUR","CPIA macroeconomic management rating (1=low to 6=high)","IQ.CPA.MACR.XQ","","","","","","","","","","","","","","","","","","","","","","","","","","","","","","","","","","","","","","","","","","","","","","","","","","","","","","","","","","","","","","","","","","",
"Turkiye","TUR","CPIA fiscal policy rating (1=low to 6=high)","IQ.CPA.FISP.XQ","","","","","","","","","","","","","","","","","","","","","","","","","","","","","","","","","","","","","","","","","","","","","","","","","","","","","","","","","","","","","","","","","","",
"Turkiye","TUR","CPIA economic management cluster average (1=low to 6=high)","IQ.CPA.ECON.XQ","","","","","","","","","","","","","","","","","","","","","","","","","","","","","","","","","","","","","","","","","","","","","","","","","","","","","","","","","","","","","","","","","","",
"Turkiye","TUR","Net bilateral aid flows from DAC donors, Spain (current US$)","DC.DAC.ESPL.CD","","","","","","","","","","","","","","","","","","","","","","","","","","","","","709999.978542328","1799999.95231628","219999.998807907","1029999.97138977","-200000.002980232","-129999.995231628","-150000.005960464","-340000.003576279","-90000.0035762787","-70000.0002980232","-70000.0002980232","2619999.88555908","4389999.8664856","8560000.4196167","14189999.5803833","41439998.626709","49529998.7792969","12399999.6185303","91519996.6430664","55909999.8474121","92099998.4741211","135279998.779297","55959999.0844727","4820000.17166138","1539999.96185303","-949999.988079071","1323912.02449799","-14042608.2611084","28837911.605835","48686439.5141602","13079229.3548584","-385935.008525848","-3051570.89233398","-14043131.8283081","-11103284.8358154","-11355402.9464722","","",
"Turkiye","TUR","Net bilateral aid flows from DAC donors, Switzerland (current US$)","DC.DAC.CHEL.CD","","19999.9995529652","","19999.9995529652","50000.0007450581","1049999.95231628","3890000.10490417","1350000.02384186","1860000.01430511","1059999.94277954","379999.995231628","200000.002980232","460000.00834465","90000.0035762787","1289999.96185303","-270000.010728836","1149999.97615814","-829999.983310699","1190000.05722046","-1000000","-500000","10920000.0762939","-270000.010728836","4110000.1335144","-1649999.97615814","-159999.996423721","-1090000.0333786","-790000.021457672","-769999.980926514","2970000.02861023","1049999.95231628","-750000","6110000.1335144","4150000.09536743","6559999.94277954","5900000.09536743","3430000.0667572","2309999.94277954","2500000","4480000.01907349","5829999.92370605","3059999.94277954","4260000.22888184","1769999.98092651","1620000.00476837","479999.989271164","2240000.00953674","1370000.00476837","709999.978542328","670000.016689301","250000","569999.992847443","1490000.00953674","1399999.97615814","2740000.00953674","2867788.07640076","1139129.04262543","2421201.9443512","2531688.92860413","3889673.94828796","3584774.9710083","2794100.04615784","2752527.95219421","7501901.14974976","","",
"Turkiye","TUR","Net bilateral aid flows from DAC donors, Austria (current US$)","DC.DAC.AUTL.CD","-209999.993443489","","70000.0002980232","129999.995231628","200000.002980232","1500000","1039999.96185303","610000.014305115","1580000.04291534","1080000.04291534","170000.001788139","-90000.0035762787","560000.002384186","-230000.004172325","29999.9993294477","140000.000596046","1240000.00953674","2680000.0667572","3779999.97138977","8840000.15258789","27159999.8474121","14829999.9237061","4369999.88555908","5940000.05722046","4539999.96185303","5260000.22888184","7170000.07629395","8810000.4196167","21350000.3814697","35819999.6948242","8090000.15258789","4170000.07629395","1000000","-2910000.08583069","-1679999.94754791","14239999.7711182","13779999.7329712","12949999.8092651","12569999.6948242","13689999.5803833","10600000.3814697","12920000.0762939","13590000.1525879","18090000.1525879","19840000.1525879","21950000.7629395","21350000.3814697","24979999.5422363","27500000","26750000","27899999.6185303","31639999.3896484","39622390.7470703","33853279.1137695","30352092.7429199","24691593.170166","37628295.8984375","44928161.6210938","33754268.6462402","21891220.0927734","28536237.7166748","27613204.9560547","24459585.1898193","35748466.4916992","","",
"Turkiye","TUR","Stocks traded, total value (current US$)","CM.MKT.TRAD.CD","","","","","","","","","","","","","","","","","","","","","","","","","","","","","","","","8277400000","8346300000","15999100000","21667000000","50888700000","36232800000","43687250000","57170300000","67989190000","165968040000","65679790000","67971290000","98127800000","146561700000","199727190000","226470170000","324801670000","221235580000","312719790000","403248210000","361075930000","358926430000","374250870000","369745680000","349684710000","281807764558.547","377303523945.135","369810440000","347623360000","868598900000","538193500000","894280590000","1090341420000","959189630000","977096520000",
"Turkiye","TUR","S&P Global Equity Indices (annual % change)","CM.MKT.INDX.ZG","","","","","","","","","","","","","","","","","","","","","","","","","","","","","","","","","","","","","42.2999992371","109.8917007446","-53.1221008301","254.5","-51.1952514648","-30.210144043","-33.4700012207","113.1999969482","32.9099998474","49.4656259382","-3.9930102236","74.8216489884726","-62.4008233309","99.6045440147","21.3688256185371","-37.0059103540285","60.6894778845162","-26.2603404537075","14.4068521345257","-32.0650914605886","-9.24035719390604","33.7866100513108","-43.8623653946131","12.0354710952644","-0.592664910687746","-29.9061540401614","105.779812814698","","","",
"Turkiye","TUR","Secondary income receipts (BoP, current US$)","BX.TRF.CURR.CD","","","","","","","","","","","","","","","1508000000","1449000000","1134000000","1123000000","1116000000","1829000000","2184000000","2575000000","2295000000","1806000000","2037000000","1954000000","1946000000","2389000000","2150000000","3466000000","4397000000","5071000000","3936000000","3684000000","3031000000","4414000000","4116000000","4554000000","5639000000","5001000000","4856000000","3045000000","2478000000","1081000000","1155000000","1475000000","2241000000","2785000000","2968000000","3034000000","2215000000","2631000000","2463000000","2383000000","2661000000","2474000000","2911000000","4487000000","2821000000","2746000000","4147000000","4137000000","3554000000","5137000000","5296000000","",
"Turkiye","TUR","Travel services (% of service exports, BoP)","BX.GSR.TRVL.ZS","","","","","","","","","","","","","","","35.3369763205829","32.6298701298701","31.2068965517241","38.3895131086142","50.1070663811563","41.6913946587537","45.8509142053446","30.0632911392405","19.4473409801877","21.6606498194946","24.6846846846847","38.1983240223464","31.6983650316984","38.7096774193548","41.6666666666667","39.8659183037106","40.2320359281437","31.7009077878643","38.6839587541193","37.1667292527225","40.0055550411999","33.9381076270026","43.4348093480935","36.2178658252729","30.8489146787019","31.8284700556677","39.3000514668039","53.3887679007457","60.3702385190459","73.7548530227399","70.6562703053931","68.9777873625189","66.9030008048135","64.753715923482","62.9580728605303","64.1612687067232","61.9632911739691","60.7296085322991","63.3266250754679","53.2092572104091","52.7665161374096","53.4487762406888","46.3099918259313","47.5523529212761","48.9735756835192","54.0752110514198","36.537089871612","44.7528753002561","49.1463806970509","47.4377925597438","48.0232786353668","",
"Turkiye","TUR","Service exports (BoP, current US$)","BX.GSR.NFSV.CD","","","","","","","","","","","","","","","549000000","616000000","580000000","534000000","467000000","674000000","711000000","1264000000","1918000000","1939000000","2220000000","2864000000","2997000000","3813000000","5652000000","6414000000","8016000000","8372000000","9407000000","10652000000","10801000000","14606000000","13008000000","19333000000","23265000000","16347000000","19430000000","15153000000","14045000000","18030000000","23085000000","27822000000","26093000000","30006000000","37112000000","35816000000","36449000000","41255000000","49690000000","65981000000","69311000000","62022000000","51382000000","59118000000","65470000000","71665000000","39256000000","62863000000","93250000000","105534000000","117189000000","",
"Turkiye","TUR","Primary income receipts (BoP, current US$)","BX.GSR.FCTY.CD","","","","","","","","","","","","","","","1000000","1000000","1000000","6000000","66000000","34000000","51000000","52000000","120000000","102000000","146000000","298000000","341000000","382000000","374000000","684000000","917000000","935000000","1012000000","1135000000","890000000","1489000000","1577000000","1900000000","2481000000","2350000000","2836000000","2753000000","2486000000","2246000000","2651000000","4125000000","4242000000","6086000000","6433000000","4393000000","3528000000","3054000000","3794000000","3800000000","3478000000","3018000000","3803000000","3814000000","4835000000","4754000000","4108000000","4513000000","5600000000","8014000000","9536000000","",
"Turkiye","TUR","Technical cooperation grants (BoP, current US$)","BX.GRT.TECH.CD.WD","1150000","850000","1560000","1400000","1930000","2640000","19020000","34730000","10780000","14560000","14140000","15580000","14680000","16590000","14170000","21170000","21490000","23680000","30530000","34550000","37790000","35270000","31800000","31510000","25980000","25960000","36580000","92200000","106380000","107570000","142250000","154590000","177800000","173600000","173510000","197380000","210780000","176030000","128820000","130260000","84800000","88430000","95910000","136800000","146130000","174840000","183780000","227450000","447820000","154270000","154210000","151070000","160174718","153442087","159709903","137049761","186607351","231101099","266765077","374528371","377749410","596583018","416045640","429541233","","",
"Turkiye","TUR","Reserves and related items (BoP, current US$)","BN.RES.INCL.CD","","","","","","","","","","","","","","","-552600540.307001","-1672077734.35772","-1727532068.25252","-2129491976.97773","-1337205976.39414","-1130724989.24902","-1300474757.60321","-361301812.011105","-747849135.244298","-632061285.998585","-1476529502.43331","-784488042.043603","539992271.369074","579627689.747544","1153267572.3205","2710380728.92865","942912591.195879","-1198656872.58017","1484111313.7633","308196640.411866","202800939.986037","4660265679.28571","4543522440.76265","3343162193.00278","440889235.332737","5354474242.4639","-3933502039.73988","-12887511940.0497","-213585894.029509","4087105889.17224","4306718639.47232","23174978762.255","10621432547.6156","12051934992.9243","-2765522443.97724","917845651.614175","14970524868.7339","1007638602.95555","22820409074.736","10774107707.6903","-484483483.921136","-11831052025.9708","812918776.708158","-8207234351.89804","-10377407744.0537","6323528012.36999","-31845809458.0433","23435057542.6554","12311368681.0817","-2024665357.9565","560570087.288481","",
"Turkiye","TUR","Net trade in goods (BoP, current US$)","BN.GSR.MRCH.CD","","","","","","","","","","","","","","","-2057000000","-3101000000","-2912000000","-3753000000","-2081000000","-2554000000","-4603000000","-3864000000","-2628000000","-2990000000","-2848000000","-2907000000","-2997000000","-3162000000","-1707000000","-4111000000","-9427000000","-7280000000","-8051000000","-14044000000","-4134000000","-13114000000","-10189000000","-14963000000","-13927000000","-9667000000","-21959000000","-3282000000","-6404000000","-13411000000","-22438000000","-32936000000","-40894000000","-46831000000","-52917000000","-24762000000","-56325000000","-89160000000","-65367000000","-81885000000","-66572000000","-49009000000","-39923000000","-58575000000","-40726000000","-16781000000","-37874000000","-29321000000","-89586000000","-86280000000","-55986000000","",
"Turkiye","TUR","Current account balance (% of GDP)","BN.CAB.XOKA.GD.ZS","","","","","","","","","","","","","","","-1.58410649455426","-3.57927396835247","-3.94363459669582","-5.35075262709458","-1.91921107528921","-1.57672509988841","-4.95178373417964","-2.71985824579167","-1.47896532662359","-3.11147147233528","-2.40083010942351","-1.50670598794717","-1.93596035967603","-0.9244170718357","1.75625519928497","0.875594691099352","-1.74238577195045","0.165524841501632","-0.612175223712419","-3.56565306523328","2.01377036999334","-0.99616690058046","-0.973371226633304","-0.999933462545818","0.724544822196581","-0.360379399136068","-3.61057524589502","1.85959025093731","-0.259990521546323","-2.39510781690365","-3.46160310805252","-4.12736838327371","-5.5679426761279","-5.39177822047968","-5.0844969449165","-1.73697758122388","-5.70254261669491","-8.81351105932507","-4.72096418758118","-5.12686124176872","-3.40746259930754","-2.46735825450658","-2.54530792537505","-4.06783613710293","-1.85233343060557","1.9351600379275","-4.22284721473811","-0.74064931592423","-4.99763806227356","-3.63367003503212","-0.766008235540632","",
"Turkiye","TUR","Foreign direct investment, net outflows (% of GDP)","BM.KLT.DINV.WD.GD.ZS","","","","","","","","","","","","","","","0","0","0","0","0","0","0","0","0","0","1.66840174386624E-05","1.48737017566355E-05","1.32147464824303E-05","0.010322274995684","1.10041052586777E-05","9.33469819935344E-06","0.00995649012543117","0.0178766828821763","0.0408535826912805","0.0310394173252081","0.0375046553134449","0.0481466466063268","0.0439355087934606","0.0951415083771798","0.132953974873073","0.251291581019204","0.316653272573454","0.245802221998895","0.0593908060401345","0.152191124187682","0.190171180749469","0.209319349847628","0.165097844578082","0.307342741631847","0.328726797356875","0.23750010421207","0.1893819195057","0.280741653032813","0.463783112120977","0.37789672353121","0.748134890224795","0.588819783879626","0.360350835543736","0.312892663230677","0.457280149101764","0.388088908631923","0.443139970791272","0.767913211334397","0.532773290392968","0.52250052856101","0.486563486853348","",
"Turkiye","TUR","Imports of goods, services and primary income (BoP, current US$)","BM.GSR.TOTL.CD","","","","","","","","","","","","","","","4133000000","5103000000","5690000000","6540000000","5185000000","6192000000","9251000000","10513000000","11157000000","11629000000","13182000000","14346000000","14226000000","17646000000","18448000000","21367000000","28949000000","27763000000","30204000000","37483000000","30460000000","44806000000","53261000000","60577000000","60103000000","53638000000","67873000000","51943000000","60295000000","81322000000","109884000000","132890000000","157089000000","190488000000","226063000000","163632000000","207069000000","262823000000","258679000000","287784000000","279712000000","242656000000","231553000000","269820000000","264598000000","244476000000","242923000000","299220000000","398116000000","406573000000","394659000000","",
"Turkiye","TUR","Insurance and financial services (% of service imports, BoP)","BM.GSR.INSF.ZS","","","","","","","","","","","","","","","3.08743169398907","3.25688073394495","2.97872340425532","2.53275109170306","4.45161290322581","4.141689373297","4.16520210896309","3.9957264957265","2.12415130940834","1.69811320754717","","","","","","","","","8.71724137931034","9.4984802431611","8.51401374933897","7.80254777070064","7.99875505757859","7.57112626381378","9.01805640089268","9.8335009498268","12.4248742794064","16.4644145621515","16.1568499837293","13.0434782608696","11.7453878102965","10.6861924686192","13.5367954713266","13.5164006535126","13.3651944627554","12.0304271503803","10.0791717417783","12.0427338198121","11.9864645886951","13.5227359865041","14.7244709558301","14.6313408228212","11.4991154526575","11.5727434787354","9.131272802368","8.15281334348398","11.0313452147419","9.32889258950874","8.15956037485894","8.71640593662254","8.72984593335722","",
"Turkiye","TUR","Trade in services (% of GDP)","BG.GSR.NFSV.GD.ZS","","","","","","","","","","","","","","","2.58370310609117","2.28482780018616","2.13216715257532","2.08065890372053","1.17883557747013","1.16162125193478","1.85982487668719","2.43326161245412","4.58137473551781","5.02398279854449","5.86610053143369","6.24249262725991","5.84752531847539","6.31723229735861","8.33781055450011","8.28827853120591","7.35917373471036","7.67373165201568","8.19082907127335","8.09241951692926","11.1618446619585","8.36388206090438","7.76220616265557","10.5523683335152","11.9995490728087","9.85530516815782","10.0393646176938","10.5101469209226","8.38573262067381","8.13778623625219","8.15249223320609","7.8242943441164","6.84012520144819","6.70141438543894","7.13371970286109","8.09090825076868","7.17568348583237","7.37059372785136","7.98258161222934","9.56829099517432","10.3438933935691","10.1799037321716","8.8863572522997","10.0251827965567","11.9899996709279","12.9616024306716","8.61676199740703","11.05890269371","14.4706149558456","13.6162078039929","12.7294514285515","",
"Turkiye","TUR","Food production index (2014-2016 = 100)","AG.PRD.FOOD.XD","","27.33","28.12","28.99","29.12","28.82","31.25","31.57","33","32.93","34.83","36.08","36.95","34.31","37.12","40.47","42.87","42.86","45.11","45.67","46.53","47.44","49.21","48.39","51.65","52.37","56.71","55.84","59.37","56.1","59.82","60.83","61.05","60.4","61.86","60.65","65.2","63.73","71.34","69.03","70.99","68.74","72.71","74.11","74.46","79.94","81.11","77.69","82.31","84.46","86.7","90.29","95.46","97.81","95.78","101.77","102.45","108.58","109.28","114.28","120.22","120.12","128.92","","","",
"Turkiye","TUR","Rural land area (sq. km)","AG.LND.TOTL.RU.K2","","","","","","","","","","","","","","","","","","","","","","","","","","","","","","","760268.23198292","","","","","","","","","","757333.71130111","","","","","","","","","","","","","","","754924.70199715","","","","","","","","","","",
"Turkiye","TUR","Forest area (% of land area)","AG.LND.FRST.ZS","","","","","","","","","","","","","","","","","","","","","","","","","","","","","","","25.7051830100178","25.7525915050089","25.8","25.8474084949911","25.8948169899822","25.9422254849733","25.9896339799644","26.0370424749555","26.0844509699466","26.1318594649377","26.1792679599288","26.3007198264101","26.4221716928914","26.5436235593727","26.665075425854","26.7865272923353","26.9079791588166","27.0294310252979","27.1508828917792","27.2723347582605","27.3937866247418","27.535990021179","27.6781934176163","27.8203968140535","27.9626002104908","28.104803606928","28.104803606928","28.2635292283305","28.4660940971636","28.6687888985616","28.8714836999597","29.0741785013578","29.2768733027559","29.4795681041539","","",
"Turkiye","TUR","Urban land area where elevation is below 5 meters (sq. km)","AG.LND.EL5M.UR.K2","","","","","","","","","","","","","","","","","","","","","","","","","","","","","","","473.323592452","","","","","","","","","","560.82382549","","","","","","","","","","","","","","","643.444358668","","","","","","","","","","",
"Turkiye","TUR","Land under cereal production (hectares)","AG.LND.CREL.HA","","12865300","12965000","13016700","12930000","12960000","12973750","13013600","13131500","13304450","13159450","13292700","13043800","12687975","13187320","13606050","13547370","13574950","13352750","13696200","13163000","13638000","13421685","13322299","13350004","13719650","13747458","13699650","13729100","13488604","13640120","13893896","13716404","14066559","14045855","13692013","13884759","13827451","13895547","13752041","13600074","13571630","13747990","13341033","13779950","13841254","13011934","12136070","11256039","11955939","12021328","11850262","11280122","11506517","11549127","11679276","11359619","11090361","10871307","10746739","11128065","10917931","11160186","11531027","11379632","",
"Turkiye","TUR","Agricultural land (% of land area)","AG.LND.AGRI.ZS","","47.4474747605992","47.6176864207476","48.5557995400387","48.4544521393397","48.4596494419396","48.7039226641373","48.4648467445396","48.8559437651859","50.209841092473","49.6056546652287","49.7823629536271","50.4476176864207","50.3969439860712","49.8005535127269","49.3250003248314","49.2483401114821","49.4120551433806","49.4328443537804","50.5333731793199","50.1266842508738","50.1708613229734","48.3232202486909","47.7086392162468","48.8715356729857","49.5432870340293","50.001948988475","51.2285124020633","51.0154229954654","51.8391954575575","51.5533438145603","52.0600808180554","51.8482907371074","51.8599846679573","52.1666255213544","51.3142678949625","51.1466548861141","50.9881371568156","51.8677806218572","52.3654223458025","52.5954029858503","53.2307732286943","53.5270194768915","52.8097917180983","53.5452100359913","53.5621012694412","52.6135935449502","51.3298598027624","50.8322180788171","50.5580603666697","50.6892922573184","49.6953081350779","49.9032002390759","49.9239894494757","50.0942011096241","50.0903031326741","49.8005535127269","49.3275989761314","49.1171082208334","49.0053662149344","49.0651351948339","49.4900146823798","50.0253368501748","50.1383781817237","","",
"Turkiye","TUR","Goods and services expense (% of expense)","GC.XPN.GSRV.ZS","","","","","","","","","","","","","18.3294663573086","17.6043557168784","15.1067323481117","14.1766630316249","13.2010353753236","13.7336504161712","9.96062992125984","10.9209767352432","13.2795304475422","16.0724346076459","","15.0626717032967","14.3997718848018","12.9667484328155","16.655447501468","13.4982626824183","12.5220392392242","12.0145253430247","11.686911916116","9.29803296083992","9.854573658442","7.83662783662784","8.08042953576951","8.08054044450565","8.0042790170846","9.33596902873425","8.55336488678425","","","","","","","","","","8.78624730149629","8.74015751885238","10.2235373500308","9.78495897778844","11.1549795660162","11.4570502424413","11.3283068168785","11.5649344921042","11.3719951629234","11.1229704720406","9.69213755637737","9.08102903594113","8.9806247376359","9.19983975169484","9.77437294188737","8.90015680487334","","",
"Turkiye","TUR","Taxes on income, profits and capital gains (% of total taxes)","GC.TAX.YPKG.ZS","","","","","","","","","","","","","37.6288659793814","41.2667946257198","45.0229709035222","45.8377239199157","44.2867811799851","49.8295454545455","53.3690658499234","57.5234336457819","61.8266666666667","61.8285809018568","","57.2593127644206","56.4417694347405","45.9917625194636","50.960825816101","48.7649762474236","48.5515586183666","52.6687288099139","51.1674796175316","51.3355060443873","49.4608489601331","47.5703005642197","41.9312380751559","40.1864248839338","38.565575048212","41.2330744343521","47.1643083440142","","","","","","","","","","30.9639865340866","30.7159562740672","28.6758059261364","28.8135884094636","29.7840664479535","27.3187899676127","29.6463173096064","28.3189089011933","29.352043149261","29.9132207309816","33.838644576354","33.603436918956","30.8127526920914","34.7596790560463","35.3319247592672","32.6635247163885","31.8896356224562","",
"Turkiye","TUR","Tax revenue (current LCU)","GC.TAX.TOTL.CN","","","","","","","","","","","","","38800","52100","65300","94900","133900","176000","261200","405400","750000","1206400","","1938200","2375900","3981800","5990680","9072700","14249800","25572100","45431200","78734200","141797000","264436000","588058000","1084941000","2245290000","5493391000","10553122000","","","","","","","","","","176023248006.13","182933090145.82","221273217524.733","262305641931.14","287880664399.98","337012868030.06","370170544744.49","427071627542.45","482024402827.72","557900551253.09","652556093822.87","727657950692.79","899060192371.593","1299076591530.94","2632999085111.38","4936588633169.97","7858021244912.95","",
"Turkiye","TUR","Taxes on international trade (current LCU)","GC.TAX.INTT.CN","","","","","","","","","","","","","6600","8700","10200","14400","24300","29700","47400","53900","56300","77100","","165700","246800","362400","465200","773800","1155100","1961300","3335800","4573500","7813000","15228000","23825000","51783000","63286000","146916000","211100000","","","","","","","","","","2873788621.69","2555292175.86","3356702665.68","4820999162.61","5367912775.64","6845132080.7","6929469170.17","8712710681.71","9830799437.81","13426896078.65","16647600443.62","18299390703.99","26815813567.27","36850664483.9","81865639761.5","148578538791.94","234957983456.96","",
"Turkiye","TUR","Taxes on goods and services (% of revenue)","GC.TAX.GSRV.RV.ZS","","","","","","","","","","","","","32.9113924050633","32.7150084317032","31.5642458100559","30.1470588235294","30.8977035490605","27.1268057784912","21.8943033630748","20.5758002818603","20.9351528615254","20.8728784205057","","23.3136556992795","23.4558796415797","27.3228918162016","30.9840084376158","33.1571498714727","31.9551859155735","29.4321263052634","31.1917150905258","31.6035600840293","33.530211488884","32.2743208945565","36.3728372322471","39.3712463642234","46.311189972038","45.2483669690924","39.5961294358622","","","","","","","","","","35.2325811284934","35.6457193336353","38.8849619212226","39.3218513794565","37.6837065677236","40.9522247581891","38.3863997180018","39.4139768715483","38.6237213759785","38.5669409439683","34.1373537756927","33.9946368353839","37.3561713725352","35.122616488113","37.1946171984529","34.1125613945358","35.0328672139012","",
"Turkiye","TUR","Revenue, excluding grants (% of GDP)","GC.REV.XGRT.GD.ZS","","","","","","","","","","","","","16.3957108267036","16.2912087912088","14.4413069786204","16.8786844554763","17.4562682215743","17.6938369781312","18.4208862759972","17.8791260213815","18.0724964631209","18.2698392608531","","16.5671877921443","12.3284432947979","13.7353791796669","13.7358969288929","13.8806695225898","13.5071135891414","13.6747170007201","13.6555927056466","14.2993625468544","16.0574481784724","17.8517015596051","19.259368098539","12.9423542309003","13.2918437643681","15.745824708607","17.2134766298453","","","","","","","","","","30.873317828598","31.4805609082016","31.3740275795167","30.5733274427087","30.621624698759","30.8565141953979","30.3276548015133","30.4983562189661","30.9443928097308","29.501534894828","30.207791762814","29.2876680740266","29.5197315875713","29.4977695405094","27.2711691129616","33.0413461477558","31.4818867249691","",
"Turkiye","TUR","Grants and other revenue (% of revenue)","GC.REV.GOTR.ZS","","","","","","","","","","","","","17.5105485232068","12.141652613828","8.79888268156425","12.7757352941176","6.81976339596381","5.83199571963617","10.3637611530542","18.381316690155","20.6601079022533","16.4253550398337","","15.8694331105131","12.3898373833843","17.4006845762888","14.6168866337904","12.6553639680752","18.5429706479179","18.0397171849259","17.8610816811366","20.0968164242873","20.0093644051064","25.5935665768133","21.1694194325026","22.502885763756","17.173032514147","12.9442510450146","14.8143158404553","","","","","","","","","","18.2791095472637","18.2300353437204","17.1360161323112","17.4730756827973","18.8414512971025","17.897849846323","17.2877642218176","16.0680992864752","16.4003739565183","16.1845766436969","19.049746848662","19.2746032575142","17.9051677667761","19.0882858794891","18.3652439929348","26.6058884522528","21.4587493857649","",
"Turkiye","TUR","Net investment in nonfinancial assets (% of GDP)","GC.NFN.TOTL.GD.ZS","","","","","","","","","","","","","3.18228986509858","2.52747252747253","3.22710770471965","3.25783431585479","4.65257531584062","5.79380857710878","4.66527593400341","3.23602462114395","2.88685810423278","3.5615744842425","","3.27848811287376","3.03630933168463","2.84480916356798","2.49748919816834","2.57300737802438","2.06694550955895","2.0265796953158","1.76385194939605","1.68384628312619","1.6611973278896","1.69764158252589","1.23809946523254","0.83252442767454","1.12947163048348","1.617428218422","1.07628214860398","","","","","","","","","","2.32553907112282","2.44799550076495","2.35604469279093","2.11691181764439","2.02891891731968","2.12659197413582","2.28313525054144","2.43951463732202","2.41310404831132","2.47997971824633","3.20278963863727","2.84240319007391","2.88421792939877","2.50141545617957","2.08593046798077","2.31279268843025","2.55466292285892","",
"Turkiye","TUR","Central government debt, total (% of GDP)","GC.DOD.TOTL.GD.ZS","","","","","","","","","","","","","","","","","","","","","","","","","","","","","","","30.2454942016516","32.1299111323629","34.0172750620102","33.6982232562415","44.0175057105221","25.8570964356936","27.4847222842895","31.8793752282311","30.2863787420054","","","","","","","","","","41.0318813015611","48.4871401208098","45.1797411840038","39.9693425323809","37.6997174684634","31.7836465280795","31.1206735016751","29.145145266046","30.075201418508","29.5734179673603","29.3999927208091","33.4600744570718","41.0396523893444","41.6375124693568","35.3300843740665","33.2548360254558","26.6192344930079","",
"Turkiye","TUR","Research and development expenditure (% of GDP)","GB.XPD.RSDV.GD.ZS","","","","","","","","","","","","","","","","","","","","","","","","","","","","","","","","","","","","","0.45159","0.49168","0.36198","0.45557","0.46558","0.52247","0.50904","0.46532","0.49713","0.56381","0.55292","0.68616","0.68741","0.80363","0.79369","0.79393","0.82595","0.81206","0.8564","0.96732","1.11979","1.17632","1.27093","1.3196","1.36748","1.40209","1.32342","1.42224","","",
"Turkiye","TUR","Account ownership at a financial institution or with a mobile-money-service provider, primary education or less (% of population ages 15+)","FX.OWN.TOTL.PL.ZS","","","","","","","","","","","","","","","","","","","","","","","","","","","","","","","","","","","","","","","","","","","","","","","","","","","","50.8865201622638","","","47.511413687558","","","57.4380932554562","","","","61.5382693108141","","","70.295002174836","",
"Turkiye","TUR","Account ownership at a financial institution or with a mobile-money-service provider, richest 60% (% of population ages 15+)","FX.OWN.TOTL.60.ZS","","","","","","","","","","","","","","","","","","","","","","","","","","","","","","","","","","","","","","","","","","","","","","","","","","","","64.5851754767595","","","59.4241501193616","","","76.6746991242777","","","","82.5265560436152","","","85.5567256187198","",
"Turkiye","TUR","Claims on other sectors of the domestic economy (% of GDP)","FS.AST.DOMO.GD.ZS","","","","","","","","","","","","","","","","","","","","","","","","","","","","","","","","","","","","","","","","","","","","","","","","","34.3570423359337","37.9399263487423","44.9148644808629","49.4562048652295","52.2780258651123","60.7890074785609","64.0248628031368","67.2935469935344","70.3155157543543","71.3490911726299","67.9668982584892","65.7884982217439","76.7434785484067","72.5081670839465","54.8599582880258","49.8868799451295","44.1583042241765","47.3197680680897",
"Turkiye","TUR","Interest rate spread (lending rate minus deposit rate, %)","FR.INR.LNDP","","","","","","","","","","","","","","","","","","","","","","","","","","","","","","","","","","","","","","","","","","","","","","","","","","","","","","","","","","","","","","","","","","",
"Turkiye","TUR","Inflation, consumer prices (annual %)","FP.CPI.TOTL.ZG","5.66473988439309","3.17285699708268","3.88832025146503","6.36270692832311","1.11963781543112","4.55553368394828","8.47199621539225","13.9748929481675","6.04623966197407","4.92419394498296","7.92395208301997","19.0114086837675","15.4164557223962","13.9381652448957","23.8981615766705","21.2273552385835","17.4556893891337","25.9853378650602","61.8970444383435","63.5431082506343","94.2608598807592","37.6147825797716","29.1375145022676","31.3902710198445","48.3923231346863","44.9617301528779","34.6100759738745","38.8558434758409","68.8096433837048","63.2725524930958","60.3038691346447","65.978567991895","70.0761038690374","66.0938429820004","105.214986469202","89.1133172248499","80.4121511388042","85.6693616499779","84.6413434846314","64.8674876350757","54.9153705812683","54.4001887619074","44.964120947985","21.6024384490573","8.59826168115262","8.17916036802008","9.59724212288446","8.75618090972632","10.4441283764885","6.25097663090626","8.56644420552976","6.471879671151","8.89156996512163","7.49309030547693","8.85457271364316","7.67085364845885","7.7751341532833","11.1443110840764","16.3324638988929","15.1768215720022","12.2789574462574","19.5964926913324","72.3088359891207","53.8594087593315","58.5064507300342","34.8811629820306",
"Turkiye","TUR","Broad money (% of GDP)","FM.LBL.BMNY.GD.ZS","14.6989720998532","15.2712100139082","14.9439601494396","14.5922746781116","15.934393638171","17.6880222841226","18.4712371946414","19.2542613636364","19.8285714285714","20.8618721461187","22.6732824426845","23.5406185566495","24.8855067449844","25.3824175823832","23.4175070592729","23.0569345330244","22.2847424684008","23.2371485373355","21.1847777988495","19.5088729706634","18.033858448364","22.4883559043159","25.5955376374831","25.0506982697867","25.1328584222466","24.4455841917055","27.8964277114213","29.238014557981","27.9063954590654","26.8154382359268","23.7402311401663","27.0899256947401","27.8115693892633","25.1969872248245","31.6005197044971","23.1984012646178","26.5199049779534","26.6843181029638","28.1229125357385","38.0335652096507","33.4760905007002","44.1754866584863","38.5764610990871","33.8441860628853","33.0972625961229","38.5264224535963","40.2104267814276","41.4884884910048","45.8136833548705","51.3950065544163","52.5066224847327","50.3109063460313","49.4029495346267","51.9555839485783","51.3065670777795","52.3721303504702","55.1507347989139","53.5497317634405","52.4848065363097","57.648063536615","66.2557194643874","69.89419042803","54.3584694901504","52.2571521372537","43.4651622053406","42.405460458804",
"Turkiye","TUR","Net foreign assets (current LCU)","FM.AST.NFRG.CN","2270","2130","1960","2060","2050","1930","1930","1980","2200","3420","-1586.30074882171","3890.32343676339","5782.93605869558","11609.1949330881","1769.79987575788","-23820.3066616659","-62356.4726504187","-84409.9375267643","-116434.931396088","-183133.974888424","-477019.418844085","-473811.612904942","-572425.060466639","-1009621.20539145","-2325007.22628869","-4613187.42970615","-3566550.73752848","-5179693.98153604","-1608715.48896548","2808820.19812942","4342951.4186626","13053061.6504896","36304767.747375","43909514.6882289","207036778.179814","470027500.072931","780339450.488173","1595975859.76619","1758453302.79249","5107253047.94471","1638489947.73643","-3871484310.0857","-10293918599.3255","-11421943369.3295","-5200650166.4225","11444790289.1188","38354286445.6597","48148025221.5013","71363738857.3595","66799093237.6515","27965423630.4467","30524454310.6479","36956024537.7416","-11552781193.9694","-53080478078.7045","-80196846373.2497","-62408062172.7952","-112839435208.835","-65648657014.5152","100705579792.374","-33417759250.187","398759262915.981","822003296626.482","738231522038.839","651847364410.737","1474266409645.92",
"Turkiye","TUR","Total reserves minus gold (current US$)","FI.RES.XGLD.CD","78000000","62000000","50000000","63000000","40000000","25000000","29000000","22000000","26000000","128000000","304140000","631428586.944714","1262080777.45191","1985872127.48642","1561691904.70725","943818501.125961","990470646.351815","638036441.378014","801299643.034341","658197599.821103","1077000000","928209511.837663","1080121341.82004","1288125373.01484","1270680373.29486","1055929261.86292","1411594877.25221","1775836939.09688","2344492887.99774","4780460640.7864","6049535118.29395","5144174312.3203","6159412666.5475","6271512909.31373","7169312960.67317","12441845319.3564","16435819484.867","18658335761.0854","19488809978.6684","23345860685.8992","22488440255.1615","18879205044.262","27068603592.9479","33990987003.7045","35669142865.7953","50579001444.9876","60891882734.8823","73383889194.709","70428065015.1764","70873658697.6394","80712981658.9094","78322380031.4294","99942631608.9645","110926748052.956","106906397642.209","92920827378.6929","90919204818.2566","84115053501.0138","72866830470.308","78532272033.2221","50030653817.0715","72697047782.1336","82887985445.8925","92703190401.6959","90858657478.1688","71620524300.458",
"Turkiye","TUR","Bank liquid reserves to bank assets ratio (%)","FD.RES.LIQU.AS.ZS","","","","","","","","","","","","","","","","","","","","","","","","","","","","","","","","","","","","","","","","","","20.441565651785","27.1178789171135","23.5184705195475","17.5587516654739","19.0555190755294","14.8402561493376","13.9049458401185","15.8625450853812","14.5200917351731","10.9084747784053","12.8525517114557","16.0578186356985","17.0822602464864","16.23631311138","15.7646651901706","14.9944692387305","14.9108166988662","12.9768745327898","12.1998038012702","15.0127341891518","21.8581338474172","21.0534995988291","27.0954617929976","26.8382495872543","26.1917125004761",
"Turkiye","TUR","Commercial bank branches (per 100,000 adults)","FB.CBK.BRCH.P5","","","","","","","","","","","","","","","","","","","","","","","","","","","","","","","","","","","","","","","","","","","","","","12.5515624184898","13.6607276274224","15.0434407468775","16.8213826592523","16.9562403146897","17.4366619849109","17.7609371351792","18.1579952692232","19.2077699222752","19.1871518970881","18.7780999833829","17.7776399069239","17.1087065389164","16.6670288428598","15.9845481967216","15.3840009371709","14.9611231626158","14.4427660253151","14.177323575616","13.6983772737341","",
"Turkiye","TUR","Terrestrial and marine protected areas (% of total territorial area)","ER.PTD.TOTL.ZS","","","","","","","","","","","","","","","","","","","","","","","","","","","","","","","","","","","","","","","","","","","","","","","","","","","","","","2.2","0.2","0.2","0.2","0.2","0.2","0.2","0.2","5.7","5.7","5.7","5.7","5.7",
"Turkiye","TUR","Renewable internal freshwater resources, total (billion cubic meters)","ER.H2O.INTR.K3","","227","227","227","227","227","227","227","227","227","227","227","227","227","227","227","227","227","227","227","227","227","227","227","227","227","227","227","227","227","227","227","227","227","227","227","227","227","227","227","227","227","227","227","227","227","227","227","227","227","227","227","227","227","227","227","227","227","227","227","227","227","227","","","",
"Turkiye","TUR","Annual freshwater withdrawals, industry (% of total freshwater withdrawal)","ER.H2O.FWIN.ZS","","","","","","","","","","","","","","","","","","","","","","","","","","","","","","","","","11.07594937","10.05815015","9.082040777","8.145111181","7.245048835","6.379719691","5.547151287","4.74551774","3.733807468","6.360250193","8.740636582","11.07733526","3.33897103","3.309394539","3.281359088","3.289021316","3.127826708","3.337479511","3.499505529","3.54954955","3.712066287","4.094727594","4.59590738","3.012918922","1.7235139","1.822087427","1.844493219","1.821986358","1.882163472","2.292468715","2.008312523","","","",
"Turkiye","TUR","Total fisheries production (metric tons)","ER.FSH.PROD.MT","87860","81280","60200","130420","121150","134580","117056","188163","133578","169580","174241","160880","175487","146974","129418","122494","153520","165435","245221","350902","428225","471720","505206","559267","569168.085","580782.115","582930.932","627998","674004.5","454841.3","384986.1","364784","456459","557973","603574","652585","553630.5","504605","543901","636827","582383","594980","627947","587715","644932","546063","662381","773193","647014","623556","653646","703680.156","645257.641","608004.961","537346.604","672241.397","588714.893","630820.297","628630.928","836523.68","785810.8","799844","849825.9","1010354.6","933118.5","",
"Turkiye","TUR","Population in urban agglomerations of more than 1 million","EN.URB.MCTY","3349316","3560717","3815085","4088345","4382367","4697467","4994752","5293097","5612723","5953800","6319334","6626792","6910649","7207161","7518187","7844025","8151709","8455525","8772796","9103750","9449544","9838042","10255564","10691381","11146960","11621250","12081698","12545347","13028586","13530218","14053150","14503135","14925862","15360308","15808652","16270732","16747656","17237879","17711183","18174366","18651191","19229175","19868003","20528831","21213396","21919627","22651235","23408128","24192300","25001389","25839645","26706973","27400782","27903045","28416288","28908251","29377612","29853900","30339219","30836753","31344136","31852051","32346597","32815076","33252269","33662146",
"Turkiye","TUR","Population living in areas where elevation is below 5 meters (% of total population)","EN.POP.EL5M.ZS","","","","","","","","","","","","","","","","","","","","","","","","","","","","","","","2.83511781929251","","","","","","","","","","2.69769585616406","","","","","","","","","","","","","","","2.58616013593939","","","","","","","","","","",
"Turkiye","TUR","Mammal species, threatened","EN.MAM.THRD.NO","","","","","","","","","","","","","","","","","","","","","","","","","","","","","","","","","","","","","","","","","","","","","","","","","","","","","","","","","","","19","","","","18","","","",
"Turkiye","TUR","Nitrous oxide (N2O) emissions from Waste (Mt CO2e)","EN.GHG.N2O.WA.MT.CE.AR5","","","","","","","","","","","0.5614","0.5816","0.5964","0.5987","0.6204","0.6494","0.6718","0.6944","0.6953","0.7339","0.7511","0.7692","0.78","0.8157","0.8265","0.9058","0.9246","0.9428","0.9513","0.9501","1.0064","1.014","1.0338","1.0486","1.064","1.0584","1.0697","1.0909","1.108","1.1135","1.1167","1.1368","1.1399","1.159","1.167","1.1859","1.2021","1.2067","1.2101","1.2209","1.2511","1.2901","1.3209","1.3474","1.3766","1.4032","1.4398","1.4681","1.5032","1.5548","1.601","1.6486","1.6571","1.695","1.7337","",
"Turkiye","TUR","Nitrous oxide (N2O) emissions from Industrial Processes (Mt CO2e)","EN.GHG.N2O.IP.MT.CE.AR5","","","","","","","","","","","1.8877","1.9433","2.0293","2.1089","2.1602","2.2368","2.2893","2.3628","2.3766","2.4072","2.4451","2.4936","2.5675","2.632","2.6759","2.7594","2.8393","2.9479","2.972","3.0318","3.107","3.6303","4.5758","4.6661","3.6999","5.9052","5.8216","5.0905","5.5416","5.6468","5.7526","5.274","5.5545","5.4863","5.5767","4.5099","5.284","5.1116","5.0713","5.0787","5.1339","5.1962","5.269","5.3042","5.3613","5.4387","5.5364","5.6641","5.6771","5.6873","6.0318","6.4143","6.243","6.1338","6.2699","",
"Turkiye","TUR","Nitrous oxide (N2O) emissions from Agriculture (Mt CO2e)","EN.GHG.N2O.AG.MT.CE.AR5","","","","","","","","","","","10.6808","10.7818","10.6997","10.801","10.4315","11.4644","12.5002","13.0632","13.3925","13.8545","14.2722","14.7315","15.0727","15.2297","15.4759","13.9882","14.5015","15.6048","15.2411","15.2856","15.3863","14.7719","15.2365","16.0187","14.152","13.8198","14.5391","14.6129","15.6744","16.0137","15.0224","13.881","14.1129","14.5732","14.8275","15.073","15.3628","14.8226","13.5786","14.9821","14.5438","14.5787","15.9991","17.6876","17.4093","17.7726","19.8637","19.5701","19.4593","20.5307","23.0339","21.5853","20.2001","19.721","19.4017","",
"Turkiye","TUR","Carbon dioxide (CO2) emissions from Transport (Energy) (Mt CO2e)","EN.GHG.CO2.TR.MT.CE.AR5","","","","","","","","","","","10.2767","11.0977","12.3015","13.8429","14.3706","16.3763","17.6625","20.0544","19.4705","17.4672","16.7433","16.8674","18.0669","18.907","19.0821","19.7597","22.0809","25.1473","25.5515","25.9493","27.851","26.5579","27.1141","32.2711","31.3355","35.2006","36.9932","34.3485","31.7171","33.2992","34.7352","33.3117","35.0762","35.1269","35.7433","36.9415","41.6515","47.4505","44.6722","44.2586","43.3861","44.0003","51.0565","57.2043","60.9324","72.5081","79.1517","82.8434","83.3702","83.5207","78.8566","89.4596","90.1147","97.2171","99.2863","",
"Turkiye","TUR","Carbon dioxide (CO2) emissions excluding LULUCF per capita (t CO2e/capita)","EN.GHG.CO2.PC.CE.AR5","","","","","","","","","","","1.24074248197898","1.3265816263827","1.5013366693884","1.58897894872029","1.61799605543206","1.71418371404896","1.86314390955376","2.01316718668736","1.94845695434006","1.76244762772338","1.80199373183379","1.77000849934987","1.87890451851499","1.93720985291061","2.00470734004102","2.13115305536723","2.28448995449244","2.43475519395227","2.31337720651225","2.51438958993609","2.77001803853739","2.67536050369649","2.74131878814249","2.78869191492144","2.7254313717351","2.9230143832552","3.14001031845519","3.25282819588816","3.23222867004141","3.16718237356086","3.47043278431936","3.1206808144442","3.24208511129842","3.38625448591684","3.43889343076092","3.5495611200862","3.91176721812036","4.28079364507414","4.21593984029483","4.1835136272879","4.26801919276368","4.48332295905392","4.57803809727294","4.38456228128668","4.60446003106117","4.70276339686943","4.93533246982308","5.39416444458135","5.27401972926131","5.01913672458907","5.07395962903497","5.47500634541911","5.22956172007378","5.23215412799609","5.37926453268486","",
"Turkiye","TUR","Carbon dioxide (CO2) net fluxes from LULUCF - Total excluding non-tropical fires (Mt CO2e)","EN.GHG.CO2.LU.MT.CE.AR5","","","","","","","","","","","","","","","","","","","","","","","","","","","","","","","","","","","","","","","","","-68.4589","0","-69.4365","-71.3679","-69.9714","-72.2889","-71.7093","-72.137","-68.2614","-70.9101","-72.1817","-75.7254","-73.6516","-76.6779","-77.019","-73.0247","-73.9196","-76.2507","-70.5454","-64.5318","-57.9636","-49.2351","-56.3957","-69.3787","","",
"Turkiye","TUR","Carbon dioxide (CO2) emissions from Industrial Combustion (Energy) (Mt CO2e)","EN.GHG.CO2.IC.MT.CE.AR5","","","","","","","","","","","6.9924","8.2371","11.2483","11.608","11.7207","13.3392","15.3151","16.2142","19.7275","18.8726","20.7751","19.9545","21.0549","22.1242","24.454","23.3099","22.2327","26.6012","28.2528","29.7942","32.7604","34.5727","33.1593","33.163","30.3418","33.6878","42.0751","45.5148","46.9974","41.3611","58.0282","42.4275","53.0949","59.9542","58.6114","54.958","63.0871","62.9214","37.5313","41.6152","48.683","52.0817","54.092","46.4785","47.9816","50.6114","51.0559","68.7882","72.693","67.0847","73.2848","81.3594","73.867","70.7385","75.0248","",
"Turkiye","TUR","Methane (CH4) emissions (total) excluding LULUCF (% change from 1990)","EN.GHG.CH4.ZG.AR5","","","","","","","","","","","","","","","","","","","","","","","","","","","","","","","","-2.04696462378859","0.969720599880231","1.21612007251299","0.88149109866833","-0.305286132894933","-0.0966705924440148","1.18637527483791","-0.250620018248826","-1.04589139933196","0.659811964643886","-1.94346076701382","-2.62939991880473","-2.43183818830065","-2.46178396433839","-0.896162519143195","3.67207566433398","6.18390324097708","8.57433988656782","10.4317819143591","10.6667256203197","14.6424795906473","20.2545993898297","24.6831576112516","28.7475430395164","30.7523022071444","31.8900407182163","34.5970182850115","48.637969636189","54.0549394452193","59.2074217289767","61.3375913949104","60.0591680299699","55.5023856131649","57.9456795681377","",
"Turkiye","TUR","Methane (CH4) emissions (total) excluding LULUCF (Mt CO2e)","EN.GHG.CH4.MT.CE.AR5","","","","","","","","","","","41.5375","41.2951","42.2134","42.939","43.8288","44.3072","45.4275","46.2143","47.1649","48.1002","49.4106","51.6108","52.3957","51.2449","51.6901","48.3295","49.728","50.8797","50.5814","51.1337","49.7566","48.7381","50.2391","50.3617","50.1952","49.6047","49.7085","50.3469","49.6319","49.2362","50.0849","48.7896","48.4483","48.5466","48.5317","49.3107","51.5837","52.8335","54.0229","54.9471","55.064","57.0422","59.8346","62.0381","64.0604","65.0579","65.624","66.9709","73.9572","76.6525","79.2162","80.2761","79.64","77.3727","78.5884","",
"Turkiye","TUR","Methane (CH4) emissions from Building (Energy) (Mt CO2e)","EN.GHG.CH4.BU.MT.CE.AR5","","","","","","","","","","","2.4929","2.4178","2.7097","2.7247","2.8127","2.8492","3.0403","3.0808","3.1496","3.1736","3.3552","3.3518","3.612","3.7301","3.6694","3.7548","3.8255","4.1306","4.0794","4.007","3.6343","3.6482","3.7517","3.6148","3.346","3.3709","3.3341","3.4475","3.2235","3.0462","2.9483","2.6765","2.6941","2.7185","2.7481","2.7249","2.5895","2.6183","2.6849","2.8958","2.867","2.4396","2.4237","2.0424","1.8718","1.8117","1.7656","1.6702","1.2827","1.1347","1.0932","1.0217","1.0001","1.1426","1.1773","",
"Turkiye","TUR","Total greenhouse gas emissions including LULUCF (Mt CO2e)","EN.GHG.ALL.LU.MT.CE.AR5","","","","","","","","","","","","","","","","","","","","","","","","","","","","","","","","","","","","","","","","","233.3595","278.6054","220.3008","231.3392","239.6973","248.4413","280.4816","307.1194","310.5471","312.4997","322.6695","342.2813","360.4871","351.165","374.7247","392.323","418.4485","459.6265","468.3488","464.3827","485.4653","532.7497","507.8657","494.6834","","",
"Turkiye","TUR","Bird species, threatened","EN.BIR.THRD.NO","","","","","","","","","","","","","","","","","","","","","","","","","","","","","","","","","","","","","","","","","","","","","","","","","","","","","","","","","","","20","","","","22","","","",
"Turkiye","TUR","PM2.5 pollution, population exposed to levels exceeding WHO Interim Target-1 value (% of total)","EN.ATM.PM25.MC.T1.ZS","","","","","","","","","","","","","","","","","","","","","","","","","","","","","","","88.0800392009571","","","","","87.0942252436107","","","","","86.9600632473711","","","","","82.9000362845939","","","","","89.1665895224751","82.7803064014342","84.2059011002366","86.2926668046303","88.8538151258146","91.6331246579714","91.0932949763815","91.57567005142","","","","","","","","",
"Turkiye","TUR","Combustible renewables and waste (% of total energy)","EG.USE.CRNW.ZS","","","","","","","","","","","","","","","","","","","","","","","","","","","","","","","14.0103502796526","14.2569277848089","13.6378324998475","12.6823412927158","12.825192193156","11.6034671212939","10.5954992480544","10.068293451259","9.85983997323218","9.73960070373006","8.52151637644102","8.9063339800452","8.08923047721384","7.33245789933479","6.87784532667346","6.35183928151471","5.55171032394643","5.01077679849211","4.88837105908436","4.72772436656981","4.28289800379638","3.22817509428451","3.12002654737915","3.39150197845919","2.94579902266615","2.50254767905326","2.28221900232035","2.06528297853406","2.24530630160583","2.3442454317373","2.57417649809971","2.82407752119388","3.25266000676115","3.63081442996743","3.51035774767883","",
"Turkiye","TUR","Energy imports, net (% of energy use)","EG.IMP.CONS.ZS","","","","","","","","","","","","","","","","","","","","","","","","","","","","","","","54.0052424700438","48.2292355352387","50.8209591000614","55.7314590016072","56.176441813404","59.6789685074913","60.941078073726","60.6504056689215","60.6476962338191","61.4495154493949","66.4118980253342","65.3827730782475","68.8098367142749","71.8014634682364","71.9972658232343","73.6048165950947","74.1979484170948","75.5977950715525","73.6741545438837","71.5993831278916","71.8113675930831","72.3455243356568","76.5045153451191","76.7082026488658","78.733472872237","80.4443196769827","77.2878181142887","79.1725104847079","75.8316479912546","72.1973632944636","71.3330026792086","72.1247121502374","72.704129716299","71.9928600541247","","",
"Turkiye","TUR","Other people in need of international protection by country or territory of asylum","SM.POP.OPIP.EA","","","","","","","","","","","","","","","","","","","","","","","","","","","","","","","","","","","","","","","","","","","","","","","","","","","","","","","","","","","","","","","","","","",
"Turkiye","TUR","Asylum-seekers by country or territory of origin","SM.POP.ASYS.EO","","","","","","","","","","","","","","","","","","","","","","","","","","","","","","","","","","","","","","","","","10231","13326","12516","8527","5282","11310","12187","9172","8531","9273","7493","6885","8857","10552","11189","12073","23236","33801","42915","46941","44517","46327","82737","153142","158221","117576",
"Turkiye","TUR","Children in employment, wage workers, female (% of female children in employment, ages 7-14)","SL.WAG.0714.FE.ZS","","","","","","","","","","","","","","","","","","","","","","","","","","","","","","","","","","","","","","","","","","","","","","","34.57","","","","","","","","","","","","","","","","","","","",
"Turkiye","TUR","Unemployment, male (% of male labor force) (national estimate)","SL.UEM.TOTL.MA.NE.ZS","","","","","","","","","","","","","","","","","","","","","","","8.948","10.084","8.945","11.257","","","7.298","7.978","7.8","8.492","8.301","8.082","8.362","7.374","6.538","6.135","6.589","7.505","6.575","8.713","10.705","10.71","10.781","10.45","9.922","10.036","10.743","13.919","11.435","9.167","8.537","8.748","9.039","9.245","9.597","9.419","9.549","12.384","12.315","10.671","8.94","7.662","7.108","6.9",
"Turkiye","TUR","Share of youth not in education, employment or training, total (% of youth population)  (modeled ILO estimate)","SL.UEM.NEET.ME.ZS","","","","","","","","","","","","","","","","","","","","","","","","","","","","","","","","","","","","","","","","","","","","","","42.557","41.224","41.84","39.771","36.963","34.698","31.929","31.168","28.123","24.855","24.032","23.964","24.188","24.461","26.052","28.335","24.753","24.158","22.494","22.946","23.081",
"Turkiye","TUR","Share of youth not in education, employment or training, female (% of female youth population) (modeled ILO estimate)","SL.UEM.NEET.FE.ME.ZS","","","","","","","","","","","","","","","","","","","","","","","","","","","","","","","","","","","","","","","","","","","","","","58.508","57.099","57.447","54.272","50.146","47.687","44.717","42.721","39.048","35.34","34.079","33.682","34.139","33.623","34.059","35.757","32.362","32.296","29.705","30.019","30.259",
"Turkiye","TUR","Unemployment with basic education (% of total labor force with basic education)","SL.UEM.BASC.ZS","","","","","","","","","","","","","","","","","","","","","","","","","","","","","","","","","","","","","","","","","5.724","7.921","9.786","10.18","9.858","10.15","9.851","9.701","10.619","13.812","11.556","9.159","8.599","9.184","9.282","9.885","10.043","9.708","10.025","13.13","12.549","10.974","9.142","8.019","7.434","",
"Turkiye","TUR","Unemployment with advanced education, male (% of male labor force with advanced education)","SL.UEM.ADVN.MA.ZS","","","","","","","","","","","","","","","","","","","","","","","","","","","","","","","","","","","","","","","","","","","","","9.784","7.897","7.716","7.436","8.066","9.629","8.05","7.636","7.234","7.352","7.637","7.582","8.774","8.674","9.063","10.258","10.067","9.291","8.321","6.654","6.142","",
"Turkiye","TUR","Unemployment, youth male (% of male labor force ages 15-24) (modeled ILO estimate)","SL.UEM.1524.MA.ZS","","","","","","","","","","","","","","","","","","","","","","","","","","","","","","","","17.135","17.625","18.449","17.305","16.722","14.647","13.885","14.72","15.383","13.44","16.851","19.953","20.998","20.18","19.286","18.076","19.345","19.882","25.113","20.836","16.963","16.127","16.75","16.442","16.339","17.168","17.609","17.386","22.191","22.361","19.195","16.203","14.147","13.01","12.783",
"Turkiye","TUR","Labor force, total","SL.TLF.TOTL.IN","","","","","","","","","","","","","","","","","","","","","","","","","","","","","","","20354848","21015986","21160763","20211005","21720314","22054066","22434274","22467652","23094059","23563397","22804910","23207086","23537756","23365651","22775376","23212611","23497202","23635212","24405474","25413653","26452690","27575358","28126488","29149709","29521920","30550902","31514194","32535361","33302540","33686201","31770146","33490693","35081594","35554975","36409307","36882225",
"Turkiye","TUR","Part time employment, female (% of total female employment)","SL.TLF.PART.FE.ZS","","","","","","","","","","","","","","","","","","","","","","","","","","","","","","","","","","","","","","","","","","","","","7.192","12.305","17.373","19.182","20.209","23.782","23.786","24.739","24.376","24.834","22.605","20.631","19.073","19.105","19.115","17.389","19.495","16.447","16.074","16.102","18.286","",
"Turkiye","TUR","Labor force participation rate, total (% of total population ages 15+) (modeled ILO estimate)","SL.TLF.CACT.ZS","","","","","","","","","","","","","","","","","","","","","","","","","","","","","","","56.614","56.998","55.99","52.153","54.649","54.125","53.734","52.553","52.796","52.7","49.948","49.822","49.577","48.331","46.306","46.431","46.272","46.23","46.886","47.88","48.804","49.864","49.958","50.84","50.512","51.3","52","52.832","53.212","52.951","49.334","51.359","53.055","53.313","54.2","54.379",
"Turkiye","TUR","Ratio of female to male labor force participation rate (%) (modeled ILO estimate)","SL.TLF.CACT.FM.ZS","","","","","","","","","","","","","","","","","","","","","","","","","","","","","","","42.8492050462828","42.5366317554463","41.0805223617204","34.3347805361951","39.8541173459594","39.7550082610492","39.5242914979757","37.5488696243413","38.1229257584864","39.5699436642069","36.0406781504493","37.2405070252138","38.9798973182435","37.7440316228014","33.1903723678926","33.0157551171992","33.7599077676899","33.8384057029886","34.9031702768613","36.8936746773158","39.0165192914617","40.1905750933229","41.5084470205697","43.024219024219","42.4638639850248","44.0098621539841","45.0805407437315","46.3508694330025","47.0337639419299","47.7336637246986","45.3022599700238","46.709898097342","49.0984548947029","50.2967400781931","51.1819459324086","51.6713731272692",
"Turkiye","TUR","Labor force with basic education (% of total working-age population with basic education)","SL.TLF.BASC.ZS","","","","","","","","","","","","","","","","","","","","","","","","","","","","","","","","","","","","","","","","","50.967","50.734","50.327","48.706","46.68","46.917","46.835","46.577","46.883","47.629","48.684","49.668","49.539","49.806","49.355","49.709","50.106","50.594","51.058","50.125","45.595","47.179","48.1","47.321","47.789","",
"Turkiye","TUR","Labor force with advanced education, male (% of male working-age population with advanced education)","SL.TLF.ADVN.MA.ZS","","","","","","","","","","","","","","","","","","","","","","","","","","","","","","","","","","","","","","","","","","","","","84.177","83.467","82.641","82.561","82.702","83.119","84.318","85.325","85.061","86.092","85.037","86.165","86.418","86.489","86.083","85.81","83.282","84.596","85.127","85.39","85.862","",
"Turkiye","TUR","Labor force participation rate, female (% of female population ages 15-64) (modeled ILO estimate)","SL.TLF.ACTI.FE.ZS","","","","","","","","","","","","","","","","","","","","","","","","","","","","","","","36.115","36.335","34.697","28.517","33.14","32.664","32.267","30.424","30.745","31.406","28.075","28.63","29.618","28.315","24.947","25.039","25.523","25.59","26.601","28.312","30.092","31.364","32.215","33.711","33.316","34.692","35.878","37.246","37.975","38.369","34.745","37.038","39.734","40.694","41.929","42.477",
"Turkiye","TUR","Labor force participation rate for ages 15-24, male (%) (national estimate)","SL.TLF.ACTI.1524.MA.NE.ZS","86.374","","","","","82.067","","","","","73.128","","","","","74.134","","","","","78.876","","","","","78.509","","","73.564","70.909","71.84","","","","","","","","","","57.58","56.329","53.256","50.572","51.307","51.717","51.143","51.633","51.718","52.228","50.901","52.32","50.781","51.9","53.978","54.188","54.268","55.202","56.292","55.933","50.127","53.132","56.152","57.447","59.514","60.1",
"Turkiye","TUR","Children in employment, work only (% of children in employment, ages 7-14)","SL.TLF.0714.WK.ZS","","","","","","","","","","","","","","","","","","","","","","","","","","","","","","","","","","","","","","","","66.8050396567","","","","","","","38.8","","","","","","","","","","","","","","","","","","","",
"Turkiye","TUR","Children in employment, work only, female (% of female children in employment, ages 7-14)","SL.TLF.0714.WK.FE.ZS","","","","","","","","","","","","","","","","","","","","","","","","","","","","","","","","","","","","","","","","69.5237173291","","","","","","","48.5","","","","","","","","","","","","","","","","","","","",
"Turkiye","TUR","Children in employment, study and work, male (% of male children in employment, ages 7-14)","SL.TLF.0714.SW.MA.ZS","","","","","","","","","","","","","","","","","","","","","","","","","","","","","","","","","","","","","","","","35.1128297596","","","","","","","66.5","","","","","","","","","","","","","","","","","","","",
"Turkiye","TUR","Children in employment, male (% of male children ages 7-14)","SL.TLF.0714.MA.ZS","","","","","","","","","","","","","","","","","","","","","","","","","","","","","","","","","","","","","","","","5.2047754395","","","","","","","3.3","","","","","","","","","","","","","","","","","","","",
"Turkiye","TUR","Employment in services, female (% of female employment) (modeled ILO estimate)","SL.SRV.EMPL.FE.ZS","","","","","","","","","","","","","","","","","","","","","","","","","","","","","","","","22.3168380600996","23.1486981914537","24.7574213389696","25.2074641010358","25.5949826142365","25.305788903884","26.2509788014532","27.2625551395263","28.3410251208437","29.6766350723805","28.0041577806788","29.5094785867204","31.4325434020544","36.2052111217895","39.9412860138192","42.7965181445824","44.0222202071357","44.9939160597861","48.4181170441695","47.2076861409574","47.9633786347576","50.4134442655153","50.7845889020833","51.500288484117","54.2177532024018","56.0273552394662","56.4552606699484","57.8301193957834","59.2638513284811","59.2056006739465","59.6156975949413","61.5223544009955","63.4171533436397","63.8801314156072","64.4812214178751",
"Turkiye","TUR","Children in employment, self-employed (% of children in employment, ages 7-14)","SL.SLF.0714.ZS","","","","","","","","","","","","","","","","","","","","","","","","","","","","","","","","","","","","","","","","","","","","","","","2.08","","","","","","","","","","","","","","","","","","","",
"Turkiye","TUR","Child employment in manufacturing, male (% of male economically active children ages 7-14)","SL.MNF.0714.MA.ZS","","","","","","","","","","","","","","","","","","","","","","","","","","","","","","","","","","","","","","","","19.9432756289","","","","","","","12.7","","","","","","","","","","","","","","","","","","","",
"Turkiye","TUR","Employment in industry, female (% of female employment) (modeled ILO estimate)","SL.IND.EMPL.FE.ZS","","","","","","","","","","","","","","","","","","","","","","","","","","","","","","","","12.87475729041","16.8179223734231","18.2928328317757","13.8457034649731","12.9774682086072","13.0474052773945","15.3962999541462","14.6893593524637","14.8259647739892","18.1507373317628","16.7935914758671","18.5659717714434","18.2315110931457","21.2090500211832","21.6311115908765","21.231022005758","20.8003714325658","20.417900836976","19.3503555507421","20.5635453701703","19.9204787215563","19.2158672744888","19.6447368117394","19.5964922663066","18.4885389761719","17.9654360909583","17.6136126549882","17.9080115614762","17.311996921264","17.7417842239576","17.6682600292314","18.0307744560745","18.0660238836468","17.6255386470328","17.4709279456947",
"Turkiye","TUR","Contributing family workers, female (% of female employment) (modeled ILO estimate)","SL.FAM.WORK.FE.ZS","","","","","","","","","","","","","","","","","","","","","","","","","","","","","","","","51.9762730196564","52.2003175065407","54.6733576170309","51.9955375745716","51.6418111584132","51.2991695678255","52.2769827736265","51.5366607507882","50.2178282263775","50.5998171273179","51.756137112601","48.1893333630328","47.7213242110047","43.3244803295973","39.276974547518","34.6808383815649","33.9865968839334","33.8558181105526","34.2044119101258","34.6428339046141","34.9467310460227","33.1232486852441","30.9071229825635","30.4153499655124","28.7745328443551","27.2916212330309","26.752589336625","24.5792949423606","23.7735933544419","20.9544297734866","20.1726413968534","18.2281113783237","16.3984034904173","16.401971590828","15.874880884631",
"Turkiye","TUR","Wage and salaried workers, total (% of total employment) (modeled ILO estimate)","SL.EMP.WORK.ZS","","","","","","","","","","","","","","","","","","","","","","","","","","","","","","","","47.6496966860602","47.8387819874119","48.074685372485","48.1789147934698","48.367864440804","48.6224039073657","48.7922299557013","49.157384426913","49.485915782391","49.9619461528566","48.5559375602598","51.1365295692383","52.0150227408814","55.8602581053284","58.0714894022373","60.303322111735","61.8633016137099","62.3947212382286","61.4281978770901","62.3014130083664","63.1148534548232","64.3389119134107","65.4844061574891","65.8196583030034","66.5841849060233","67.3135294263687","67.0243228816952","67.7512510119543","68.2241449656164","69.5973819877924","69.9096535253293","70.6983633959883","71.4014947127505","71.1590209676105","71.4511711990274",
"Turkiye","TUR","Vulnerable employment, male (% of male employment) (modeled ILO estimate)","SL.EMP.VULN.MA.ZS","","","","","","","","","","","","","","","","","","","","","","","","","","","","","","","","40.6518099613468","40.5895929347334","40.8372931131496","40.3914558726109","40.2694961198062","40.0339155140082","39.9815208473674","39.539359981263","39.3063651092797","39.150973633196","39.8067706311722","37.144343307129","37.2538886068472","34.9626441202714","32.6531456921771","30.3293628786565","28.6971433531135","27.8388350680994","28.5255683942843","27.4488967026084","26.6943819207123","26.1217836758971","25.8390665557552","25.5984295639574","25.1178899723474","24.7017981777866","25.0392581380238","24.8966901339102","24.8453230757922","24.1293736779549","23.9195518873841","23.6329020218513","23.0618406715596","23.2636473413018","23.0694677939116",
"Turkiye","TUR","Employment to population ratio, 15+, male (%) (modeled ILO estimate)","SL.EMP.TOTL.SP.MA.ZS","","","","","","","","","","","","","","","","","","","","","","","","","","","","","","","","72.987","72.341","70.769","71.291","71.451","71.753","71.525","71.239","69.775","68.716","66.394","63.824","62.797","62.196","62.692","62.503","62.334","62.223","60.359","62.296","64.716","64.689","64.991","64.626","64.777","64.93","65.525","65.6","62.933","59.677","62.678","64.923","65.639","66.716","66.944",
"Turkiye","TUR","Female share of employment in senior and middle management (%)","SL.EMP.SMGT.FE.ZS","","","","","","","","","","","","","","","","","","","","","","","","","","","","","","","","","","","","","","","","","14.589","","","","16.52","15.696","17.23","18.046","19.423","20.065","18.762","18.662","14.346","16.572","15.504","14.483","16.732","17.265","16.342","17.523","19.279","20.654","19.645","20.546","21.453","",
"Turkiye","TUR","Employers, total (% of total employment) (modeled ILO estimate)","SL.EMP.MPYR.ZS","","","","","","","","","","","","","","","","","","","","","","","","","","","","","","","","5.02124509099625","5.03255804151549","5.04377953242049","5.0724660671208","5.08320964002166","5.09145297166363","5.09780876265609","5.09510126821688","5.07802059187173","5.08382421443977","5.23747419116644","5.49733965600957","4.9184966121665","5.03446080931479","5.33335441602127","5.62982814708329","5.68555100550436","5.84798113936812","5.6262495035428","5.26408171054699","5.1060614156218","4.93338409159224","4.57380602243986","4.58638134418241","4.60158898084393","4.61481903022349","4.60411697428085","4.5196170680977","4.53049843016324","4.53077859747641","4.56757438756233","4.4796454224568","4.65875326253724","4.62798539872578","4.6418379263427",
"Turkiye","TUR","Employment to population ratio, ages 15-24, total (%) (national estimate)","SL.EMP.1524.SP.NE.ZS","","","","","","","","","","","","","","","","","","","","","","","","","","","","","47.565","47.08","45.913","","","","","","","","","","36.968","35.283","33.031","30.513","30.018","30.233","30.277","30.155","30.319","28.905","30.001","32.052","31.508","32.234","33.522","34.226","34.106","34.335","35.046","33.133","29.186","32.244","35.318","37.652","39.467","40.3",
"Turkiye","TUR","Employment to population ratio, ages 15-24, female (%) (national estimate)","SL.EMP.1524.SP.FE.NE.ZS","","","","","","","","","","","","","","","","","","","","","","","","","","","","","35.516","36.718","33.483","","","","","","","","","","24.754","24.378","24.051","21.719","19.815","19.441","19.325","19.336","19.801","19.311","20.251","21.223","20.73","21.51","22.033","23.175","23.209","23.003","23.358","22.624","19.2","21.175","23.162","25.379","26.375","26.7",
"Turkiye","TUR","Child employment in agriculture (% of economically active children ages 7-14)","SL.AGR.0714.ZS","","","","","","","","","","","","","","","","","","","","","","","","","","","","","","","","","","","","","","","","65.4057859438","","","","","","","57.06","","","","","","","","","","","","","","","","","","","",
"Turkiye","TUR","Annualized average growth rate in per capita real survey mean consumption or income, total population (%)","SI.SPR.PCAP.ZG","","","","","","","","","","","","","","","","","","","","","","","","","","","","","","","","","","","","","","","","","","","","","","","","","","","","","","","","","","","","","","","","10.32","","",
"Turkiye","TUR","Average transaction cost of sending remittances from a specific country (%)","SI.RMT.COST.OB.ZS","","","","","","","","","","","","","","","","","","","","","","","","","","","","","","","","","","","","","","","","","","","","","","","","","","","","","","","","","10.37941","12.24832","9.93984","10.27673","8.23776","13.44","14.713334","9.956667","","",
"Turkiye","TUR","Poverty headcount ratio at societal poverty line (% of population)","SI.POV.SOPO","","","","","","","","","","","","","","","","","","","","","","","","","","","","28.5","","","","","","","29","","","","","","","","28.3","28.6","27.9","26.6","26","24.6","23.9","24.2","22.5","22.4","22","21.9","22.4","21.8","22","22.8","22.3","22.7","22.3","22.6","21.2","19.6","","",
"Turkiye","TUR","Poverty gap at $4.20 a day (2021 PPP) (%)","SI.POV.LMIC.GP","","","","","","","","","","","","","","","","","","","","","","","","","","","","5.3","","","","","","","5.8","","","","","","","","4.7","6.1","4","3.9","3.1","2.5","2.1","1.8","1.7","1.4","1.2","1","0.8","0.9","0.6","0.7","0.7","0.8","0.8","0.7","0.3","0.1","","",
"Turkiye","TUR","Poverty headcount ratio at $3.00 a day (2021 PPP) (% of population)","SI.POV.DDAY","","","","","","","","","","","","","","","","","","","","","","","","","","","","9","","","","","","","10.1","","","","","","","","7.6","10","6.6","6.5","4.8","4","3.3","3","2.8","2","1.7","1.5","1","1.3","0.9","1.1","1","1.3","1.1","0.9","0.5","0.2","","",
"Turkiye","TUR","Income share held by highest 10%","SI.DST.10TH.10","","","","","","","","","","","","","","","","","","","","","","","","","","","","32.4","","","","","","","32","","","","","","","","31.9","32.4","30.8","32.8","29.6","28.2","29.4","29.2","29.3","30.5","30.5","30.6","31.6","33.5","32.1","34","32.6","33.9","33","34.7","35.2","34.4","","",
"Turkiye","TUR","Income share held by second 20%","SI.DST.02ND.20","","","","","","","","","","","","","","","","","","","","","","","","","","","","10.2","","","","","","","10.1","","","","","","","","10.1","10","10.1","10","10.6","11","10.9","10.8","11","10.6","10.5","10.5","10.2","9.9","9.9","9.7","10","9.6","9.8","9.5","9.5","9.7","","",
"Turkiye","TUR","UHC service coverage sub-index on service capacity and access","SH_UHC_SCI_CAPACITY","","","","","","","","","","","","","","","","","","","","","","","","","","","","","","","","","","","","","","","","","68","68","68","68","69","69","70","72","72","73","74","79","83","83","82","84","86","87","83","85","92","91","90","89","","",
"Turkiye","TUR","Proportion of population facing impoverishing out-of-pocket health expenditure, based on the societal poverty line (%)","SH_UHC_FH40_IMPOV","","","","","","","","","","","","","","","","","","","","","","","","","","","","","","","","","","","","","","","","","","","11.84","9.55","10.46","11.05","11.12","11.05","11.97","12.98","13.39","13.76","12.17","14.54","14.4","11.97","11.33","","","","","","","","","",
"Turkiye","TUR","Domestic private health expenditure per capita (current US$)","SH.XPD.PVTD.PC.CD","","","","","","","","","","","","","","","","","","","","","","","","","","","","","","","","","","","","","","","","","73.90194573","48.75030761","54.46394187","66.95962048","82.80723351","115.27641999","127.47799083","157.44746657","153.39280904","96.00452951","117.01082576","109.76844554","108.40089082","118.6288627","116.54283908","97.24341207","98.38186564","96.32126587","86.01033809","86.73152998","81.71171779","91.43612275","95.85768176","131.89477752","","",
"Turkiye","TUR","Out-of-pocket expenditure (% of current health expenditure)","SH.XPD.OOPC.CH.ZS","","","","","","","","","","","","","","","","","","","","","","","","","","","","","","","","","","","","","","","","","28.60040474","23.43206978","20.32076836","18.93056297","20.18101692","24.17697906","23.6489296","23.88428879","19.18195724","14.5079031","16.87221718","15.89518452","15.9315958","16.92680168","17.72542191","16.94873238","16.46614456","17.38420105","17.49141884","17.04763412","16.43061447","16.27120399","19.47843933","19.04723167","","",
"Turkiye","TUR","Domestic general government health expenditure (% of GDP)","SH.XPD.GHED.GD.ZS","","","","","","","","","","","","","","","","","","","","","","","","","","","","","","","","","","","","","","","","","2.83683038","3.28714538","3.54229712","3.57052255","3.52044296","3.31541967","3.54304099","3.60262251","3.79284501","4.42291498","3.91593647","3.68182659","3.51873088","3.42470455","3.35657501","3.21666884","3.36101246","3.24810481","3.18893552","3.38672566","3.63981962","3.59388018","2.78341818","3.24591351","","",
"Turkiye","TUR","Changes in inventories (current LCU)","NE.GDI.STKB.CN","","","","","","","","","2400","2500","2900","2800","3400","-800","15400","16700","19300","15300","-29700","-29800","118400","216300","192600","212900","392700","438800","873900","687400","-1247300","1522000","6601300","-6159600","4000200","21619500","-121416200","361894000","905580200","863633400","2226555700","1703982700","2920729400","3810835600","6729558200","9052495500","-2771140100","4715422200","8915414300","9330681400","24434198600","7424206800","42029542800","56128641900","32151036900","47068755200","23247020000","1200243300","-5640757200","79885276000","39792844100","45909026900","318963425100","444842165300","1234827482200","464413952400","-260644126900","677639130187.4",
"Turkiye","TUR","Gross fixed capital formation (annual % growth)","NE.GDI.FTOT.KD.ZG","","","","","","","","","","","","","","","","","","","","","","","","","","","","","-1.04157620149471","2.19852924208092","15.8773110373825","1.22195951919042","4.31868877445054","24.87348260117","-15.9128296691395","11.636957482759","12.0274564320508","12.6033482091772","-9.97071690402348","-9.4639043863762","22.5156301426342","-27.2452292147854","19.0363511988063","20.0064895992282","32.1562997240233","19.8021843580929","15.5773170331377","5.94651426938975","-2.84472100523854","-19.4564982006238","19.6775003335696","23.6430471258619","3.41843871138019","14.6889404570744","3.48840157010261","8.73872298176754","3.11758003995601","7.45972551620402","0.812966704192263","-12.1003770556291","6.92177756949575","7.21710789247419","4.39720266644268","7.3351396171424","2.66911592968404","6.95300512972111",
"Turkiye","TUR","Gross fixed capital formation, private sector (% of GDP)","NE.GDI.FPRV.ZS","","","","","","","","","","","","","","","","","","","","","","","","","","","","14.428433966481","17.13661109155","15.1365078638894","15.6177857742911","15.8424889095976","15.5171360420279","18.4117391120726","19.0911189247336","14.3663940582414","14.8138992617227","14.9311097986103","","","","","","","","","","","","","","","","","","","","","","","","","","","","",
"Turkiye","TUR","Exports of goods and services (annual % growth)","NE.EXP.GNFS.KD.ZG","","","","","","","","","","","","","","","","","","","","","","","","","","","","","18.4164656736377","-0.258952074939174","3.15184055510048","3.12110017606587","11.0010392918783","7.68543844075838","15.1798521211872","7.98452705563501","20.2864325237732","17.1006105606321","10.8170032052176","-9.97949959785495","19.1066820929798","5.03660672947197","8.50913732802654","7.94280193318939","12.4132659978053","8.50572973507013","5.92882370839089","7.1085089588282","3.90460093169874","-3.155776005974","2.32107884111224","13.3746965339959","15.0242724994096","4.72038357083602","7.02947283971341","5.05591014346463","-2.19584046618301","12.4507299068044","9.52560514728991","4.67370203826715","-16.4126972213936","25.0855072538277","10.4974391896991","-2.27506913217589","0.072831483379133","-0.318771199064116",
"Turkiye","TUR","Gross national expenditure (% of GDP)","NE.DAB.TOTL.ZS","74.7430249632893","75.6606397774687","75.9651307596513","76.0729613733906","74.3538767395626","74.0947075208914","74.8620961386919","74.0767045454545","74.4761904761905","74.3721461187215","77.2519083969466","81.4020618556701","84.0885506745071","84.532967032967","89.4513916901977","88.6751473782191","87.8158406219631","90.0407081321594","85.2076616726721","81.7249199092905","90.8691163537644","86.9434248829262","86.3203141381217","87.9503516518287","87.5892731314582","82.2304853898648","80.3975387289959","101.767219516634","96.2495502013937","98.4229110973373","104.090747422405","105.732602950341","105.820684344155","108.602862422006","102.935561104118","99.3447771225284","100.531496233367","99.8829961157182","99.0680243346006","100.004989176629","102.507842225538","95.3506627215027","97.5723578370593","99.9788338882288","101.28458019274","102.071234392815","103.594306004974","103.652307513407","102.918494096557","99.5234195174609","103.763445111651","106.670869015063","103.396125061004","104.261833387048","102.672124670477","101.313356098213","101.605778941107","103.056660529742","99.3694250798042","96.5186966009785","102.909844421695","99.5016310385401","103.615850737203","101.856023111922","99.4623597004898","100.235134381809",
"Turkiye","TUR","Gross national expenditure (current US$)","NE.DAB.TOTL.CD","5655555555.55556","6044444444.44444","6777777777.77778","7877777777.77778","8311111111.11111","8866666666.66667","10555555555.5556","11588888888.8889","13033333333.3333","14477777777.7778","13800000000","13160000000","17364285714.2857","21978571428.5714","31678571428.5714","40828571428.5714","45181250000","52838888888.8889","56162500000","73238709677.4193","62539473684.2105","61886486486.4865","55563803680.9816","54356444444.4444","52498910081.7439","55285823754.7893","60839259259.2593","88730921820.3034","87466947960.6188","105437700282.752","156818436182.445","159692953020.134","168365759604.191","195936677287.21","134485771218.211","233161821354.564","251697656163.626","263508876963.092","273462790153.572","256686745163.963","281638721152.108","192794348998.195","234932780021.045","315326143508.663","415425577308.761","518842588958.032","579784303018.72","710255132313.223","798046412891.983","650778116596.557","811996340816.675","900507483783.146","915394455738.054","1003173625462.77","967524023253.838","876826623036.909","884801429240.746","890280233916.91","783385804339.767","748843342341.375","754975687743.852","835752674554.665","959583779360.028","1162424595988.65","1351816571672.97","1601049014847.36",
"Turkiye","TUR","Final consumption expenditure (annual % growth)","NE.CON.TOTL.KD.ZG","","","","","","","","","","","","","","","","","","","","","","","","","","","","","0.911673368104886","-0.790766248789282","12.4322088689184","2.24547676070073","3.37126493337958","8.04813231461252","-5.08167468104614","5.76301008227485","9.78509167837905","7.46749184736129","0.675762167604148","2.22126633422559","4.53022785516355","-7.12639995457336","5.78781453793064","6.63993845054658","9.4914488306076","5.086550107478","4.58056564259725","5.44147803336561","0.721759379867535","-1.25813425357074","8.01882278598123","10.5715530046372","2.86021216805459","6.98045736364993","3.68178124711653","4.27487407966728","5.00352231147386","5.7408679607603","2.26132012196945","2.0419507367228","3.4469138473959","13.1133352057328","13.8331747031573","8.98102902969656","3.31495991032682","3.36446401694776",
"Turkiye","TUR","Households and NPISHs final consumption expenditure (% of GDP)","NE.CON.PRVT.ZS","56.3876651982379","56.3282336578581","55.4171855541719","54.9356223175966","53.5785288270378","52.4605385329619","52.0882584712372","51.2784090909091","51.1111111111111","51.1986301369863","51.9592875318066","56.2061855670103","56.5202352127292","57.8296703296703","61.0326744655103","58.9512876202296","56.0738581146744","57.1428571428571","57.9366584487009","55.4731651128469","61.1535961457577","59.2330084799393","59.4241436495683","62.2768916567188","63.0737688149802","58.2017637588865","53.9617809954326","68.2778409007266","63.4943064202222","65.6069599369006","68.5804617206219","70.6013122326984","69.5333958923254","69.0933867361742","69.9576605914789","63.2011145109664","62.3524617593688","63.1117409808179","63.161071058514","65.8014008159291","66.5050220639657","62.986595050107","63.0607299881665","64.3447004036914","63.5833179046988","62.0686836957713","60.2288949303101","60.3692842235514","59.2083471482514","59.6185726299226","60.6228758599217","60.6727542162611","59.5314613325498","58.6305849123034","57.8863269116081","57.749056241101","57.1746088383203","56.1526953470055","53.5164172897048","53.7700191031226","53.7237935856694","52.0798808692358","53.1963980335985","54.0316865126121","54.275043662128","54.705088365197",
"Turkiye","TUR","Households and NPISHs Final consumption expenditure per capita (constant 2015 US$)","NE.CON.PRVT.PC.KD","","","","","","","","","","","","","","","","","","","","","","","","","","","","3125.42419240395","3100.82566029467","3009.25955775088","3340.54193102578","3345.31814070458","3397.60514369634","3621.3486305877","3369.89050157807","3501.78072132651","3812.49523670637","4051.40253273935","3956.54410820939","3967.51112211799","4092.2946371687","3696.85199490874","3862.17794495407","4117.04225462627","4477.83517705841","4665.67886102624","4774.80883841835","5006.64604611444","4943.87515110802","4697.02300151932","5100.47752638822","5629.9085736143","5681.0816908079","5993.64946374512","6108.66802950418","6389.73063403042","6542.87550428619","6845.37641488191","6807.05790168185","6801.69322564349","6981.18612577411","7997.87532144051","9199.44874591381","10121.9778367685","10535.7524804573","10915.4086524399",
"Turkiye","TUR","Households and NPISHs final consumption expenditure: linked series (current LCU)","NE.CON.PRVT.CN.AD","","","","","","","","","","","","","","","","","","","","","","","","","","","","","","","373649749.016998","616650545.847405","1053816559.14191","1898087497.46037","3751242490.69925","6800316300","12708131800","25285499900","45456420600","70730374700","114240969800","156085735800","228851724300","304587525500","371767636300","423905729300","481505684000","538980247600","597543020300","604240339500","712954100299.998","857903316799.999","946579581400.004","1073962204000","1193823397700","1359446929200","1503685335200","1769668564000","2037091303100","2366983293100","2762321990000","3871514136299.99","8152804153399.99","14637977636699.9","24199736075400.1","34475642219512.1",
"Turkiye","TUR","Households and NPISHs Final consumption expenditure per capita, PPP (current international $)","NE.CON.PCAP.PP.CD","","","","","","","","","","","","","","","","","","","","","","","","","","","","","","","3783.58219694312","3944.7682097441","4110.46080336426","4496.35621945189","4268.13323351333","4040.31154007429","4526.09206311995","4960.86084252073","4859.51617363388","4953.24802723414","5314.53182242678","5044.32574743784","5190.87264770949","5333.0909590905","5976.04988801531","6324.47603590543","6755.33239881366","7277.7997260588","7949.5026568775","7725.74128755078","8745.74922519428","10065.9066952448","10233.1823152457","10871.1499089093","11295.6739435321","12022.0856385103","12196.3838805819","12902.376005977","12957.0127599069","13391.0715700404","13063.699629761","14955.0311459409","19727.2213790225","22291.0903891548","22544.8936030518","22623.8638083823",
"Turkiye","TUR","General government final consumption expenditure (constant 2015 US$)","NE.CON.GOVT.KD","","","","","","","","","","","","","","","","","","","","","","","","","","","","34842962906.0566","34470416082.9887","34754743444.2484","37534836613.6109","39217556248.8392","40702975165.3322","42912625092.9217","41411111956.3356","44173323105.7611","46128667786.6388","48479269641.867","53980785141.8293","57091908271.3753","59835809415.8902","60236282565.955","63866424503.4433","64373539435.7266","68888642730.6583","71596385955.2466","79110615959.7188","84920660714.6979","88213158457.4063","96121320155.5296","95933867697.0354","100371813271.46","106091224166.188","113998572146.123","119968936234.343","116849229395.932","128792337352.882","134935324020.175","145858922832.049","152505266045.876","156724391987.237","163285689363.836","170694193750.392","174535966657.842","173139999990.114","174577143783.05",
"Turkiye","TUR","Military expenditure (% of general government expenditure)","MS.MIL.XPND.ZS","","","","","","","","","","","","","","","","","","","","","","","","","","","","","","","","","","","","","","","","","","","","","","","","","","","","","","","","","","","","","","","","","","",
"Turkiye","TUR","Armed forces personnel (% of total labor force)","MS.MIL.TOTL.TF.ZS","","","","","","","","","","","","","","","","","","","","","","","","","","","","","","","3.77796974951618","3.8256591910558","3.32691217230683","3.39419044228627","3.73383184055258","3.1286747758894","3.15231952680974","3.65503257750298","3.55589288136832","3.56994367153429","3.62948154586008","2.86593499933598","2.82439838360122","2.84520213025522","2.70467543543518","2.65803790879018","2.60456542868381","2.58935693066768","2.51173158939671","2.41130230274255","2.31658859647166","2.22227395923563","2.17872917514622","2.1022508320752","2.07574575095387","1.6758915988798","1.62466474630447","1.57367241138034","1.53802082363688","1.51991018518235","1.61157584859698","","","","","",
"Turkiye","TUR","Logistics performance index: Frequency with which shipments reach consignee within scheduled or expected time (1=low to 5=high)","LP.LPI.TIME.XQ","","","","","","","","","","","","","","","","","","","","","","","","","","","","","","","","","","","","","","","","","","","","","","","","3.38","","","3.94","","3.87","","3.684326","","3.748734","","3.63","","","","3.6","","","",
"Turkiye","TUR","Logistics performance index: Quality of trade and transport-related infrastructure (1=low to 5=high)","LP.LPI.INFR.XQ","","","","","","","","","","","","","","","","","","","","","","","","","","","","","","","","","","","","","","","","","","","","","","","","2.94","","","3.08","","3.62","","3.533005","","3.493645","","3.21","","","","3.4","","","",
"Turkiye","TUR","Individuals using the Internet (% of population)","IT.NET.USER.ZS","","","","","","","","","","","","","","","","","","","","","","","","","","","","","","","0","","","0.00846","0.0499","0.0817","0.193","0.474","0.699","2.29","3.761685035075","5.18948146078506","11.38","12.33","14.58","15.46","18.24","28.63","34.37","36.4","39.82","43.065710430925","45.13","46.25","51.0373665521645","53.7449791423583","58.3477340145685","64.6846176835371","71.0427608433809","73.9767022871511","77.6695605","81.40843745","83.43716576","85.96074155","87.3078767","89.77024003",
"Turkiye","TUR","Secure Internet servers","IT.NET.SECR","","","","","","","","","","","","","","","","","","","","","","","","","","","","","","","","","","","","","","","","","","","","","","","","","","","6245","8689","16733","20046","23067","28548","103855","271843","356867","453706","570108","652636","778926","843190","949548","",
"Turkiye","TUR","Fixed telephone subscriptions","IT.MLT.MAIN","180030","180030","180030","180030","180030","243361","243361","243361","243361","243361","376987","376987","376987","376987","376987","680585","769907","851353","986844","1092137","1147782","1301558","1501977","1673227","1941088","2247884","2779615","3696872","4910911","5861517","6861458","8151740","9410486","10935523","12212000","13127000","14286478","15579000","16807000","17912000","18395171","18904486","18890000","18916721","19125163","18978223","18831616","18201006","17502205","16534356","16201466","15210846","13859672","13551705","12528865","11493057","11077559","11308444","11633461","11532903","12448604","12310016","11197979","9925534","9026297","",
"Turkiye","TUR","Liner shipping connectivity index (maximum value in 2004 = 100)","IS.SHP.GCNW.XQ","","","","","","","","","","","","","","","","","","","","","","","","","","","","","","","","","","","","","","","","","","","","","","","34.0967086534","34.6495246476","35.0033428144","37.3148996639","38.8948986087","47.4079256819","51.1111480062","50.9983775126","55.2830182123","51.2718060489","55.838043973","56.7294698488","55.6065271981","57.6743494189","60.8071133037","61.4981173947","","","","",
"Turkiye","TUR","Air transport, passengers carried","IS.AIR.PSGR","","","","","","","","","","","1035700","1476000","1774500","2222800","1795100","1777800","2427300","2751700","2221500","2458400","1253700","2071300","2094600","2233600","2575400","2508000","2721900","3260900","3497300","3792300","4337100","3160000","4958600","6076800","6871600","7749000","8463900","9379900","9949300","10097300","12187891","10603908","10686877","10745444","14275835","16943828","19361415","22895275","25505092","31339441","45665249","53500303","63350312","74413804.6198675","84574844","96604665","100366461","107917326","115595495.817","111131475","44722690.061","69065868","104672089.362","125940241","","",
"Turkiye","TUR","Statistical performance indicators (SPI): Pillar 4 data sources score (scale 0-100)","IQ.SPI.PIL4","","","","","","","","","","","","","","","","","","","","","","","","","","","","","","","","","","","","","","","","","","","","","","","","","","","","","","","","66.4","66.275","62.275","62.275","62.275","62.325","70.6583333333333","65.9166666666667","65.9166666666667","71.9916666666667","",
"Turkiye","TUR","Statistical performance indicators (SPI): Overall score (scale 0-100)","IQ.SPI.OVRL","","","","","","","","","","","","","","","","","","","","","","","","","","","","","","","","","","","","","","","","","","","","","","","","","","","","","","","","","72.6454166666667","77.2029166666667","77.99","78.47125","78.1458333333333","80.0825","77.7208333333333","78.6770833333333","79.3483333333333","",
"Turkiye","TUR","CPIA policies for social inclusion/equity cluster average (1=low to 6=high)","IQ.CPA.SOCI.XQ","","","","","","","","","","","","","","","","","","","","","","","","","","","","","","","","","","","","","","","","","","","","","","","","","","","","","","","","","","","","","","","","","","",
"Turkiye","TUR","CPIA property rights and rule-based governance rating (1=low to 6=high)","IQ.CPA.PROP.XQ","","","","","","","","","","","","","","","","","","","","","","","","","","","","","","","","","","","","","","","","","","","","","","","","","","","","","","","","","","","","","","","","","","",
"Turkiye","TUR","IDA resource allocation index (1=low to 6=high)","IQ.CPA.IRAI.XQ","","","","","","","","","","","","","","","","","","","","","","","","","","","","","","","","","","","","","","","","","","","","","","","","","","","","","","","","","","","","","","","","","","",
"Turkiye","TUR","CPIA financial sector rating (1=low to 6=high)","IQ.CPA.FINS.XQ","","","","","","","","","","","","","","","","","","","","","","","","","","","","","","","","","","","","","","","","","","","","","","","","","","","","","","","","","","","","","","","","","","",
"Turkiye","TUR","CPIA debt policy rating (1=low to 6=high)","IQ.CPA.DEBT.XQ","","","","","","","","","","","","","","","","","","","","","","","","","","","","","","","","","","","","","","","","","","","","","","","","","","","","","","","","","","","","","","","","","","",
"Turkiye","TUR","Trademark applications, nonresident, by count","IP.TMK.NRCT","","","","","","","","","","","","","","","","","","","","","","","","","","","","","","","","","","","","","","","","","","","","","","","","30430","31584","24734","","29965","32002","33034","32945","32411","33253","32260","33373","33697","32209","39220","","","","",
"Turkiye","TUR","Industrial design applications, resident, by count","IP.IDS.RSCT","","","","","","","","","","","","","","","","","","","","","","","","","","","","","","","","","","","","2885","3832","10241","12287","8987","10030","13312","19667","21461","23211","26798","28266","29170","28885","26371","29570","35491","39921","43631","41249","38709","39475","39255","35462","39239","42073","59353","","","","",
"Turkiye","TUR","Public private partnerships investment in ICT (current US$)","IE.PPN.ICTI.CD","","","","","","","","","","","","","","","","","","","","","","","","","","","","","","","","","","","55000000","","","","","","","","","","","","","","","","","","","","","","","","","","","","","","","",
"Turkiye","TUR","Investment in ICT with private participation (current US$)","IE.PPI.ICTI.CD","","","","","","","","","","","","","","","","","","","","","","","","","","","","","","","","","","","74000000","","","","","","","","","","","6550000000","","","","","","","","","","","","","","","","","","","","",
"Turkiye","TUR","Management practices index","IC.MNG.IND","","","","","","","","","","","","","","","","","","","","","","","","","","","","","","","","","","","","","","","","","","","","","","","","","","","","","","","","","","","","40.03048325","","","","","40.23764038","",
"Turkiye","TUR","Value lost due to electrical outages (% of sales for affected firms)","IC.FRM.OUTG.ZS","","","","","","","","","","","","","","","","","","","","","","","","","","","","","","","","","","","","","","","","","","","","","","","","","0","","","","","0","","","","","","0","","","","","0","",
"Turkiye","TUR","Firms formally registered when operations started (% of firms)","IC.FRM.FREG.ZS","","","","","","","","","","","","","","","","","","","","","","","","","","","","","","","","","","","","","","","","","","","","","","","","","94.05028534","","","","","98.00993347","","","","","","95.76468658","","","","","97.13154602","",
"Turkiye","TUR","Firms exporting directly at least 10% of sales (% of firms)","IC.FRM.EXS.ZS","","","","","","","","","","","","","","","","","","","","","","","","","","","","","","","","","","","","","","","","","","","","","","","","","22.03004456","","","","","21.59362411","","","","","","9.99448204","","","","","5.583973885","",
"Turkiye","TUR","Firms that are fully credit constrained (% of firms)","IC.FRM.CRDC.FL.ZS","","","","","","","","","","","","","","","","","","","","","","","","","","","","","","","","","","","","","","","","","","","","","","","","","","","","","","","","","","","","21.99911118","","","","","31.36406326","",
"Turkiye","TUR","Firms that use a third party to resolve commercial disputes (% of firms)","IC.FRM.CDP.ZS","","","","","","","","","","","","","","","","","","","","","","","","","","","","","","","","","","","","","","","","","","","","","","","","","","","","","","","","","","","","","","","","","64.03562927","",
"Turkiye","TUR","Firms using banks to finance working capital (% of firms)","IC.FRM.BKWC.ZS","","","","","","","","","","","","","","","","","","","","","","","","","","","","","","","","","","","","","","","","","","","10.5","","18.8","36.8","","","","","","","","43.23688126","","","","","","34.02731323","","","","","23.93120575","",
"Turkiye","TUR","Average time to clear exports through customs (days)","IC.CUS.DURS.EX","","","","","","","","","","","","","","","","","","","","","","","","","","","","","","","","","","","","","","","","","","","2.9","","4.7","6","","","5.272555351","","","","","6.170400143","","","","","","2.618125916","","","","","10.90891743","",
"Turkiye","TUR","B-READY: Utility Services Pillar 2: Quality of Governance and Transparency of Utility Services","IC.BRE.US.P2","","","","","","","","","","","","","","","","","","","","","","","","","","","","","","","","","","","","","","","","","","","","","","","","","","","","","","","","","","","","","","","","","","",
"Turkiye","TUR","B-READY: Taxation Pillar 2: Public Services Provided by the Tax Administration","IC.BRE.TX.P2","","","","","","","","","","","","","","","","","","","","","","","","","","","","","","","","","","","","","","","","","","","","","","","","","","","","","","","","","","","","","","","","","","",
"Turkiye","TUR","B-READY: Pillar 2: Public Services","IC.BRE.P2.PS","","","","","","","","","","","","","","","","","","","","","","","","","","","","","","","","","","","","","","","","","","","","","","","","","","","","","","","","","","","","","","","","","","",
"Turkiye","TUR","B-READY: Market Competition Pillar 1: Quality of Regulations that Promote Market Competition","IC.BRE.MC.P1","","","","","","","","","","","","","","","","","","","","","","","","","","","","","","","","","","","","","","","","","","","","","","","","","","","","","","","","","","","","","","","","","","",
"Turkiye","TUR","B-READY: Labor Pillar 1: Quality of Labor Regulations","IC.BRE.LB.P1","","","","","","","","","","","","","","","","","","","","","","","","","","","","","","","","","","","","","","","","","","","","","","","","","","","","","","","","","","","","","","","","","","",
"Turkiye","TUR","B-READY: International Trade Pillar 1: Quality of Regulations for International Trade","IC.BRE.IT.P1","","","","","","","","","","","","","","","","","","","","","","","","","","","","","","","","","","","","","","","","","","","","","","","","","","","","","","","","","","","","","","","","","","",
"Turkiye","TUR","B-READY: Financial Services Pillar 1: Quality of Regulations for Financial Services","IC.BRE.FS.P1","","","","","","","","","","","","","","","","","","","","","","","","","","","","","","","","","","","","","","","","","","","","","","","","","","","","","","","","","","","","","","","","","","",
"Turkiye","TUR","B-READY: Dispute Resolution Pillar 1: Quality of Regulations for Dispute Resolution","IC.BRE.DR.P1","","","","","","","","","","","","","","","","","","","","","","","","","","","","","","","","","","","","","","","","","","","","","","","","","","","","","","","","","","","","","","","","","","",
"Turkiye","TUR","B-READY: Business Location Pillar 1: Quality of Regulations for Business Location","IC.BRE.BL.P1","","","","","","","","","","","","","","","","","","","","","","","","","","","","","","","","","","","","","","","","","","","","","","","","","","","","","","","","","","","","","","","","","","",
"Turkiye","TUR","B-READY: Business Insolvency Pillar 1: Quality of Regulations for Judicial Insolvency Proceedings","IC.BRE.BI.P1","","","","","","","","","","","","","","","","","","","","","","","","","","","","","","","","","","","","","","","","","","","","","","","","","","","","","","","","","","","","","","","","","","",
"Turkiye","TUR","B-READY: Business Entry Pillar 1: Quality of Regulations for Business Entry","IC.BRE.BE.P1","","","","","","","","","","","","","","","","","","","","","","","","","","","","","","","","","","","","","","","","","","","","","","","","","","","","","","","","","","","","","","","","","","",
"Turkiye","TUR","Human capital index plus (HCI+): overall score, female (scale 0–325)","HD_HCIP_OVRL_FE","","","","","","","","","","","","","","","","","","","","","","","","","","","","","","","","","","","","","","","","","","","","","","","","","","","142.931807588592","","","","","169.56811968423","","","","","190.66007303455","","","","","210.913634588817",
"Turkiye","TUR","Human capital index plus (HCI+): health pillar score, total (scale 0–50)","HD_HCIP_HLTH_TO","","","","","","","","","","","","","","","","","","","","","","","","","","","","","","","","","","","","","","","","","","","","","","","","","","","44.4293146955967","","","","","45.3119237351418","","","","","46.367894064188","","","","","46.0528852522373",
"Turkiye","TUR","Human capital index plus (HCI+): education pillar score, male (scale 0–188)","HD_HCIP_EDUC_MA","","","","","","","","","","","","","","","","","","","","","","","","","","","","","","","","","","","","","","","","","","","","","","","","","","","105.456053320633","","","","","122.200292149654","","","","","137.482734185961","","","","","147.752499393789",
"Turkiye","TUR","Regulatory Quality - Governance score (0-100)","GOV_WGI_RQ_SC","","","","","","","","","","","","","","","","","","","","","","","","","","","","","","","","","","","","","52.7303933","","56.4894609","","58.2531284","","55.4319477","56.2057425","54.3675693","56.8883864","59.3474821","59.9815862","59.8705854","60.8718277","60.7687394","60.8813726","62.2976509","62.415875","60.6809005","58.28807","57.2964845","57.1293832","55.6793272","54.6143904","52.2583184","52.9207969","51.2488229","51.536951","51.5312748","",
"Turkiye","TUR","Political Stability - Governance score (0-100)","GOV_WGI_PV_SC","","","","","","","","","","","","","","","","","","","","","","","","","","","","","","","","","","","","","49.594599","","48.9476265","","56.8891119","","57.4089289","55.2274873","54.3133791","59.5097711","60.1071727","55.9301867","55.5683711","56.460345","56.5218712","53.995072","50.1846692","48.2631377","52.2324029","46.9449387","35.4862476","36.7492235","46.6927681","45.5253689","48.1362744","49.2892722","49.922523","50.7861106","49.3131044","",
"Turkiye","TUR","Control of Corruption - Governance score (0-100)","GOV_WGI_CC_SC","","","","","","","","","","","","","","","","","","","","","","","","","","","","","","","","","","","","","42.0076979","","35.9326547","","40.716375","","40.5247889","44.5387439","44.5260342","46.4075962","48.8677969","49.3714649","48.846693","48.4778457","48.8424342","48.7956216","51.0634993","50.688031","45.6504292","45.7015634","46.1425596","46.507721","43.1645279","44.2075641","41.2919795","39.7741275","39.101218","39.0000224","36.4544855","",
"Turkiye","TUR","WBL: Legal Framework Index (scale 0-100)","GD_WBL_OVL_LAW","","","","","","","","","","","","","","","","","","","","","","","","","","","","","","","","","","","","","","","","","","","","","","","","","","","","","","","","","","","","","","","","","","81.18",
"Turkiye","TUR","Expense (% of GDP)","GC.XPN.TOTL.GD.ZS","","","","","","","","","","","","","14.9083362158423","15.1373626373626","12.2831787010891","14.2258765125659","14.0792031098154","15.9235065795702","16.056640748467","18.7214283143155","18.2407372003212","15.7258574863941","","16.7527218858318","17.5373117365471","16.7269308030944","13.6691379874039","14.4435567082743","14.4399088408158","14.9850499661496","15.2956468245831","19.2333041694327","18.8673895705746","22.9351907602684","21.9351053894202","15.1179421068286","18.2453686997068","19.8437686199043","21.8415385008609","","","","","","","","","","30.1458278135473","35.3173242047987","32.6419229851543","30.1444408136135","29.4208604116485","28.9891426072392","29.2713082967685","28.8436742291669","30.6055405050211","31.5527664341113","33.1443390183968","34.8909170453359","33.4510950281809","30.2009775804558","29.0624088388364","33.0277530817277","","",
"Turkiye","TUR","Interest payments (% of expense)","GC.XPN.INTP.ZS","","","","","","","","","","","","","3.48027842227378","3.62976406533575","3.77668308702791","3.59869138495093","3.53753235547886","3.0321046373365","2.83464566929134","2.86483368582965","2.93470286133529","6.22132796780684","","7.78674450549451","9.71822588589056","10.1509266830199","15.529711691325","17.72063933287","18.0515436845857","18.1381845082578","20.7689147404156","15.3455293776915","13.0912792670512","15.1859551859552","20.9138241505449","12.988078032239","13.3352480267498","28.6686966854361","39.2934425767505","","","","","","","","","","17.1587217825388","12.4297812520439","10.2656147381998","9.38719576437143","8.77458044432787","7.46174947773654","7.05435384083923","6.46103985446171","5.97281784924859","6.14623896613312","7.94595619323975","6.3947252632675","8.47375325025056","9.71208869928898","14.6222349362631","11.0423652945442","","",
"Turkiye","TUR","Unemployment, female (% of female labor force) (national estimate)","SL.UEM.TOTL.FE.NE.ZS","","","","","","","","","","","","","","","","","","","","","","","23.059","24.765","29.145","11.093","","","9.673","8.841","8.502","7.248","7.906","8.749","7.625","6.914","5.586","7.284","6.464","7.302","6.25","7.474","9.438","10.118","10.974","11.169","11.116","10.978","11.597","14.298","12.983","11.266","10.781","11.906","11.917","12.646","13.742","14.082","13.891","16.488","14.969","14.721","13.406","12.647","11.781","11.4",
"Turkiye","TUR","Share of youth not in education, employment or training, male (% of male youth population)  (modeled ILO estimate)","SL.UEM.NEET.MA.ME.ZS","","","","","","","","","","","","","","","","","","","","","","","","","","","","","","","","","","","","","","","","","","","","","","27.239","26.013","26.919","25.924","24.374","22.286","19.708","20.132","17.684","14.824","14.402","14.642","14.642","15.675","18.382","21.228","17.46","16.35","15.578","16.163","16.197",
"Turkiye","TUR","Unemployment with intermediate education, male (% of male labor force with intermediate education)","SL.UEM.INTM.MA.ZS","","","","","","","","","","","","","","","","","","","","","","","","","","","","","","","","","","","","","","","","","8.93","11.367","12.045","10.692","12.59","11.051","10.312","10.387","10.555","13.926","11.605","8.991","8.326","8.227","8.663","8.601","9.551","9.557","9.175","12.396","12.563","10.931","9.384","8.426","7.795","",
"Turkiye","TUR","Unemployment with basic education, female (% of female labor force with basic education)","SL.UEM.BASC.FE.ZS","","","","","","","","","","","","","","","","","","","","","","","","","","","","","","","","","","","","","","","","","4.42","6.365","6.869","7.68","7.647","8.577","9.196","8.28","9.399","11.79","10.88","8.848","8.527","9.749","9.561","10.334","11.209","10.673","11.072","13.582","11.72","11.369","10.105","9.269","8.383","",
"Turkiye","TUR","Unemployment, youth total (% of total labor force ages 15-24) (modeled ILO estimate)","SL.UEM.1524.ZS","","","","","","","","","","","","","","","","","","","","","","","","","","","","","","","","15.242","16.248","17.715","16.021","15.538","13.491","14.32","14.109","14.925","12.944","16.048","18.944","20.253","20.333","19.685","18.89","19.807","20.304","25.093","21.578","18.208","17.342","18.442","17.698","18.299","19.369","20.469","20.011","25.039","24.919","22.36","19.289","17.306","16.287","16.042",
"Turkiye","TUR","Unemployment, youth female (% of female labor force ages 15-24) (modeled ILO estimate)","SL.UEM.1524.FE.ZS","","","","","","","","","","","","","","","","","","","","","","","","","","","","","","","","11.767","13.643","16.123","13.534","13.264","11.272","15.189","12.903","14.061","11.896","14.409","17.024","18.79","20.661","20.566","20.68","20.832","21.215","25.048","23.084","20.761","19.842","21.781","20.262","22.032","23.477","25.771","24.945","30.15","29.789","28.271","25.113","23.027","22.168","21.84",
"Turkiye","TUR","Part time employment, total (% of total employment)","SL.TLF.PART.ZS","","","","","","","","","","","","","","","","","","","","","","","","","","","","","","","","","","","","","","","","","","","","","3.209","5.317","7.633","8.459","9.265","11.313","11.692","11.978","12.031","12.455","11.67","10.906","10.317","10.489","10.879","10.358","12.426","9.946","9.76","10.159","12.094","",
"Turkiye","TUR","Labor force with intermediate education, male (% of male working-age population with intermediate education)","SL.TLF.INTM.MA.ZS","","","","","","","","","","","","","","","","","","","","","","","","","","","","","","","","","","","","","","","","","70.769","71.55","69.696","68.98","71.644","72.317","72.005","71.676","72.404","74.491","73.988","74.949","74.387","75.264","75.446","75.991","76.229","76.253","76.674","75.914","72.003","74.135","76.35","76.489","77.324","",
"Turkiye","TUR","Labor force participation rate, male (% of male population ages 15+) (modeled ILO estimate)","SL.TLF.CACT.MA.ZS","","","","","","","","","","","","","","","","","","","","","","","","","","","","","","","79.187","79.917","79.332","77.621","78.145","77.472","77.064","76.479","76.534","75.618","73.553","72.738","71.483","70.329","69.716","70.009","69.39","69.297","69.71","70.115","70.342","71.258","70.735","71.225","71.051","71.384","71.827","72.346","72.533","71.834","68.054","70.165","71.322","71.106","71.873","71.887",
"Turkiye","TUR","Labor force participation rate, female (% of female population ages 15+) (modeled ILO estimate)","SL.TLF.CACT.FE.ZS","","","","","","","","","","","","","","","","","","","","","","","","","","","","","","","33.931","33.994","32.59","26.651","31.144","30.799","30.459","28.717","29.177","29.922","26.509","27.088","27.864","26.545","23.139","23.114","23.426","23.449","24.331","25.868","27.445","28.639","29.361","30.644","30.171","31.416","32.38","33.533","34.115","34.289","30.83","32.774","35.018","35.764","36.786","37.145",
"Turkiye","TUR","Labor force with basic education, female (% of female working-age population with basic education)","SL.TLF.BASC.FE.ZS","","","","","","","","","","","","","","","","","","","","","","","","","","","","","","","","","","","","","","","","","23.059","24.242","25.103","23.593","20.42","20.177","20.458","20.042","20.464","22.242","24.375","25.804","26.433","27.293","26.523","27.343","28.084","28.615","29.398","29.074","25.003","26.498","27.972","27.72","28.509","",
"Turkiye","TUR","Labor force participation rate, total (% of total population ages 15-64) (modeled ILO estimate)","SL.TLF.ACTI.ZS","","","","","","","","","","","","","","","","","","","","","","","","","","","","","","","59.513","60.083","58.938","55.084","57.563","56.86","56.436","55.297","55.417","55.278","52.576","52.519","52.515","51.327","49.481","49.775","49.805","49.89","50.629","51.725","52.754","53.862","54.03","55.036","54.824","55.684","56.554","57.545","58.068","58.056","54.506","56.89","58.925","59.364","60.398","60.764",
"Turkiye","TUR","Labor force participation rate for ages 15-24, total (%) (national estimate)","SL.TLF.ACTI.1524.NE.ZS","76.716","","","","","72.005","","","","","63.916","","","","","62.706","","","","","65.209","","","","","64.05","","","57.089","56.249","54.67","","","","","","","","","","42.518","42.106","40.86","38.393","37.784","37.729","37.404","37.678","38.13","38.683","38.325","39.266","38.205","39.642","40.843","42.013","42.425","43.336","43.974","44.418","39.059","41.678","43.844","45.598","47.151","47.6",
"Turkiye","TUR","Labor force participation rate for ages 15-24, female (%) (national estimate)","SL.TLF.ACTI.1524.FE.NE.ZS","65.998","","","","","60.897","","","","","53.834","","","","","50.095","","","","","50.742","","","","","49.115","","","42.457","43.209","39.402","","","","","","","","","","28.082","28.481","29.012","26.772","24.985","24.466","24.354","24.403","25.137","25.754","26.307","26.771","25.877","27.541","27.691","29.799","30.413","31.133","31.272","32.59","27.544","29.707","30.971","33.054","33.959","34.3",
"Turkiye","TUR","Children in employment, work only, male (% of male children in employment, ages 7-14)","SL.TLF.0714.WK.MA.ZS","","","","","","","","","","","","","","","","","","","","","","","","","","","","","","","","","","","","","","","","64.8871702404","","","","","","","33.5","","","","","","","","","","","","","","","","","","","",
"Turkiye","TUR","Children in employment, study and work (% of children in employment, ages 7-14)","SL.TLF.0714.SW.ZS","","","","","","","","","","","","","","","","","","","","","","","","","","","","","","","","","","","","","","","","33.1949583707","","","","","","","61.2","","","","","","","","","","","","","","","","","","","",
"Turkiye","TUR","Children in employment, study and work, female (% of female children in employment, ages 7-14)","SL.TLF.0714.SW.FE.ZS","","","","","","","","","","","","","","","","","","","","","","","","","","","","","","","","","","","","","","","","30.4762779022","","","","","","","51.5","","","","","","","","","","","","","","","","","","","",
"Turkiye","TUR","Employment in services (% of total employment) (modeled ILO estimate)","SL.SRV.EMPL.ZS","","","","","","","","","","","","","","","","","","","","","","","","","","","","","","","","31.1289492992795","32.5286323333657","34.657438615151","34.2768289161471","34.5396764798313","34.3266766457704","35.046111110129","36.0659131001166","37.6368622052173","39.1691210135787","38.8956330228732","41.1581862598618","42.4507173635158","44.9654919129034","46.8205265806255","47.9971667964894","48.5615921023594","48.2922734358337","50.4980929308769","48.8084234551382","48.113242934227","49.1484126619667","49.4079602306569","49.8563381497761","51.1649146782078","52.5147859531733","52.8757257995552","53.6652229439553","55.3302838988809","54.9412870858126","55.2686306061318","56.6236043226678","57.7639762862523","58.0799462166807","58.4894545483468",
"Turkiye","TUR","Child employment in services, male (% of male economically active children ages 7-14)","SL.SRV.0714.MA.ZS","","","","","","","","","","","","","","","","","","","","","","","","","","","","","","","","","","","","","","","","10.1773990621","","","","","","","35.58","","","","","","","","","","","","","","","","","","","",
"Turkiye","TUR","Children in employment, self-employed, female (% of female children in employment, ages 7-14)","SL.SLF.0714.FE.ZS","","","","","","","","","","","","","","","","","","","","","","","","","","","","","","","","","","","","","","","","","","","","","","","1.7","","","","","","","","","","","","","","","","","","","",
"Turkiye","TUR","Employment in industry (% of total employment) (modeled ILO estimate)","SL.IND.EMPL.ZS","","","","","","","","","","","","","","","","","","","","","","","","","","","","","","","","22.8067137867437","24.1997794133561","24.359354869741","23.2008259707407","22.8801088517615","23.5102702736249","24.781536770091","24.4169894885646","24.1843825594786","26.2681751143831","24.9818138839444","25.3413565064741","25.0508373590589","27.2793407626019","28.7768518642608","29.213227576963","29.1970888257755","29.2665200496327","27.710364093047","28.6990495125983","28.9650366794661","28.5007782275892","28.8625238348854","28.9211378228255","28.2848566246646","27.8341440772129","27.590605625973","27.7472550076012","26.3899076640693","27.3412119404712","27.5652955589248","27.7083224176469","27.5933277392277","27.3689972281004","27.290562456696",
"Turkiye","TUR","Contributing family workers, total (% of total employment) (modeled ILO estimate)","SL.FAM.WORK.ZS","","","","","","","","","","","","","","","","","","","","","","","","","","","","","","","","23.5421558736407","23.4043057626385","23.2759468717252","23.1615094108921","23.0244636101093","22.8713084695952","22.7875640687528","22.5902942245114","22.2625029204106","21.864714950681","22.8660386321201","21.1232284417112","19.8268824449428","17.4062653626356","15.3992259246872","13.381311580186","12.9239702688974","12.9169850459117","13.7386137891274","13.8809433962022","13.9334117390605","13.4046746821808","12.8469610692722","12.5921087060936","12.128500314069","11.668643475111","11.557998126659","10.9095195282873","10.7359576909751","9.65175776156165","9.3358254303737","8.50455811095011","7.7691631917456","8.0027745494824","7.79168959013121",
"Turkiye","TUR","Children in employment, unpaid family workers, male (% of male children in employment, ages 7-14)","SL.FAM.0714.MA.ZS","","","","","","","","","","","","","","","","","","","","","","","","","","","","","","","","","","","","","","","","","","","","","","","63.84","","","","","","","","","","","","","","","","","","","",
"Turkiye","TUR","Wage and salaried workers, female (% of female employment) (modeled ILO estimate)","SL.EMP.WORK.FE.ZS","","","","","","","","","","","","","","","","","","","","","","","","","","","","","","","","36.3830451541035","36.302198114069","34.6535233416158","36.6126533848851","36.930149779354","37.258813768072","36.5818072410484","37.2362028950065","38.3414769293985","38.2765698987349","36.2311540812221","39.9306794764407","41.0040185793521","47.4633806977544","50.280633706394","53.4265077331631","54.9714287613873","55.5522544432335","53.7189712942639","53.280132810505","54.0383581846156","56.6291680396844","58.9543139632593","59.4484345887451","61.1390768750158","62.7064170609764","62.7262658548536","64.6636330884901","65.9572717659358","68.2965154823905","69.0003853252801","71.0170377182917","72.5425072775332","72.1472218655023","72.6734718788193",
"Turkiye","TUR","Employment to population ratio, 15+, total (%) (modeled ILO estimate)","SL.EMP.TOTL.SP.ZS","","","","","","","","","","","","","","","","","","","","","","","","","","","","","","","","52.318","51.226","47.479","49.962","49.988","50.172","48.958","49.159","48.649","46.704","45.646","44.442","43.236","41.287","41.493","41.54","41.475","41.745","41.164","43.007","44.983","45.357","45.902","45.511","46.014","46.333","47.063","47.382","45.681","42.848","45.212","47.503","48.308","49.43","49.746",
"Turkiye","TUR","Employment to population ratio, 15+, female (%) (modeled ILO estimate)","SL.EMP.TOTL.SP.FE.ZS","","","","","","","","","","","","","","","","","","","","","","","","","","","","","","","","31.573","30.058","24.157","28.625","28.543","28.643","26.476","27.191","27.652","24.848","25.064","25.23","23.864","20.596","20.528","20.823","20.875","21.508","22.163","23.878","25.406","26.193","26.99","26.579","27.438","27.93","28.806","29.375","28.63","26.213","27.952","30.302","31.215","32.399","32.818",
"Turkiye","TUR","Self-employed, male (% of male employment) (modeled ILO estimate)","SL.EMP.SELF.MA.ZS","","","","","","","","","","","","","","","","","","","","","","","","","","","","","","","","47.4945675826984","47.3796470289116","47.3500927311043","47.1786232664188","47.0590414308396","46.8305537740367","46.6708364896425","46.2694721589147","46.0702438131033","45.78254350293","46.7539715200332","44.3943085515125","43.7599682300885","41.3300768674309","39.3488861629791","37.3784438749557","35.7997874214705","35.2118693250775","35.7124371747162","34.2117243160796","33.2935268844754","32.5119823393141","31.7783381628658","31.5344910889111","31.0861871342831","30.6836889540224","31.0650944589777","30.8499571979707","30.7323753284642","29.8245212879143","29.6800304858018","29.4522729379028","29.1486728507458","29.3280301002767","29.1575854325242",
"Turkiye","TUR","Employers, female (% of female employment) (modeled ILO estimate)","SL.EMP.MPYR.FE.ZS","","","","","","","","","","","","","","","","","","","","","","","","","","","","","","","","0.794829400581006","0.792215131658039","0.734496696175798","0.800423385359799","0.815495357178647","0.829997856809125","0.814503753923362","0.832986549134079","0.85015498339216","0.833801055250914","0.74460595773491","1.10285824566315","0.781029089628656","1.05079170287219","1.2187376996854","1.41972874651738","1.50635924982885","1.48805719274074","1.41860407233579","1.38649661651182","1.33282283623679","1.36676292302727","1.31630670496252","1.33634105323505","1.40713390088714","1.47006983285329","1.40580632651865","1.35507613254872","1.58354456167246","1.91063705357403","1.92410627353817","1.6454377366101","1.69702606478672","1.71361100409514","1.73788384747575",
"Turkiye","TUR","Employment to population ratio, ages 15-24, male (%) (national estimate)","SL.EMP.1524.SP.MA.NE.ZS","","","","","","","","","","","","","","","","","","","","","","","","","","","","","61.133","58.731","59.891","","","","","","","","","","49.711","46.667","42.427","39.729","40.799","41.615","41.808","41.529","41.319","38.956","40.206","43.365","42.503","43.098","44.996","45.243","44.849","45.353","46.38","43.365","38.785","42.835","46.941","49.244","51.734","53",
"Turkiye","TUR","Employment in agriculture, male (% of male employment) (modeled ILO estimate)","SL.AGR.EMPL.MA.ZS","","","","","","","","","","","","","","","","","","","","","","","","","","","","","","","","37.9859707040789","36.324323700346","35.5402624397015","35.1271391070336","35.0445663229067","34.3667918301171","33.4172278125663","32.40831710305","30.7403834239025","28.1496433489691","28.8619433669186","26.1524744409467","25.6540728271913","22.792730339421","19.7588224377796","18.3455582753083","17.8549045482008","18.1923337214112","17.9193424934105","18.7293314317049","19.2834535794158","19.0750207464304","18.4426910107064","18.0328586632896","17.6651165159812","16.887971428305","16.6898613359301","16.0168567603485","15.9117418384555","15.3466009906963","14.6615681791304","13.4091459017419","12.7746662065432","12.6075406988147","12.3135550472679",
"Turkiye","TUR","Child employment in agriculture, female (% of female economically active children ages 7-14)","SL.AGR.0714.FE.ZS","","","","","","","","","","","","","","","","","","","","","","","","","","","","","","","","","","","","","","","","83.3998009548","","","","","","","71.22","","","","","","","","","","","","","","","","","","","",
"Turkiye","TUR","Annualized average growth rate in per capita real survey mean consumption or income, bottom 40% of population (%)","SI.SPR.PC40.ZG","","","","","","","","","","","","","","","","","","","","","","","","","","","","","","","","","","","","","","","","","","","","","","","","","","","","","","","","","","","","","","","","10.03","","",
"Turkiye","TUR","Poverty gap at $8.30 a day (2021 PPP) (%)","SI.POV.UMIC.GP","","","","","","","","","","","","","","","","","","","","","","","","","","","","22.2","","","","","","","21.9","","","","","","","","19.5","21.8","15.7","14.7","13","11.2","9.4","9.3","8.8","7.7","7.1","6.4","5.9","6.4","5.4","4.8","4.5","4.8","4.6","3.6","2.7","1","","",
"Turkiye","TUR","Multidimensional poverty headcount ratio (World Bank) (% of population)","SI.POV.MPWB","","","","","","","","","","","","","","","","","","","","","","","","","","","","","","","","","","","","","","","","","","","","","","","","","","","","2.3","2.2","1.8","1.3","1.7","1.3","1.2","1.1","1.4","1.2","1","0.6","0.2","","",
"Turkiye","TUR","Gini index","SI.POV.GINI","","","","","","","","","","","","","","","","","","","","","","","","","","","","41","","","","","","","41.3","","","","","","","","41.4","42.2","41.3","42.6","39.6","38.4","39","39","38.8","40","40.2","40.2","41.2","42.9","41.9","43.5","42.4","43.8","43","44.4","44.5","43.7","","",
"Turkiye","TUR","Income share held by lowest 10%","SI.DST.FRST.10","","","","","","","","","","","","","","","","","","","","","","","","","","","","2.5","","","","","","","2.3","","","","","","","","2.3","2.1","2","1.9","2.1","2.1","2.1","2.2","2.2","2.2","2.2","2.2","2.2","2.1","2.2","2","2.1","1.9","2","2","2.1","2.1","","",
"Turkiye","TUR","Income share held by fourth 20%","SI.DST.04TH.20","","","","","","","","","","","","","","","","","","","","","","","","","","","","21.2","","","","","","","21.6","","","","","","","","21.6","21.6","22.4","21.7","22.5","22.7","22.4","22.3","22.3","21.9","22","21.9","21.6","21.1","21.6","21.1","21.6","21.3","21.6","21","20.7","20.9","","",
"Turkiye","TUR","UHC service coverage sub-index on non-communicable diseases","SH_UHC_SCI_NCD","","","","","","","","","","","","","","","","","","","","","","","","","","","","","","","","","","","","","","","","","50","51","51","51","52","52","53","53","53","54","54","54","54","55","55","55","55","55","55","55","55","55","55","55","","",
"Turkiye","TUR","Proportion of population pushed into poverty (based on the societal poverty line) due to out-of-pocket health expenditure (%)","SH_UHC_FH40_PUSHED","","","","","","","","","","","","","","","","","","","","","","","","","","","","","","","","","","","","","","","","","","","1.09","0.78","0.77","0.8","0.93","0.86","0.53","0.97","0.87","0.64","0.57","0.78","0.88","0.54","0.59","","","","","","","","","",
"Turkiye","TUR","Proportion of population facing financial hardship due to out-of-pocket health expenditure (%)","SH_UHC_FH40","","","","","","","","","","","","","","","","","","","","","","","","","","","","","","","","","","","","","","","","","","","14.07","11.27","12.73","13.06","13","12.8","13.5","14.39","15.17","15.49","13.47","16.41","16.01","13.57","12.74","","","","","","","","","",
"Turkiye","TUR","Out-of-pocket expenditure per capita, PPP (current international $)","SH.XPD.OOPC.PP.CD","","","","","","","","","","","","","","","","","","","","","","","","","","","","","","","","","","","","","","","","","122.451911572787","103.025464944498","93.9644105559744","89.7145077393271","106.283825657675","139.107597160989","164.233170805672","184.416496333207","159.372431164185","122.369248744152","146.504192279526","144.91329561316","146.015834657813","164.979679456014","182.779588367501","176.410219378664","182.869622828957","198.023883646648","196.718277642553","204.63851685702","210.700039082155","225.741797430019","275.326119310973","336.988796892834","","",
"Turkiye","TUR","Domestic general government health expenditure per capita (current US$)","SH.XPD.GHED.PC.CD","","","","","","","","","","","","","","","","","","","","","","","","","","","","","","","","","","","","","","","","","118.93250612","100.11179896","126.92750407","165.59663221","209.84582246","242.12557055","281.78082898","346.92899464","408.34245861","396.29580014","414.81780181","416.12256377","412.04185602","429.32579479","403.8646702","347.46462423","357.98411923","335.81628252","294.26800546","301.9433535","304.54764834","339.90366841","290.02229828","415.91976091","","",
"Turkiye","TUR","External health expenditure per capita, PPP (current international $)","SH.XPD.EHEX.PP.CD","","","","","","","","","","","","","","","","","","","","","","","","","","","","","","","","","","","","","","","","","","","","","","","","","","","","","","","","","","","","","","","","","","",
"Turkiye","TUR","Current health expenditure per capita (current US$)","SH.XPD.CHEX.PC.CD","","","","","","","","","","","","","","","","","","","","","","","","","","","","","","","","","","","","","","","","","192.8344574","148.86210632","181.39144897","232.5562439","292.65307617","357.40197754","409.25881958","504.37646484","561.73529053","492.30032349","531.82861328","525.89105225","520.44274902","547.95465088","520.40753174","444.70803833","456.3659668","432.13754272","380.27835083","388.67486572","386.2593689","431.33978271","385.87997437","547.8145752","","",
"Turkiye","TUR","Adolescents out of school, female (% of female lower secondary school age)","SE.SEC.UNER.LO.FE.ZS","","","","","","","","","","","","","","","53.8485908508301","","","","","","","","","","","","","","","","","","","","","","","44.8547401428223","","32.1589088439941","17.5762195587158","","","","","","","","","3.48458003997803","2.44682002067566","2.21092009544373","1.43482995033264","1.1115700006485","0.572899997234344","0.783230006694794","1.0237900018692","0.76130998134613","","","","","","1.75769996643066","","",
"Turkiye","TUR","Trained teachers in secondary education (% of total teachers)","SE.SEC.TCAQ.ZS","","","","","","","","","","","","","","","","","","","","","","","","","","","","","","","","","","","","","","","","","","","","","","","","","","","","","","","","","","","","","","","","","","",
"Turkiye","TUR","Trained teachers in secondary education, male (% of male teachers)","SE.SEC.TCAQ.MA.ZS","","","","","","","","","","","","","","","","","","","","","","","","","","","","","","","","","","","","","","","","","","","","","","","","","","","","","","","","","","","","","","","","","","",
"Turkiye","TUR","Trained teachers in secondary education, female (% of female teachers)","SE.SEC.TCAQ.FE.ZS","","","","","","","","","","","","","","","","","","","","","","","","","","","","","","","","","","","","","","","","","","","","","","","","","","","","","","","","","","","","","","","","","","",
"Turkiye","TUR","School enrollment, secondary, private (% of total secondary)","SE.SEC.PRIV.ZS","","","","","","","","","","","","","","","","","","","","","","","","","","","","","","","","","","","","","","","","","","","","","","","","","","","","","3.2743399143219","3.03863000869751","3.47460007667542","4.08960008621216","6.81268978118896","7.04331016540527","7.81606006622315","8.15612030029297","7.98578977584839","7.35176992416382","7.67437982559204","7.70164012908935","","",
"Turkiye","TUR","School enrollment, secondary, male (% gross)","SE.SEC.ENRR.MA","","","","","","","","","","","","34.9802894592285","37.0302886962891","37.0293006896973","35.9201393127441","","37.5137214660645","40.0313491821289","42.9206199645996","43.4283981323242","46.159740447998","","44.9856910705566","45.3966484069824","47.0798187255859","","52.4119491577148","54.3438491821289","56.8227081298828","59.5218696594238","60.074649810791","61.7566909790039","63.1836814880371","66.5575103759766","67.4966583251953","70.7471694946289","","69.7941207885742","","81.4418716430664","85.5262832641602","97.6928405761719","103.219520568848","104.917579650879","98.3676605224609","91.5211410522461","94.9719467163086","96.7577972412109","93.4539489746094","82.9080276489258","86.9506530761719","90.6414337158203","86.4192276000977","102.86009979248","106.459777832031","107.750328063965","109.02458190918","114.887641906738","112.784530639648","113.458229064941","113.489212036133","115.093872070312","117.541946411133","119.894348144531","","",
"Turkiye","TUR","Secondary education, vocational pupils","SE.SEC.ENRL.VO","","","","","","","","","","","","244144","263184","266144","285447","311798","374716","423120","468571","482874","514923","536117","530495","540947","560113","","627640","676136","731679","783174","840159","910487","989523","1083392","1094185","1250809","","1333177","","1227533","1129606","1121291","1240288","1261077","1320542","1039651","1112263","1172030","1177219","1419099","1640056","1839875","1830091","2269651","2513887","2788117","2760140","2713530","","","","","","","","",
"Turkiye","TUR","Secondary education, general pupils (% female)","SE.SEC.ENRL.GC.FE.ZS","","","","","","","","","","","","27.27235","27.62446","28.44661","29.20492","","31.60844","32.52443","32.76693","33.55221","34.03441","35.08127","35.84584","36.5647","37.05971","","37.11168","37.28958","37.52021","37.78746","38.24102","38.49934","38.94386","39.23433","39.43267","39.57065","","40.2029","","42.38031","44.04297","43.9427","44.28605","44.47151","45.8469","46.20383","46.47666","46.69872","47.302","48.12649","48.34925","48.46615","48.97081","49.144","49.30484","49.11698","49.02541","48.67995","","","","","","","","",
"Turkiye","TUR","Secondary education, duration (years)","SE.SEC.DURS","","","","","","","","","","","6","6","6","6","6","6","6","6","6","6","6","6","6","6","6","6","6","6","6","6","6","6","6","6","6","6","6","6","6","6","6","6","6","6","6","6","6","6","6","7","7","7","7","8","8","8","8","8","8","8","8","8","8","8","8","8",
"Turkiye","TUR","Educational attainment, at least completed post-secondary, population 25+, total (%) (cumulative)","SE.SEC.CUAT.PO.ZS","","","","","","","","","","","","","","","","","","","","","","","","","","","","","","","","","","","","","","","","","","","","","","","","","","","","","","","","","","","","","","20.4976116552789","20.9415740107689","21.8643391177776","","",
"Turkiye","TUR","Educational attainment, at least completed lower secondary, population 25+, male (%) (cumulative)","SE.SEC.CUAT.LO.MA.ZS","","","","","","","","","","","","","","","","13.0237503051758","","","","","17.4770393371582","","","","","21.3766994476318","","","","","","","","","","","","","","","","","","","38.0511207580566","40.2220115661621","41.3046798706055","41.8389511108398","43.3472290039062","45.009708404541","57.6179885864258","60.8922004699707","62.26953125","63.7792816162109","65.9251937866211","67.1706619262695","69.4442291259766","71.3700637817383","","75.9415283203125","","","","62.6287153648435","","",
"Turkiye","TUR","Lower secondary completion rate, female (% of relevant age group)","SE.SEC.CMPT.LO.FE.ZS","","","","","","","","","","","","","","","","","16.627649307251","17.1794300079346","","","","","18.0886001586914","16.9261798858643","19.8750705718994","","22.3917999267578","23.4854106903076","23.0752696990967","25.5047798156738","27.0628700256348","30.8556098937988","31.3391208648682","","","","","","","","","","","","81.7614288330078","85.643669128418","85.9698181152344","88.5610809326172","89.8784866333008","91.3294830322266","100.150833129883","93.6181488037109","93.5224914550781","92.5025405883789","96.4855194091797","96.1632995605469","93.2304000854492","97.3973083496094","95.4200897216797","96.2338027954102","131.905776977539","93.0456390380859","92.3696899414062","90.9951324462891","","",
"Turkiye","TUR","Children out of school, primary, male","SE.PRM.UNER.MA","","","","","","","","","","","","","","","511375","","","","","","","","","","","","","","","","","","","","319453","367871","","315407","","","","","","","","","","","","","","","","","8934","37939","52329","23713","","","","","","","","",
"Turkiye","TUR","Adjusted net enrollment rate, primary, male (% of primary school age children)","SE.PRM.TENR.MA","","","","","","","","","","","","","","","93.50647","","","","","","","","","","","","","","","","","","","","95.57022","94.88754","","95.68077","","99.02567","","","","","","","99.85322","99.89508","98.86255","96.15993","96.86511","95.81886","94.36469","94.0032","95.23614","95.1744","94.51123","95.21518","","","","","","","","",
"Turkiye","TUR","Primary education, teachers","SE.PRM.TCHR","","","","","","","","","","","","132577","141219","158299","156476","160271","171032","182314","184123","187027","","212456","212795","211461","208891","209395","212717","216859","220943","220947","224672","225852","234961","235721","237943","233073","","","","","","","","","","","","","","","","","319369","282043","288444","295252","302961","292878","297176","300732","309247","306937","310477","299967","","",
"Turkiye","TUR","Repeaters, primary, total (% of total enrollment)","SE.PRM.REPT.ZS","","","","","","","","","","","","","","","","","","","","","","","","","8.82067","9.15722","8.34329","8.04163","7.54361","7.5889","6.94222","6.76081","6.67001","5.72416","5.12841","4.905","","","","","","","","","2.92024","2.54156","2.53105","2.22117","2.12794","1.75646","1.69514","2.35584","2.26257","2.06249","1.84557","1.76959","2.04456","2.37347","","","","","","","","",
"Turkiye","TUR","Persistence to last grade of primary, male (% of cohort)","SE.PRM.PRSL.MA.ZS","","","","","","","","","","","","","","","","","","","","","","","","","93.1889877319336","97.9113693237305","96.5936737060547","97.5573120117188","96.8349914550781","97.0751266479492","96.2782897949219","97.9999237060547","91.8086624145508","88.0816268920898","","","","","","","","","","","96.9136428833008","97.5326919555664","97.0440216064453","94.0021362304688","90.6847229003906","98.4876403808594","94.6082305908203","90.7751007080078","","93.818717956543","88.2394485473633","95.3908996582031","99.8990783691406","99.9801788330078","99.8777236938477","99.8625411987305","99.8093338012695","99.5428771972656","98.8197631835938","","","",
"Turkiye","TUR","Persistence to grade 5, female (% of cohort)","SE.PRM.PRS5.FE.ZS","","","","","","","","","","","","","","","","","","","","","","","","","93.337028503418","97.0829391479492","95.2685928344727","96.5157623291016","95.8855972290039","95.9800567626953","94.8101425170898","96.98046875","92.6137008666992","90.0637435913086","","","","","","","","","","","96.2746810913086","98.1678314208984","97.9907836914062","94.4734573364258","93.027099609375","100","95.4279632568359","89.2361526489258","","","0","","","","","","","","","","","",
"Turkiye","TUR","Over-age students, primary, female (% of female enrollment)","SE.PRM.OENR.FE.ZS","","","","","","","","","","","","","","","18.36427","","","","","","","","","","","","","","","","","","","","6.38937","6.49065","","5.95978","","6.62294","4.00879","3.66702","4.19186","3.35397","2.89773","2.80193","2.53595","2.10612","2.36009","4.54726","5.11716","5.92722","6.04374","5.6339","4.78802","3.20929","3.12968","1.9897","","","","","","","","",
"Turkiye","TUR","School enrollment, primary, male (% net)","SE.PRM.NENR.MA","","","","","","","","","","","","","","","93.50647","","","","","","","","","","","","","","","","","","","","95.57022","94.88754","","95.68077","","99.02567","","","","","","","99.85322","99.89508","98.86255","96.15993","96.76154","95.81886","93.43613","93.75771","95.11991","95.09056","94.43136","88.58257","","","","","","","","",
"Turkiye","TUR","Gross intake ratio in first grade of primary education, male (% of relevant age group)","SE.PRM.GINT.MA.ZS","","","","","","","","","","","","","","","","","","","","","","","","","124.42814","93.88168","99.07805","102.13402","109.70119","100.33564","102.3765","100.23348","100.9749","99.45281","96.35863","98.88291","","","","","","","","","102.93059","103.44971","102.78793","104.33536","102.32759","95.38625","102.98678","100.17599","102.4089","","101.01618","93.8806","90.98762","95.72496","","","","","","","","",
"Turkiye","TUR","School enrollment, primary (% gross)","SE.PRM.ENRR","","","","","","","","","","","","97.8551177978516","97.2154998779297","97.9630508422852","97.9590530395508","97.9359664916992","98.9477996826172","98.7829513549805","96.4358367919922","96.5928421020508","","94.7578277587891","97.0757904052734","98.9024429321289","105.242248535156","104.143089294434","104.11888885498","103.393287658691","104.455467224121","101.48551940918","101.944320678711","101.779037475586","101.675590515137","98.9230499267578","95.9885635375977","94.8657836914062","","95.4695587158203","","100.645843505859","105.348022460938","107.175216674805","107.681411743164","104.261337280273","104.270729064941","104.605560302734","104.943740844727","105.445426940918","102.862808227539","101.92414855957","104.570068359375","105.751289367676","104.708396911621","114.724349975586","111.935722351074","107.29418182373","105.28328704834","97.4918975830078","100.931251525879","103.962959289551","103.296417236328","102.596397399902","102.487701416016","102.43807220459","","",
"Turkiye","TUR","Primary education, duration (years)","SE.PRM.DURS","","","","","","","","","","","5","5","5","5","5","5","5","5","5","5","5","5","5","5","5","5","5","5","5","5","5","5","5","5","5","5","5","5","5","5","5","5","5","5","5","5","5","5","5","5","5","5","5","4","4","4","4","4","4","4","4","4","4","4","4","4",
"Turkiye","TUR","Primary completion rate, total (% of relevant age group)","SE.PRM.CMPT.ZS","","","","","","","","","","","","","","","","","","","","","","","","","84.1343688964844","87.1872024536133","93.377197265625","92.9416809082031","105.138771057129","89.8871688842773","89.7951507568359","92.4274826049805","97.7574310302734","92.3851165771484","92.4645767211914","90.361213684082","","","","","","","","","","","","","","","","","","103.343299865723","99.0791091918945","98.8300704956055","134.545608520508","92.5956573486328","91.0360870361328","96.6259918212891","100.577331542969","103.435623168945","101.500511169434","90.6154174804688","","",
"Turkiye","TUR","Trained teachers in preprimary education (% of total teachers)","SE.PRE.TCAQ.ZS","","","","","","","","","","","","","","","","","","","","","","","","","","","","","","","","","","","","","","","","","","","","","","","","","","","","","","","","","","","","","","","","","","",
"Turkiye","TUR","School enrollment, preprimary, female (% gross)","SE.PRE.ENRR.FE","","","","","","","","","","","","0.187110006809235","0.260500013828278","0.262089997529984","0.239999994635582","0.201399996876717","","","0.190889999270439","0.184410005807877","","0.169829994440079","0.204219996929169","0.202199995517731","0.220009997487068","3.13368010520935","4.38520002365112","3.79292011260986","3.73076009750366","3.78676009178162","3.99038004875183","4.32301998138428","4.80242013931274","4.99609994888306","5.25787019729614","5.55000019073486","","6.5215802192688","6.83161020278931","6.56424999237061","6.32405996322632","6.47944021224976","7.15602016448975","7.83970022201538","8.72552013397217","10.5885896682739","13.4886798858643","15.8069295883179","17.5042896270752","20.25657081604","24.8911991119385","28.4138202667236","29.7059707641602","27.0485706329346","26.2223091125488","28.2882709503174","29.3779697418213","31.9695701599121","35.9332389831543","37.2692413330078","39.1156997680664","","","","","",
"Turkiye","TUR","Male primary school age children out-of-school (%)","SE.LPV.PRIM.SD.MA","","","","","","","","","","","","","","","","","","","","","","","","","","","","","","","","","","","","","","","","","","4.78482055664062","","","","","","","","","","","","","","","","","","","","4.78482055664062","","","","",
"Turkiye","TUR","Male pupils below minimum reading proficiency at end of primary (%). Low GAML threshold","SE.LPV.PRIM.LD.MA","","","","","","","","","","","","","","","","","","","","","","","","","","","","","","","","","","","","","","","","","","31.7119770050048","","","","","","","","","","","","","","","","","","","","16.3561649322509","","","","",
"Turkiye","TUR","Learning poverty: Share of Children at the End-of-Primary age below minimum reading proficiency adjusted by Out-of-School Children (%)","SE.LPV.PRIM","","","","","","","","","","","","","","","","","","","","","","","","","","","","","","","","","","","","","","","","","","31.3915710449218","","","","","","","","","","","","","","","","","","","","18.5090885162353","","","","",
"Turkiye","TUR","School enrollment, primary (gross), gender parity index (GPI)","SE.ENR.PRIM.FM.ZS","","","","","","","","","","","","0.728129982948303","0.749939978122711","0.77021998167038","0.787349998950958","0.802820026874542","0.811649978160858","0.818849980831146","0.827149987220764","0.830479979515076","","0.837249994277954","0.857299983501434","","0.881429970264435","0.895730018615723","0.903949975967407","0.903949975967407","0.907079994678497","0.906759977340698","0.908320009708405","0.908290028572083","0.909529983997345","0.91347998380661","0.922129988670349","0.923629999160767","","0.916000008583069","","0.910109996795654","0.910889983177185","0.920939981937408","0.929390013217926","0.935090005397797","0.944769978523254","0.950139999389648","0.95958000421524","0.967989981174469","0.973450005054474","0.981299996376038","0.986129999160767","0.990540027618408","0.98566997051239","0.993340015411377","0.995429992675781","0.993149995803833","0.993809998035431","0.989870011806488","0.988709986209869","0.98786997795105","0.985870003700256","","","","","",
"Turkiye","TUR","Literacy rate, adult female (% of females ages 15 and above)","SE.ADT.LITR.FE.ZS","","","","","","","","","","","","","","","","45.0999984741211","","","","","49.810001373291","","","","","64.2300033569336","","","","","68.5199966430664","","","","","","","","","","","","","","79.5800018310547","80.5500030517578","80.3899993896484","81.2600021362305","","85.3499984741211","88.0699996948242","90.3099975585938","91.5999984741211","92.1399993896484","92.4000015258789","92.6500015258789","93.0500030517578","93.5","","94.4199981689453","","95.2699966430664","","","","",
"Turkiye","TUR","Literacy rate, youth female (% of females ages 15-24)","SE.ADT.1524.LT.FE.ZS","","","","","","","","","","","","","","","","68.25","","","","","75.2399978637695","","","","","85.9599990844727","","","","","88.3899993896484","","","","","","","","","","","","","","93.3000030517578","93.9599990844727","94.120002746582","94.2900009155273","","96.5699996948242","97.1999969482422","97.9400024414062","98.4100036621094","98.7399978637695","98.9499969482422","99.1699981689453","99.370002746582","99.5899963378906","98.8","99.8499984741211","","99.9400024414062","91.87","","","",
"Turkiye","TUR","Coverage of social insurance programs in 3rd quintile (% of population)","per_si_allsi.cov_q3_tot","","","","","","","","","","","","","","","","","","","","","","","","","","","","","","","","","","","","","","","","","","","","","30.2529287331986","30.4932431376121","31.8521042110769","33.6281033350421","36.1973171772041","34.7182113466129","33.8324363762777","35.8251656158609","36.617280236347","36.6415922205718","37.3983374893538","37.5289148067638","38.1140230980395","35.8901027543243","37.1488231859592","41.585822245449","","","","","","",
"Turkiye","TUR","Benefit incidence of social insurance programs to poorest quintile (% of total social insurance benefits)","per_si_allsi.ben_q1_tot","","","","","","","","","","","","","","","","","","","","","","","","","","","","","","","","","","","","","","","","","","","","","2.42426016132163","3.1985782640673","3.85279597051133","3.1985143222463","4.05731027197604","4.63609940384357","4.16590118360307","3.97748469293575","5.52929342410614","5.40504040154309","5.59748180191288","4.5181336157253","4.92773916269233","5.65078583026639","5.53872121046339","4.48796510213456","","","","","","",
"Turkiye","TUR","Coverage of social safety net programs in 3rd quintile (% of population)","per_sa_allsa.cov_q3_tot","","","","","","","","","","","","","","","","","","","","","","","","","","","","","","","","","","","","","","","","","","","","","29.8820650623239","28.4232203963655","30.0701045612971","32.1344601317435","35.7000941462211","13.0753692024575","12.3897485394377","11.9204004424265","9.26069882386647","11.1021417206149","11.7296494601845","9.65385822906384","10.8929499268466","10.579631215981","10.1315329189937","8.83653710873411","","","","","","",
"Turkiye","TUR","Benefit incidence of social safety net programs to poorest quintile (% of total safety net benefits)","per_sa_allsa.ben_q1_tot","","","","","","","","","","","","","","","","","","","","","","","","","","","","","","","","","","","","","","","","","","","","","21.6311525764456","26.7333711883797","28.9563475473098","39.6515538268389","41.0579017170393","34.5655056452837","35.4294011987753","33.8534998255996","38.4298090504999","42.836129445781","36.7140051146721","39.6203267796075","43.9222457928031","41.9947682776723","38.4549129343948","37.9677474443278","","","","","","",
"Turkiye","TUR","Coverage of unemployment benefits and ALMP in 3rd quintile (% of population)","per_lm_alllm.cov_q3_tot","","","","","","","","","","","","","","","","","","","","","","","","","","","","","","","","","","","","","","","","","","","","","","","","","","1.00151660907951","1.4704424378297","0.883691041016419","0.903872602760175","1.02062464871057","1.7677323856388","1.62878753048772","1.71337835913919","1.70136397821454","1.71972867993645","1.940478939405","","","","","","",
"Turkiye","TUR","Benefit incidence of unemployment benefits and ALMP to poorest quintile (% of total U/ALMP benefits)","per_lm_alllm.ben_q1_tot","","","","","","","","","","","","","","","","","","","","","","","","","","","","","","","","","","","","","","","","","","","","","","","","","","9.9087793182679","6.17677945903128","8.13370246852745","5.41540477490862","5.55273773301062","5.0980436174486","9.46229902484524","4.9321196894948","9.45183926870332","7.10027824823339","8.19875285795436","","","","","","",
"Turkiye","TUR","Adequacy of social protection and labor programs (% of total welfare of beneficiary households)","per_allsp.adq_pop_tot","","","","","","","","","","","","","","","","","","","","","","","","","","","","","","","","","","","","","","","","","","","","","29.5860571783663","30.8204734783478","28.5267935358227","29.5324910516235","27.8961987654901","34.8059363528694","37.2982860593807","36.8162404719509","38.0949202324588","37.7002140712743","37.9347493453658","38.021044989824","39.3884378227105","40.9875249415387","40.4486893966874","44.4963074620378","","","","","","",
"Turkiye","TUR","Financial intermediary services indirectly Measured (FISIM) (current LCU)","NV.FSM.TOTL.CN","","","","","","","","","","","","","","","","","","","","","","","","","","","","","","","","","","","","","","","","","","","","","","","","","","","","","","","","","","","","","","","","","","",
"Turkiye","TUR","Agriculture, forestry, and fishing, value added (constant 2015 US$)","NV.AGR.TOTL.KD","","","","","","","","","26635750065.7511","26310877125.1255","27056822040.6942","28456854811.6828","28782500165.9325","26550174830.5492","28222500691.7555","29106435422.6956","31138380448.1119","30561720834.9542","31411062972.1757","31397860081.4333","31752041290.0719","31154995984.8734","32129170109.9478","31829548018.4096","31981770724.6069","31836025309.4125","33306424189.384","33456216881.3975","36074966796.0541","33350548865.1105","35623567617.1306","35302054013.9392","36815325178.1766","36342676938.7487","36079482853.1972","36788076929.3929","38520940630.1601","38049742256.4786","40226638990.3456","38350084698.0356","40806445966.5893","37169502107.8703","40387464914.3121","39753267987.8184","41345669092.4841","44671392747.9934","45385052903.6032","42569900681.1998","44500649929.6072","46409592665.0229","49966942822.6964","51691856471.9669","52827999409.3999","54077272358.466","54379833279.6167","59516807885.5621","58686515075.1842","62062938637.8646","63985583381.1345","66415578870.7813","69967996504.3328","68201288385.087","69026136661.8065","69275306756.4797","72835608206.3253","66425194452.9276",
"Turkiye","TUR","Trade (% of GDP)","NE.TRD.GNFS.ZS","5.72687224669604","11.9610570236439","13.574097135741","11.1587982832618","9.9403578528827","9.93500464252553","9.77147360126084","9.09090909090909","8.76190476190476","8.33333333333333","10.7888040712468","13.5670103092784","14.5624351435489","16.1263736263736","17.0028237192416","15.6531182128452","15.5247813411079","14.5223894726877","11.4356153992035","9.09974442964616","17.0898176117463","21.1416276420706","26.8809210651722","29.0310517913389","35.2801051047638","34.8269721189326","29.4144594777141","33.3382850275488","36.2068338434275","33.9836682372597","30.9429955004348","30.4760116733895","31.737365644504","33.0170877754618","41.7458523409412","35.9924804952774","39.6477180344549","42.7610666826994","40.3769887377902","37.6665043273244","42.3746746988077","49.9447830679013","48.1026101234402","46.3681553387846","48.9934575435266","46.3088308846211","48.9456766641314","48.027468179713","50.7612500066681","47.0391385732199","46.9433366709891","53.651583897618","53.3277612968607","53.0683530043043","54.30677404128","51.8749252596832","48.870183807987","56.1356585158689","62.8251323851165","62.5784589326239","60.389853117297","69.6088976086437","79.8982722314341","65.6832084738667","54.5988061195916","49.9346783626928",
"Turkiye","TUR","External balance on goods and services (current US$)","NE.RSB.GNFS.CD","-122222222.222222","-133333333.333333","-211111111.111111","-288888888.888889","-111111111.111111","-100000000","-222222222.222222","-133333333.333333","-244444444.444444","-222222222.222222","-345454545.454545","-473333333.333333","-521428571.428571","-535714285.714286","-1964285714.28571","-3135714285.71429","-2987500000","-4044444444.44444","-2070833333.33333","-2387096774.19355","-4656578947.36842","-3322522522.52252","-2029447852.76074","-2524444444.44444","-2437602179.83651","-2087931034.48276","-2110962962.96296","-1897782963.8273","1000632911.39241","-1690292177.19133","-6346799540.05366","-4219534995.20614","-4698195576.25146","-10228639053.2544","1278297139.3833","1537801286.94514","-1330688532.64541","308677443.782307","2572582501.03558","-12805916.1904853","-6890257813.66209","9400731322.43461","5845228386.45299","66756413.7159076","-5268792742.66469","-10528378745.4887","-20116184781.7184","-25026651296.193","-22630468482.2846","3116333324.73096","-29450676481.8022","-56314976402.3511","-30066833314.6808","-41005981821.3144","-25180591325.1836","-11366572353.2532","-13983412330.9057","-26405711551.6348","4971181454.61098","27009801863.6125","-21347440639.043","4185993617.46939","-33486302440.1681","-21181731331.2017","7307197101.15214","-3755785560.88161",
"Turkiye","TUR","Imports of goods and services (constant 2015 US$)","NE.IMP.GNFS.KD","","","","","","","","","","","","","","","","","","","","","","","","","","","","28794059645.9121","27494402407.3385","29389527619.5019","39120139421.9022","37052710074.1096","41097076749.5971","55803884508.792","43596350351.3132","56493967662.8446","67828417848.5069","82054502451.4399","83797922871.3305","81088760686.0585","98659542014.8319","74833155454.8941","90817972126.989","112017152640.121","135688368952.42","152232570463.068","163166489892.054","178992976843.891","173740431633.997","148764453626.56","177531718834.274","203303404217.548","203995081451.096","225366105171.233","225353385761.026","230161663398.908","236891171617.713","262206644172.467","246707268208.931","233495217771.355","249472586579.233","254802009494.461","275833625041.624","309071714233.246","295483251466.793","310063356236.775",
"Turkiye","TUR","Gross capital formation (constant LCU)","NE.GDI.TOTL.KN","","","","","","","","","","","","","","","","","","","","","","","","","","","","","","","","","","","","","","","","","","","","","","","","","","","","","","","","","","","","","","","","","","",
"Turkiye","TUR","Gross capital formation (current US$)","NE.GDI.TOTL.CD","755555555.555556","800000000","955555555.555556","1211111111.11111","1222222222.22222","1355555555.55556","1811111111.11111","1977777777.77778","2344444444.44444","2600000000","2627272727.27273","2220000000","3471428571.42857","4021428571.42857","6335714285.71429","8614285714.28572","10456250000","12127777777.7778","9983333333.33333","12996774193.5484","12501315789.4737","12719819819.8198","10912269938.6503","10064888888.8889","9698092643.05177","11102298850.5747","14262518518.5185","22378646441.0735","22848382559.775","25145523091.4232","36984821770.7934","34303068072.8667","37170488940.6286","48018752844.7883","27855371677.5305","64313155196.859","72822025674.0986","71304571823.6592","69836295469.5387","55197637678.7023","65970727856.9589","39659275384.5501","51829848476.6054","72088664821.0889","103227330121.912","140129371836.351","168783115580.282","202480502728.08","230501700240.18","154939476954.244","222650501081.612","269789457866.032","260477004689.864","301783334891.646","284696454077.646","260182382227.412","259754826025.989","283304990580.113","247077393364.634","213404849872.722","250563802939.387","288738530031.61","357493441959.144","394736237694.391","417674445002.373","505808728072.778",
"Turkiye","TUR","Gross fixed capital formation (% of GDP)","NE.GDI.FTOT.ZS","","","","","","","","","11.8730158730159","11.9292237442922","13.2315521628499","12.5773195876289","15.6347284676582","15.6868131868132","14.7841871722469","16.1185231151101","17.9786200194363","19.2180251822399","17.0238321006385","15.5753932543825","15.9006614919894","15.130996076446","15.1169440155544","14.7542751945231","14.3955339567488","15.2629254462823","17.1366874643936","24.7465602453899","26.1078201115114","22.8030576635365","22.8698046762303","23.689572522178","22.9964110894045","25.5247438135483","24.4591764651962","24.0389369903416","24.642885719721","24.8723867638259","22.205994628538","19.9197261956537","22.3110247868039","18.0765435272869","19.6716408524051","20.9444240457006","25.6417207426795","26.8770342277655","29.0425348290191","28.5042444802335","27.3051055897033","22.9623515725507","24.87828284324","27.9887488412804","27.3995231020684","28.7953288884594","29.0843333155967","30.0119130355216","30.0433084585307","30.2598822010726","30.2954032645887","26.4629293789655","27.9506064917081","28.3920963280631","30.5449887042516","32.8740322550634","31.3157272627937","30.5913560700498",
"Turkiye","TUR","Gross fixed capital formation (current LCU)","NE.GDI.FTOT.CN","","","","","","","","","18700","20900","26000","30500","45200","57100","73300","103900","148000","203000","269300","432700","831700","1195500","1586100","2051700","3166600","5356600","8753300","18491100","33737700","51836800","89892100","149272000","251435400","505866500","946185900","2586542600","5022496800","9965035400","15981442600","21411849600","38325423100","44795096400","71389737000","99144300200","149925518600","183560019600","232183333500","254487442500","275568835300","232725784900","292580540100","395756559500","435665924000","527456700700","599823127000","706498178000","790135398700","953649009200","1153188229700","1164911465000","1437139297000","2110611630800","4681281439700","8906058278700","13962813912900","19278949699160",
"Turkiye","TUR","Exports of goods and services (% of GDP)","NE.EXP.GNFS.ZS","2.05580029368576","5.14603616133519","5.60398505603985","4.18454935622318","4.47316103379722","4.54967502321263","4.09771473601261","4.11931818181818","3.68253968253968","3.5958904109589","4.42748091603053","5.31958762886598","6.01867865790384","7.03296703296703","5.72811617587737","4.42134657151722","4.85908649173955","3.81520401401117","4.14691194133637","3.21802670890177","5.16193170955531","8.23693203391976","11.8640513905568","12.4732126163184","15.6066026885362","15.8607228847003","13.3124377193893","15.580840422955","18.6539704158267","16.2029157514894","13.3651028519296","13.8411301141106","14.3922357339889","13.673802849848","21.3621312072128","18.3238507569896","19.5581113911938","21.4390354082889","20.6544822015948","18.8307575753475","19.9334162657424","27.2970601933763","25.2651261294128","23.1946607252779","23.8544386839448","22.118798245903","22.6756853295786","22.1875803331528","23.9213779600098","23.7578595278795","21.5899457839207","23.4903574412774","24.9658181147838","24.403259811358","25.8173246854016","25.280784580735","23.6322024334399","26.5394989930636","31.7278536539697","33.0298811646869","28.7400043468285","35.0536332850518","38.1412107474416","31.9135926809724","27.5682232095509","24.8497719904256",
"Turkiye","TUR","Exports of goods and services (current LCU)","NE.EXP.GNFS.CN","1400","3700","4500","3900","4500","4900","5200","5800","5800","6300","8700","12900","17400","25600","28400","28500","40000","40300","65600","89400","270000","650800","1244800","1734500","3433000","5566400","6799900","11642300","24105500","36833100","52532900","87215300","157360100","270996600","826378900","1971610500","3986162700","8589475100","14864833900","20241309800","34241215700","67644261800","91688879600","109796211200","139475393500","151063060200","181282943800","198091922000","241419548500","240788339500","253908118900","332150004100","396968815000","447005240200","532445707300","595124616800","621524081400","836400047800","1207714156100","1453991986500","1477727850200","2605816959000","5845467604800","8645861088600","12291905832300","15660551403540",
"Turkiye","TUR","Gross national expenditure (constant 2015 US$)","NE.DAB.TOTL.KD","","","","","","","","","","","","","","","","","","","","","","","","","","","","","","","","","","","","","","","","","","","","","","","","","","","","","","","","876826623036.909","","","","","","","","","","",
"Turkiye","TUR","Final consumption expenditure (% of GDP)","NE.CON.TOTL.ZS","64.7577092511013","65.6467315716273","65.2552926525529","64.3776824034335","63.4194831013916","62.7669452181987","62.0173364854216","61.4346590909091","61.0793650793651","61.0159817351598","62.5445292620865","67.6701030927835","67.2777585610515","69.0659340659341","71.5611133521581","69.9658703071672","67.4927113702624","69.3742308056423","70.0613186674252","67.2222022245419","72.704852215807","69.0735349955702","69.3677207830579","71.6650606221864","71.4089584536143","65.7172571982163","61.549982086677","76.1007147837515","71.1069495335637","74.9503241850065","79.5414799056226","83.0205633272175","82.4584129039811","81.9872533329808","81.6150281777169","71.9424518534928","71.4453803300768","72.8550099902526","73.7682611926782","78.5000253924335","78.4965239842056","75.7363005235379","76.0463684806703","77.1220527625819","76.1168067890229","74.5037635212536","73.4365910877905","74.1029661860367","73.1922933490997","75.8285438425115","75.3113673290991","74.7125827820943","73.9745868556909","72.896890187962","72.4605856039849","71.2504569474223","71.7769489235856","70.2619683324967","68.0286241706627","69.0128662177622","68.7557883417475","65.1254865683778","65.0137110196354","67.2677466005176","68.7312037455689","68.5685174577168",
"Turkiye","TUR","Final consumption expenditure (current LCU)","NE.CON.TOTL.CN","44100","47200","52400","60000","63800","67600","78700","86500","96200","106900","122900","164100","194500","251400","354800","451000","555600","732800","1108300","1867500","3802900","5457500","7278200","9965600","15707900","23063800","31439300","56863900","91887600","170380000","312645900","523126600","901573900","1624878400","3157219500","7740867100","14561370700","29189106800","53090314200","84380212900","134839727100","187680508600","275977499100","365071483200","445050152700","508832640400","587095879200","661595305900","738671929500","768530057900","885697805900","1056424311100","1176232397000","1335284390700","1494396813900","1677277884800","1887725123000","2214326415400","2589495442300","3037981091900","3535223657900","4841298360800","9963908701000","18223820760800","30645336761800","43212500811872.1",
"Turkiye","TUR","Households and NPISHs Final consumption expenditure, PPP (current international $)","NE.CON.PRVT.PP.CD","","","","","","","","","","","","","","","","","","","","","","","","","","","","","","","211939732851.389","224890789878.703","238366107021.468","265281271482.931","256232410566.889","246558003698.198","280396535898.681","311804817865.687","309718265005.076","319939815175.009","347708351747.354","334162004812.715","348041756027.381","361752786002.468","409912901141.527","438473121826.44","473179615485.91","510596688294.402","564825503036.605","556556268116.576","639682901691.544","747128124096.464","769287943390.372","827812235711.258","871821396011.521","940349253052.018","966904457822.184","1036224627650.48","1054794180976.34","1105827191253.86","1089312413243.74","1258425761537.39","1676417556521.08","1902008798356.86","1928009113320.46","1942904755004.53",
"Turkiye","TUR","Households and NPISHs Final consumption expenditure (annual % growth)","NE.CON.PRVT.KD.ZG","","","","","","","","","","","","","","","","","","","","","","","","","","","","","1.21426528686544","-1.03199185664586","13.1065195949466","1.92048204485408","3.30926985538089","8.43995252581912","-5.31184219361955","5.62854912927521","10.5262338124833","7.81336513667301","-0.971859168739314","1.62640660938243","4.47698656085743","-8.53203805895507","5.73949921947316","7.84374511936466","9.98342971560994","5.31440820436136","3.39559207389961","5.02422610677425","0.00392626128153495","-3.67261501134656","10.2521217718202","12.0121068732597","2.20348903124321","6.86572782758105","3.30330191789494","6.00589501548332","3.78371607441245","5.98890757982244","0.795404874304467","1.36002058789914","3.63978650675702","15.6110710756239","16.1617585720579","10.4761432370846","4.3229503222034","4.03950602820954",
"Turkiye","TUR","Households and NPISHs Final consumption expenditure (current US$)","NE.CON.PRVT.CD","4266666666.66667","4500000000","4944444444.44444","5688888888.88889","5988888888.88889","6277777777.77778","7344444444.44444","8022222222.22222","8944444444.44444","9966666666.66667","9281818181.81818","9086666666.66667","11671428571.4286","15035714285.7143","21614285714.2857","27142857142.8571","28850000000","33533333333.3333","38187500000","49712903225.8064","42088157894.7368","42162162162.1622","38250920245.3988","38489333333.3333","37804904632.1526","39130651340.9962","40834518518.5185","59531505250.8751","57700562587.9044","70282893496.7012","103320237638.942","106632502396.932","110630951688.009","124655357305.416","91399996622.6485","148332780019.631","156109966218.291","166499851183.617","174346897869.011","168895047554.461","182721526057.27","127355796401.401","151836369794.576","202938616549.569","260791292193.749","315503939317.482","337081922891.408","413667529285.895","459110964163.495","389842537549.356","474401686596.591","512194845115.242","527048471242.499","564124517273.113","545487999636.288","499795011413.565","497886794861.819","485088828724.172","421900414239.174","417176383860.677","394132925168.418","437439057758.693","492650499998.187","616632766979.269","737665018924.515","873800672532.763",
"Turkiye","TUR","General government final consumption expenditure (constant LCU)","NE.CON.GOVT.KN","","","","","","","","","","","","","","","","","","","","","","","","","","","","59553286979.3651","58916533212.8375","59402503048.0332","64154213939.8654","67030303600","69569168600","73345882900","70779509800","75500656900","78842714900","82860343000","92263485100","97580989500","102270841300","102955326500","109159933300","110026689700","117743864700","122371915700","135215171800","145145649400","150773157700","164289718400","163969326300","171554624000","181330191000","194845360900","205049854900","199717679300","220130734800","230630273800","249300793200","260660664800","267871957900","279086469900","291749020700","298315345300","295929371300","298385724881.7",
"Turkiye","TUR","General government final consumption expenditure (current US$)","NE.CON.GOVT.CD","633333333.333333","744444444.444444","877777777.777778","977777777.777778","1100000000","1233333333.33333","1400000000","1588888888.88889","1744444444.44444","1911111111.11111","1890909090.90909","1853333333.33333","2221428571.42857","2921428571.42857","3728571428.57143","5071428571.42857","5875000000","7177777777.77778","7991666666.66667","10529032258.0645","7951315789.47368","7004504504.5045","6400613496.93251","5802222222.22222","4996185286.10354","5052873563.21839","5742074074.07407","6820770128.35473","6918002812.93952","10009283694.6277","16513376772.7098","18757382550.3356","20564318975.553","23262567137.005","15230402918.0317","20515886138.0739","22765664271.2364","25704453955.816","29279596815.0228","32594059930.7995","32946467237.8798","25779277212.2442","31266561749.8637","40298862138.0052","51406954993.1008","63209277804.1997","73919264547.0309","94107100299.2484","108433748488.308","105996102092.957","114944153138.472","118523180801.872","127868979805.691","137265773298.007","137339569539.904","116849229395.932","127159808352.938","121886414612.625","114407996735.959","118262108607.976","110278959636.047","109575086764.362","109439837402.697","151055591314.993","196477107746.082","221439614241.822",
"Turkiye","TUR","Military expenditure (current LCU)","MS.MIL.XPND.CN","2405","2718","2980","3157","3443","3821","3996","4596","5159","5395","6399","8487","9961","12192","15831","33000","40691","49790","66239","93268","203172","313067","447790","556738","803044","1235000","1868000","2477000","3789000","7158000","13866000","23657000","42320000","77717000","156724000","302864000","611521000","1183330000","2289430000","4167640000","6248270000","8843920000","13641000000","15426000000","15568000000","16232000000","18622000000","19528000000","21878000000","24873000000","26526000000","28485000000","31779000000","35082000000","38467000000","42619000000","53853000000","64243000000","94860000000","116143000000","110843945131.65","134883205398.12","249015171757.6","456564829373","821245871159.598","",
"Turkiye","TUR","Arms imports (SIPRI trend indicator values)","MS.MIL.MPRT.KD","593000000","312000000","266000000","586000000","839000000","603000000","525000000","593000000","426000000","645000000","397000000","941000000","1094000000","790000000","1281000000","640000000","358000000","293000000","984000000","917000000","487000000","731000000","483000000","477000000","549000000","678000000","472000000","1429000000","1628000000","1017000000","1241000000","1270000000","1879000000","2329000000","1891000000","1567000000","1491000000","1512000000","2627000000","1734000000","1182000000","505000000","882000000","331000000","257000000","1080000000","529000000","701000000","649000000","731000000","467000000","754000000","1481000000","769000000","1525000000","443000000","326000000","427000000","486000000","767000000","107000000","282000000","186000000","679000000","381000000","",
"Turkiye","TUR","Logistics performance index: Competence and quality of logistics services (1=low to 5=high)","LP.LPI.LOGS.XQ","","","","","","","","","","","","","","","","","","","","","","","","","","","","","","","","","","","","","","","","","","","","","","","","3.29","","","3.23","","3.52","","3.640789","","3.312065","","3.05","","","","3.5","","","",
"Turkiye","TUR","Lead time to import, median case (days)","LP.IMP.DURS.MD","","","","","","","","","","","","","","","","","","","","","","","","","","","","","","","","","","","","","","","","","","","","","","","","2.4","","","3.83","","2","","2","","2","","3","","","","","","","",
"Turkiye","TUR","Individuals using the Internet, female (% of female population)","IT.NET.USER.FE.ZS","","","","","","","","","","","","","","","","","","","","","","","","","","","","","","","","","","","","","","","","","","","","","8.69774","9.67361","","19.2831","25.0939","26.3411","29.8589","33.4686","34.6829","36.0678","41.3541","44.0396","49.1718","56.6377","63.9338","67.5984","72.0757","76.3604","79.3063","82.1321","83.9343","87.0342",
"Turkiye","TUR","Fixed broadband subscriptions","IT.NET.BBND","","","","","","","","","","","","","","","","","","","","","","","","","","","","","","","","","","","","","","","","","","10915","21205","199324","577931","1589768","2773685","4753757","5756965","6450287","7098163","7591367","7868968","8893391","8866361","9504594","10499692","11924905","13407226","14231978","16734853","18135736","18998803","19600230","20496630","",
"Turkiye","TUR","Mobile cellular subscriptions","IT.CEL.SETS","0","","","","","0","","","","","0","","","","","0","0","0","0","0","0","0","0","0","0","0","365","5101","9846","15606","31809","47828","61395","84187","174779","437130","806339","1609809","3506127","8121517","16133405","19572897","23323118","27887535","34707549","43608965","52662700","61975807","65824110","62779554","61769635","65321745","67680547","69661108","71888416","73639261","75061699","77800170","80117999","80790877","82128104","86288834","90297565","92230985","94320271","",
"Turkiye","TUR","Railways, passengers carried (million passenger-km)","IS.RRS.PASG.KM","","","","","","","","","","","","","","","","","","","","","","","","","","","","","","","","","","","","5797","5229","5840","6160","6146","5832","5568","5204","5878","5163","5036","5277","5553","5097","5374","5584","7122","6361","6225","7401","8326","7829","8465","8938","14259","8297","10683","","","","",
"Turkiye","TUR","Air transport, registered carrier departures worldwide","IS.AIR.DPRT","","","","","","","","","","","28700","32000","34700","36700","30600","27200","32000","33400","30400","31400","18900","25300","24000","24600","28400","31600","31700","32900","36800","38300","44200","38600","58600","70500","75100","78500","84900","92800","103900","111400","119945","111342","105996","104377","121815","145952","177088","197132","215275","271835","369174","420222","476115","568212.396628194","628104","706067","743673","742260","772925.545","742503","364856.074","534041.09","688557.817","810474","","",
"Turkiye","TUR","Statistical performance indicators (SPI): Pillar 2 data services score (scale 0-100)","IQ.SPI.PIL2","","","","","","","","","","","","","","","","","","","","","","","","","","","","","","","","","","","","","","","","","","","","","","","","","","","","","","","","","80.9333333333333","86.1333333333333","84","84","85.5666666666667","85.5666666666667","86.8","86.8","86.4","",
"Turkiye","TUR","CPIA trade rating (1=low to 6=high)","IQ.CPA.TRAD.XQ","","","","","","","","","","","","","","","","","","","","","","","","","","","","","","","","","","","","","","","","","","","","","","","","","","","","","","","","","","","","","","","","","","",
"Turkiye","TUR","CPIA public sector management and institutions cluster average (1=low to 6=high)","IQ.CPA.PUBS.XQ","","","","","","","","","","","","","","","","","","","","","","","","","","","","","","","","","","","","","","","","","","","","","","","","","","","","","","","","","","","","","","","","","","",
"Turkiye","TUR","CPIA quality of public administration rating (1=low to 6=high)","IQ.CPA.PADM.XQ","","","","","","","","","","","","","","","","","","","","","","","","","","","","","","","","","","","","","","","","","","","","","","","","","","","","","","","","","","","","","","","","","","",
"Turkiye","TUR","Unemployment, male (% of male labor force) (modeled ILO estimate)","SL.UEM.TOTL.MA.ZS","","","","","","","","","","","","","","","","","","","","","","","","","","","","","","","","8.671","8.812","8.827","8.772","7.771","6.892","6.478","6.919","7.727","6.577","8.722","10.714","10.71","10.787","10.452","9.925","10.047","10.74","13.915","11.439","9.18","8.548","8.753","9.042","9.255","9.603","9.429","9.558","12.391","12.31","10.671","8.972","7.689","7.176","6.877",
"Turkiye","TUR","Share of youth not in education, employment or training, total (% of youth population)","SL.UEM.NEET.ZS","","","","","","","","","","","","","","","","","","","","","","","","","","","","","","","","","","","","","","","","","39.647","40.431","41.137","41.403","42.555","42.557","41.224","41.84","39.771","36.963","34.698","31.929","31.168","28.123","24.855","24.032","23.964","24.188","24.461","26.052","28.335","24.753","24.158","22.494","22.946","",
"Turkiye","TUR","Share of youth not in education, employment or training, female (% of female youth population)","SL.UEM.NEET.FE.ZS","","","","","","","","","","","","","","","","","","","","","","","","","","","","","","","","","","","","","","","","","56.785","56.566","55.754","55.784","57.61","57.518","56.103","56.469","53.407","49.35","46.907","43.95","42.218","38.619","35.029","33.808","33.499","34.046","33.554","33.977","35.74","32.37","32.314","29.776","30.124","",
"Turkiye","TUR","Unemployment with intermediate education, female (% of female labor force with intermediate education)","SL.UEM.INTM.FE.ZS","","","","","","","","","","","","","","","","","","","","","","","","","","","","","","","","","","","","","","","","","16.437","20.286","23.954","20.492","24.339","23.485","22.104","21.592","20.626","26.111","23.867","20.758","19.158","20.241","19.182","19.282","20.821","20.91","20.441","24.292","21.839","20.699","19.067","18.262","17.014","",
"Turkiye","TUR","Unemployment with advanced education (% of total labor force with advanced education)","SL.UEM.ADVN.ZS","","","","","","","","","","","","","","","","","","","","","","","","","","","","","","","","","","","","","","","","","","","","","12.223","10.032","9.57","9.73","10.342","12.141","10.984","10.438","10.068","10.34","10.649","11.004","12.014","12.652","12.389","13.655","12.808","12.448","11.278","9.809","9.129","",
"Turkiye","TUR","Unemployment, youth total (% of total labor force ages 15-24) (national estimate)","SL.UEM.1524.NE.ZS","","","","","","","","","","","","","","","","","","","","","","","","","","","","","16.681","16.3","16.019","","","","","","","","","","13.053","16.203","19.16","20.525","20.553","19.868","19.053","19.966","20.485","25.277","21.718","18.372","17.529","18.686","17.925","18.533","19.61","20.772","20.303","25.406","25.277","22.636","19.446","17.427","16.298","15.4",
"Turkiye","TUR","Unemployment, youth female (% of female labor force ages 15-24) (national estimate)","SL.UEM.1524.FE.NE.ZS","","","","","","","","","","","","","","","","","","","","","","","","","","","","","16.348","15.023","15.024","","","","","","","","","","11.85","14.404","17.101","18.875","20.694","20.541","20.649","20.763","21.226","25.016","23.021","20.724","19.892","21.898","20.433","22.228","23.689","26.115","25.306","30.581","30.295","28.721","25.215","23.219","22.331","22.2",
"Turkiye","TUR","Part time employment, male (% of total male employment)","SL.TLF.PART.MA.ZS","","","","","","","","","","","","","","","","","","","","","","","","","","","","","","","","","","","","","","","","","","","","","1.831","2.931","4.257","4.725","5.339","6.562","6.887","6.785","6.879","7.165","7.061","6.684","6.464","6.624","7.113","7.082","9.253","6.988","6.747","7.271","9.024","",
"Turkiye","TUR","Labor force with intermediate education, female (% of female working-age population with intermediate education)","SL.TLF.INTM.FE.ZS","","","","","","","","","","","","","","","","","","","","","","","","","","","","","","","","","","","","","","","","","31.797","31.072","31.907","28.895","30.047","30.232","30.942","31.238","32.511","33.699","33.929","33.682","33.525","34.981","35.048","36.072","36.966","37.828","38.154","37.634","32.857","34.825","38.688","40.172","40.414","",
"Turkiye","TUR","Labor force participation rate, male (% of male population ages 15+) (national estimate)","SL.TLF.CACT.MA.NE.ZS","93.756","","","","","92.39","","","","","84.702","","","","","85.439","","","","","84.551","","","","","83.162","","","81.43","80.643","79.703","","","","","","","","","","73.707","72.855","71.593","70.428","70.31","70.561","69.874","69.75","70.137","70.55","70.762","71.683","71.042","71.493","71.261","71.581","71.986","72.46","72.654","71.985","68.179","70.263","71.429","71.187","71.966","71.3",
"Turkiye","TUR","Labor force participation rate, female (% of female population ages 15+) (national estimate)","SL.TLF.CACT.FE.NE.ZS","65.441","","","","","56.669","","","","","50.874","","","","","47.411","","","","","46.228","","","","","44.267","","","36.012","37.36","34.152","","","","","","","","","","26.562","27.141","27.916","26.588","23.335","23.294","23.587","23.611","24.48","26.031","27.611","28.814","29.497","30.761","30.266","31.505","32.459","33.591","34.172","34.363","30.89","32.823","35.114","35.846","36.799","36.2",
"Turkiye","TUR","Labor force with advanced education (% of total working-age population with advanced education)","SL.TLF.ADVN.ZS","","","","","","","","","","","","","","","","","","","","","","","","","","","","","","","","","","","","","","","","","","","","","78.888","77.877","77.181","77.331","77.558","77.991","78.8","79.313","79.071","80.144","79.169","79.756","79.688","80.219","79.451","79.271","74.995","76.505","77.288","77.433","77.519","",
"Turkiye","TUR","Labor force participation rate, male (% of male population ages 15-64) (modeled ILO estimate)","SL.TLF.ACTI.MA.ZS","","","","","","","","","","","","","","","","","","","","","","","","","","","","","","","82.268","83.196","82.549","80.977","81.379","80.476","80.047","79.617","79.559","78.654","76.586","75.948","74.988","73.93","73.595","74.1","73.695","73.807","74.264","74.72","74.983","75.919","75.419","75.944","75.914","76.27","76.833","77.453","77.772","77.356","73.876","76.355","77.751","77.681","78.523","78.713",
"Turkiye","TUR","Labor force participation rate for ages 15-24, male (%) (modeled ILO estimate)","SL.TLF.ACTI.1524.MA.ZS","","","","","","","","","","","","","","","","","","","","","","","","","","","","","","","69.804","70.025","67.868","64.517","66.178","62.769","62.711","61.6","60.085","59.953","56.785","55.606","52.648","49.957","50.541","50.894","50.333","50.791","50.951","51.451","50.217","51.602","50.273","51.448","53.655","53.948","54.126","55.144","56.231","55.85","50.114","53.174","56.116","57.453","59.136","59.345",
"Turkiye","TUR","Children in employment, total (% of children ages 7-14)","SL.TLF.0714.ZS","","","","","","","","","","","","","","","","","","","","","","","","","","","","","","","","","","","","","","","","4.5413489551","","","","","","","2.6","","","","","","","","","","","","","","","","","","","",
"Turkiye","TUR","Average working hours of children, working only, male, ages 7-14 (hours per week)","SL.TLF.0714.WK.MA.TM","","","","","","","","","","","","","","","","","","","","","","","","","","","","","","","","","","","","","","","","","","","","","","","44.5","","","","","","","","","","","","","","","","","","","",
"Turkiye","TUR","Average working hours of children, study and work, ages 7-14 (hours per week)","SL.TLF.0714.SW.TM","","","","","","","","","","","","","","","","","","","","","","","","","","","","","","","","","","","","","","","","","","","","","","","14.8","","","","","","","","","","","","","","","","","","","",
"Turkiye","TUR","Average working hours of children, study and work, female, ages 7-14 (hours per week)","SL.TLF.0714.SW.FE.TM","","","","","","","","","","","","","","","","","","","","","","","","","","","","","","","","","","","","","","","","","","","","","","","12.5","","","","","","","","","","","","","","","","","","","",
"Turkiye","TUR","Employment in services, male (% of male employment) (modeled ILO estimate)","SL.SRV.EMPL.MA.ZS","","","","","","","","","","","","","","","","","","","","","","","","","","","","","","","","34.9268150907879","36.4163291077185","38.0323238715712","37.9170794261882","38.1159942905294","37.9363096816834","38.3140394379192","39.4430148954848","41.3435751871042","42.6260324992646","43.0402899602962","45.8039808293509","46.6784645371451","47.8967612086377","49.098306522137","49.7503477446421","50.1008097847488","49.4459975851881","51.2695608478589","49.427124065831","48.1725393620374","48.6317005456104","48.8309106131086","49.1736339623722","49.8587800840443","50.9878273038042","51.2845411150766","51.7783728121963","53.5195792430063","53.0462611407199","53.3069521246286","54.3079832349864","55.0381455103413","55.2212340525672","55.5053268744075",
"Turkiye","TUR","Child employment in services, female (% of female economically active children ages 7-14)","SL.SRV.0714.FE.ZS","","","","","","","","","","","","","","","","","","","","","","","","","","","","","","","","","","","","","","","","1.8213285481","","","","","","","11.58","","","","","","","","","","","","","","","","","","","",
"Turkiye","TUR","Child employment in manufacturing (% of economically active children ages 7-14)","SL.MNF.0714.ZS","","","","","","","","","","","","","","","","","","","","","","","","","","","","","","","","","","","","","","","","15.9195491743","","","","","","","14.29","","","","","","","","","","","","","","","","","","","",
"Turkiye","TUR","Employment in industry, male (% of male employment) (modeled ILO estimate)","SL.IND.EMPL.MA.ZS","","","","","","","","","","","","","","","","","","","","","","","","","","","","","","","","27.0872067870921","27.2593471919355","26.4274064011244","26.9557744095519","26.8394393865639","27.6969051723769","28.2687327495144","28.1486551326291","27.9160478194102","29.2243241517663","28.0977731657516","28.0435513592911","27.6674626356636","29.3105084519413","31.1428710400834","31.9040876412847","32.04427314254","32.3616563584569","30.8110966587306","31.8435445024641","32.5440126698311","32.2932731939578","32.726398376185","32.7935021117653","32.4761033999745","32.1242062288057","32.0255975489933","32.2047657021262","30.5686740570831","31.6071429386257","32.0314749179022","32.2828662866183","32.1871882831156","32.1712208532367","32.1811137298557",
"Turkiye","TUR","Contributing family workers, male (% of male employment) (modeled ILO estimate)","SL.FAM.WORK.MA.ZS","","","","","","","","","","","","","","","","","","","","","","","","","","","","","","","","11.287544284781","11.4692151229905","12.5726747098969","11.5881349113009","11.5825079471157","11.496136044391","11.8304124913829","11.4860353815803","11.115341610737","11.4001532571364","11.8721740177214","10.3286001829899","9.12358218859287","8.73379475655273","7.49309474692546","6.20107463623569","5.781990717208","5.59284272242588","6.14782558415655","5.85615539495119","5.61833740684497","5.35046746879585","5.27657641089295","5.1904285792247","5.00667235417434","4.87711491854699","4.80366691292233","4.7166437614223","4.73444008577163","4.62892287518221","4.44555142627441","3.90826555118358","3.60833659594007","3.86308773010317","3.76595687040505",
"Turkiye","TUR","Children in employment, unpaid family workers, female (% of female children in employment, ages 7-14)","SL.FAM.0714.FE.ZS","","","","","","","","","","","","","","","","","","","","","","","","","","","","","","","","","","","","","","","","","","","","","","","63.73","","","","","","","","","","","","","","","","","","","",
"Turkiye","TUR","Vulnerable employment, total (% of total employment) (modeled ILO estimate)","SL.EMP.VULN.ZS","","","","","","","","","","","","","","","","","","","","","","","","","","","","","","","","47.3290582229435","47.1286599710726","46.8815405299676","46.7486241753248","46.5489259191743","46.2861478949","46.1099612816426","45.7475143048701","45.4360590284753","44.9542249430927","46.2065788421652","43.3661355141527","43.0664758628225","39.1052860097717","36.5951513610048","34.0668497411817","32.4511473807858","31.7572930531861","32.9455526193671","32.4345095590541","31.7790811091608","30.727703994997","29.9417878200711","29.5939640712044","28.8142296804772","28.0716480856355","28.3715601440239","27.7291319199479","27.2453632622777","25.8718429248838","25.5227753796423","24.8219911815549","23.9397520247123","24.2129995221766","23.9069908746299",
"Turkiye","TUR","Employment to population ratio, 15+, total (%) (national estimate)","SL.EMP.TOTL.SP.NE.ZS","","","","","","","","","","","","","","","","","","","","","","","","","","","","","54.819","54.96","52.077","","","","","","","","","","46.7","45.643","44.449","43.235","41.292","41.495","41.532","41.481","41.743","41.167","43.003","44.989","45.356","45.899","45.507","46.013","46.33","47.065","47.379","45.681","42.845","45.204","47.546","48.349","49.481","49.1",
"Turkiye","TUR","Employment to population ratio, 15+, female (%) (national estimate)","SL.EMP.TOTL.SP.FE.NE.ZS","","","","","","","","","","","","","","","","","","","","","","","","","","","","","32.978","34.414","31.249","","","","","","","","","","24.901","25.113","25.281","23.898","20.774","20.692","20.965","21.019","21.641","22.309","24.026","25.568","26.317","27.099","26.659","27.521","27.998","28.86","29.425","28.697","26.266","27.991","30.406","31.312","32.464","32.1",
"Turkiye","TUR","Self-employed, female (% of female employment) (modeled ILO estimate)","SL.EMP.SELF.FE.ZS","","","","","","","","","","","","","","","","","","","","","","","","","","","","","","","","63.6169720578197","63.697801885931","65.3464766583842","63.3873641975634","63.069867409596","62.7411695274005","63.4181927589516","62.7637971049935","61.6585230706015","61.7234301012651","63.7688459187779","60.0693205235593","58.9959814206479","52.5366193022456","49.719366293606","46.573511070195","45.0285712386127","44.4477455567665","46.2810287057361","46.719867189495","45.9616418153844","43.3708319603156","41.0456860367407","40.5515654112549","38.860911219593","37.2935829390236","37.2737341451463","35.3363564811077","34.0427176730873","31.7034845176095","30.9996146747199","28.9829622817083","27.4575020511426","27.8527870524949","27.3265193899826",
"Turkiye","TUR","Employment to population ratio, ages 15-24, total (%) (modeled ILO estimate)","SL.EMP.1524.SP.ZS","","","","","","","","","","","","","","","","","","","","","","","","","","","","","","","","46.928","44.386","39.581","42.965","41.064","42.001","40.302","39.522","39.683","37.023","35.353","33.117","30.619","30.095","30.298","30.338","30.21","30.39","28.979","30.056","32.107","31.579","32.332","33.617","34.324","34.208","34.459","35.178","33.299","29.32","32.365","35.367","37.642","39.356","39.73",
"Turkiye","TUR","Employment to population ratio, ages 15-24, female (%) (modeled ILO estimate)","SL.EMP.1524.SP.FE.ZS","","","","","","","","","","","","","","","","","","","","","","","","","","","","","","","","35.296","32.346","25.994","30.727","29.421","30.053","27.108","27.403","28.261","24.48","24.092","23.765","21.439","19.446","19.071","18.966","18.962","19.467","18.979","19.907","20.866","20.498","21.344","21.892","23.046","23.131","23.018","23.419","22.695","19.306","21.303","23.216","25.46","26.752","27.187",
"Turkiye","TUR","Employment in agriculture, female (% of female employment) (modeled ILO estimate)","SL.AGR.EMPL.FE.ZS","","","","","","","","","","","","","","","","","","","","","","","","","","","","","","","","64.8083874375702","60.0333970626238","56.9497458292546","60.9468500164396","61.4275491771564","61.6468058187215","58.3527212444005","58.0480855080099","56.8330262316348","52.1726275958566","55.2022336809924","51.9245496418362","50.3359455047999","42.5857584983648","38.4276023953043","35.9724598496596","35.1774083602985","34.5882007352919","32.2315274050884","32.2287531428628","32.1161426436862","30.3707019595556","29.5706871073049","28.9032065773111","27.2937197268189","26.0072086695755","25.9311158368242","24.2618690427404","23.4241517502549","23.0526036931974","22.7160423758274","20.4468808249381","18.5168321013885","18.4943388553572","18.047859367629",
"Turkiye","TUR","Prosperity gap (average shortfall from a prosperity standard of $28/day)","SI.SPR.PGAP","","","","","","","","","","","","","","","","","","","","","","","","","","","","4.6","","","","","","","4.6","","","","","","","","4.3","4.7","3.8","3.7","3.5","3.2","3","2.9","2.9","2.7","2.6","2.5","2.4","2.5","2.3","2.2","2.1","2.2","2.1","2","1.8","1.3","","",
"Turkiye","TUR","Survey mean consumption or income per capita, bottom 40% of population (2021 PPP $ per day)","SI.SPR.PC40","","","","","","","","","","","","","","","","","","","","","","","","","","","","","","","","","","","","","","","","","","","","","","","","","","","","","","","","","","","9.29","","","","","14.99","","",
"Turkiye","TUR","Poverty headcount ratio at $8.30 a day (2021 PPP) (% of population)","SI.POV.UMIC","","","","","","","","","","","","","","","","","","","","","","","","","","","","56.7","","","","","","","54.7","","","","","","","","50.5","54.3","41","38.9","35.9","31.5","26.9","28","26.3","23.8","22.3","20.6","20.3","21","18.6","16.7","15.6","15.9","15","12.9","10.8","4.1","","",
"Turkiye","TUR","Multidimensional poverty headcount ratio (UNDP & OPHI) (% of population)","SI.POV.MPUN","","","","","","","","","","","","","","","","","","","","","","","","","","","","","","","","","","","","","","","","","","","","","","","","","","","","","","","","","","","","","","","","","","",
"Turkiye","TUR","Poverty gap at $3.00 a day (2021 PPP) (%)","SI.POV.GAPS","","","","","","","","","","","","","","","","","","","","","","","","","","","","1.5","","","","","","","2","","","","","","","","1.6","2.6","1.5","1.6","1.2","0.8","0.6","0.5","0.6","0.3","0.3","0.3","0.2","0.2","0.2","0.3","0.3","0.3","0.3","0.3","0.1","0","","",
"Turkiye","TUR","Proportion of people living below 50 percent of median income (%)","SI.DST.50MD","","","","","","","","","","","","","","","","","","","","","","","","","","","","15.7","","","","","","","17.3","","","","","","","","17.1","16.9","19.4","18.5","17.8","17.5","17.6","16.9","16.4","16","16","16.3","15.7","15.6","16","17.4","17.4","17.5","17.3","17.8","16.6","16.3","","",
"Turkiye","TUR","Income share held by third 20%","SI.DST.03RD.20","","","","","","","","","","","","","","","","","","","","","","","","","","","","14.7","","","","","","","14.9","","","","","","","","14.8","14.6","15.2","14.8","15.7","15.9","15.9","15.6","15.6","15.2","15.1","15.1","14.7","14.2","14.5","14.3","14.6","14.3","14.5","14.2","13.9","14.2","","",
"Turkiye","TUR","UHC service coverage sub-index on infectious diseases","SH_UHC_SCI_ID","","","","","","","","","","","","","","","","","","","","","","","","","","","","","","","","","","","","","","","","","87","87","87","88","89","90","91","91","92","93","93","94","95","95","96","96","97","98","98","99","99","99","99","99","","",
"Turkiye","TUR","Proportion of population facing large (but non-impoverishing) out-of-pocket health expenditure (%)","SH_UHC_FH40_LARGE","","","","","","","","","","","","","","","","","","","","","","","","","","","","","","","","","","","","","","","","","","","2.23","1.72","2.27","2","1.88","1.75","1.53","1.41","1.78","1.74","1.3","1.87","1.6","1.61","1.4","","","","","","","","","",
"Turkiye","TUR","Domestic private health expenditure per capita, PPP (current international $)","SH.XPD.PVTD.PP.CD","","","","","","","","","","","","","","","","","","","","","","","","","","","","","","","","","","","","","","","","","164.08339037435","143.988273393476","138.840299516801","136.453324243417","149.018205428605","185.580491777203","216.314962167115","241.028458152199","226.878629338653","164.486114336599","191.043481146632","190.293707885821","190.897644167742","211.009144541808","230.926178284005","227.599724636067","239.415029920313","253.90018810118","254.371683409963","267.86365915857","271.278985236092","294.096987605689","351.130002138972","425.968674542833","","",
"Turkiye","TUR","Out-of-pocket expenditure per capita (current US$)","SH.XPD.OOPC.PC.CD","","","","","","","","","","","","","","","","","","","","","","","","","","","","","","","","","","","","","","","","","55.15143552","34.88147326","36.86013508","44.02420698","59.06036477","86.40900582","96.78532836","120.46672979","107.75181854","71.42245532","89.73128218","83.59134611","82.91483438","92.75120178","92.24442336","75.37237439","75.14588649","75.12365898","66.51607342","66.25987159","63.46478374","70.18417587","75.16339636","104.34350001","","",
"Turkiye","TUR","Domestic general government health expenditure (% of general government expenditure)","SH.XPD.GHED.GE.ZS","","","","","","","","","","","","","","","","","","","","","","","","","","","","","","","","","","","","","","","","","7.18632746","7.46441364","8.63695431","9.29146957","10.18661499","10.3244648","10.55690098","10.95228481","11.25649643","11.8805933","11.03767395","11.22104549","10.30854511","10.16183186","10.29003143","9.90802383","9.94375896","9.96030045","9.29888058","9.53611851","10.49731636","11.48819828","10.18368053","9.78045368","","",
"Turkiye","TUR","External health expenditure per capita (current US$)","SH.XPD.EHEX.PC.CD","","","","","","","","","","","","","","","","","","","","","","","","","","","","","","","","","","","","","","","","","","","","","","","","","","","","","","","","","","","","","","","","","","",
"Turkiye","TUR","Current health expenditure (% of GDP)","SH.XPD.CHEX.GD.ZS","","","","","","","","","","","","","","","","","","","","","","","","","","","","","","","","","","","","","","","","","4.59957218","4.88784933","5.06227875","5.01427698","4.9096446","4.89389706","5.14591694","5.23760796","5.21761751","5.49438715","5.02053452","4.6530509","4.44444656","4.37099934","4.32517862","4.11690426","4.28469229","4.17974997","4.12101603","4.35954332","4.61640215","4.56065559","3.70338893","4.27524424","","",
"Turkiye","TUR","Tuberculosis treatment success rate (% of new cases)","SH.TBS.CURE.ZS","","","","","","","","","","","","","","","","","","","","","","","","","","","","","","","","","","","","","","","","","73","72","65","72","81","88","91","91","91","90","89","90","88","86","87","87","87","86","85","83","81","80","80","81","","",
"Turkiye","TUR","Prevalence of wasting, weight for height (% of children under 5)","SH.STA.WAST.ZS","","","","","","","","","","","","","","","","","","","","","","","","","","","","","","","","","","3.9","","","","","3","","","","","","1.1","","","","1","","","","","1.9","","","","","1.7","","","","","","","",
"Turkiye","TUR","Mortality caused by road traffic injury (per 100,000 population)","SH.STA.TRAF.P5","","","","","","","","","","","","","","","","","","","","","","","","","","","","","","","","","","","","","","","","","9","7","6.8","6.6","6.8","6.8","6.9","7.4","6.2","6.3","6.8","11","10.7","10.3","9.6","9.9","9.4","9.4","8.4","6.7","","","","","","",
"Turkiye","TUR","Patent applications, residents","IP.PAT.RESD","","","","","","","","","","","","","","","","","","","","","134","157","126","","153","132","174","138","153","162","138","148","189","169","151","170","189","203","207","276","277","337","414","489","682","928","1072","1810","2221","2555","3180","3885","4434","4392","4766","5352","6230","8175","7156","7871","7920","8234","","","","",
"Turkiye","TUR","Industrial design applications, nonresident, by count","IP.IDS.NRCT","","","","","","","","","","","","","","","","","","","","","","","","","","","","","","","","","","","","29","256","323","673","579","592","539","635","702","1108","2046","2409","2765","4357","4633","5334","5884","6335","7191","7912","7725","7022","7675","6870","6972","5580","6571","","","","",
"Turkiye","TUR","Public private partnerships investment in energy (current US$)","IE.PPN.ENGY.CD","","","","","","","","","","","","","","","","","","","","","","","","","","","","","","","68000000","","","","","1760000000","1232200000","","","","3575000000","850000000","360000000","","","34800000","124700000","61900000","2325000000","2705500000","4213030000","5325270000","3360000000","9102100000","165000000","1578070000","376100000","773200000","747210000","782950000","408970000","1134000000","502000000","433820000","1695070000","",
"Turkiye","TUR","Investment in energy with private participation (current US$)","IE.PPI.ENGY.CD","","","","","","","","","","","","","","","","","","","","","","","","","","","","","","","68000000","","","","","1760000000","1232200000","","","","3575000000","850000000","360000000","","169000000","60800000","321050000","81600000","4434000000","3816500000","5427030000","8472770000","3360000000","13591100000","11072450000","1578070000","2836000000","797100000","957510000","782950000","408970000","1134000000","502000000","433820000","1695070000","",
"Turkiye","TUR","Time spent dealing with the requirements of government regulations (% of senior management time)","IC.GOV.DURS.ZS","","","","","","","","","","","","","","","","","","","","","","","","","","","","","","","","","","","","","","","","","","","3.4","","10.7","6.3","","","27.08315659","","","","","19.21720314","","","","","","5.889659882","","","","","6.713593006","",
"Turkiye","TUR","Firms that introduced a new product/service and process, and spent on R&D","IC.FRM.NPRD.ZS","","","","","","","","","","","","","","","","","","","","","","","","","","","","","","","","","","","","","","","","","","","","","","","","","","","","","","3.123098612","","","","","","0.9906080365","","","","","1.805624604","",
"Turkiye","TUR","Firms with at least 10% foreign ownership","IC.FRM.FO.ZS","","","","","","","","","","","","","","","","","","","","","","","","","","","","","","","","","","","","","","","","","","","","","","","","","2.914061785","","","","","5.098244667","","","","","","1.235382318","","","","","1.871597528","",
"Turkiye","TUR","Firms adopting energy management measures to reduce emissions (% of firms)","IC.FRM.ENGM.ZS","","","","","","","","","","","","","","","","","","","","","","","","","","","","","","","","","","","","","","","","","","","","","","","","","","","","","","","","","","","","","","","","","13.26935387","",
"Turkiye","TUR","Informal payments to public officials (% of firms)","IC.FRM.CORR.ZS","","","","","","","","","","","","","","","","","","","","","","","","","","","","","","","","","","","","","","","","","","","66.3","","44.5","20.3","","","17.99027824","","","","","5.777805805","","","","","","0.6837288737","","","","","2.516850948","",
"Turkiye","TUR","Bribery incidence (% of firms experiencing at least one bribe payment request)","IC.FRM.BRIB.ZS","","","","","","","","","","","","","","","","","","","","","","","","","","","","","","","","","","","","","","","","","","","","","","","","","9.154895782","","","","","4.670959473","","","","","","1.363532543","","","","","2.430560112","",
"Turkiye","TUR","Firms experiencing electrical outages (% of firms)","IC.ELC.OUTG.ZS","","","","","","","","","","","","","","","","","","","","","","","","","","","","","","","","","","","","","","","","","","","","","","","","","56.84474945","","","","","42.0876236","","","","","","28.45777512","","","","","32.76435852","",
"Turkiye","TUR","New businesses registered (number)","IC.BUS.NREG","","","","","","","","","","","","","","","","","","","","","","","","","","","","","","","","","","","","","","","","","","","","","","","53757","56900","51060","46449","54018","57358","42403","52509","60829","67782","64882","74936","86210","85413","101482","110909","142220","128456","115401","",
"Turkiye","TUR","B-READY: Utility Services Pillar 1: Quality of Regulations on Utility Services","IC.BRE.US.P1","","","","","","","","","","","","","","","","","","","","","","","","","","","","","","","","","","","","","","","","","","","","","","","","","","","","","","","","","","","","","","","","","","",
"Turkiye","TUR","B-READY: Taxation Pillar 1: Quality of Regulations on Taxation","IC.BRE.TX.P1","","","","","","","","","","","","","","","","","","","","","","","","","","","","","","","","","","","","","","","","","","","","","","","","","","","","","","","","","","","","","","","","","","",
"Turkiye","TUR","B-READY: Pillar 1: Regulatory Framework","IC.BRE.P1.RF","","","","","","","","","","","","","","","","","","","","","","","","","","","","","","","","","","","","","","","","","","","","","","","","","","","","","","","","","","","","","","","","","","",
"Turkiye","TUR","B-READY: Market Competition: Overall Score","IC.BRE.MC.OS","","","","","","","","","","","","","","","","","","","","","","","","","","","","","","","","","","","","","","","","","","","","","","","","","","","","","","","","","","","","","","","","","","",
"Turkiye","TUR","B-READY: Labor: Overall Score","IC.BRE.LB.OS","","","","","","","","","","","","","","","","","","","","","","","","","","","","","","","","","","","","","","","","","","","","","","","","","","","","","","","","","","","","","","","","","","",
"Turkiye","TUR","B-READY: International Trade: Overall Score","IC.BRE.IT.OS","","","","","","","","","","","","","","","","","","","","","","","","","","","","","","","","","","","","","","","","","","","","","","","","","","","","","","","","","","","","","","","","","","",
"Turkiye","TUR","B-READY: Financial Services: Overall Score","IC.BRE.FS.OS","","","","","","","","","","","","","","","","","","","","","","","","","","","","","","","","","","","","","","","","","","","","","","","","","","","","","","","","","","","","","","","","","","",
"Turkiye","TUR","B-READY: Dispute Resolution: Overall Score","IC.BRE.DR.OS","","","","","","","","","","","","","","","","","","","","","","","","","","","","","","","","","","","","","","","","","","","","","","","","","","","","","","","","","","","","","","","","","","",
"Turkiye","TUR","B-READY: Business Location: Overall Score","IC.BRE.BL.OS","","","","","","","","","","","","","","","","","","","","","","","","","","","","","","","","","","","","","","","","","","","","","","","","","","","","","","","","","","","","","","","","","","",
"Turkiye","TUR","B-READY: Business Insolvency: Overall Score","IC.BRE.BI.OS","","","","","","","","","","","","","","","","","","","","","","","","","","","","","","","","","","","","","","","","","","","","","","","","","","","","","","","","","","","","","","","","","","",
"Turkiye","TUR","B-READY: Business Entry: Overall Score","IC.BRE.BE.OS","","","","","","","","","","","","","","","","","","","","","","","","","","","","","","","","","","","","","","","","","","","","","","","","","","","","","","","","","","","","","","","","","","",
"Turkiye","TUR","Human capital index plus (HCI+): on-the-job learning pillar score, total (scale -30–87)","HD_HCIP_OTJL_TO","","","","","","","","","","","","","","","","","","","","","","","","","","","","","","","","","","","","","","","","","","","","","","","","","","","16.8307885446219","","","","","24.3456702967699","","","","","26.0179743774467","","","","","33.1406454676372",
"Turkiye","TUR","Human capital index plus (HCI+): health pillar score, male (scale 0–50)","HD_HCIP_HLTH_MA","","","","","","","","","","","","","","","","","","","","","","","","","","","","","","","","","","","","","","","","","","","","","","","","","","","42.9893206787109","","","","","44.0160278356075","","","","","45.3723999524117","","","","","45.2870782971382",
"Turkiye","TUR","Human capital index plus (HCI+): education pillar score, female (scale 0–188)","HD_HCIP_EDUC_FE","","","","","","","","","","","","","","","","","","","","","","","","","","","","","","","","","","","","","","","","","","","","","","","","","","","102.403697080113","","","","","121.141363266425","","","","","137.047419329368","","","","","150.413180523833",
"Turkiye","TUR","Regulatory Quality - Governance estimate (approx. -2.5 to +2.5)","GOV_WGI_RQ_EST","","","","","","","","","","","","","","","","","","","","","","","","","","","","","","","","","","","","","-0.1352065","","0.1031403","","0.2149671","","0.0360878","0.0851509","-0.0314","0.1284345","0.2843555","0.3245614","0.3175233","0.3810079","0.3744715","0.3816131","0.4714134","0.4789095","0.368902","0.2171826","0.1543103","0.1437151","0.0517731","-0.0157501","-0.1651388","-0.123133799999999","-0.229146699999999","-0.2108777","-0.2112376","",
"Turkiye","TUR","Political Stability - Governance estimate (approx. -2.5 to +2.5)","GOV_WGI_PV_EST","","","","","","","","","","","","","","","","","","","","","","","","","","","","","","","","","","","","","-0.9542311","","-0.9921065","","-0.527191899999999","","-0.4967605","-0.6244676","-0.6779818","-0.3737719","-0.3387985","-0.5833298","-0.604511399999999","-0.552292999999999","-0.5486911","-0.6966163","-0.9196869","-1.0321782","-0.7998074","-1.10934889999999","-1.7801696","-1.70623179999999","-1.1241116","-1.1924541","-1.0396051","-0.9721057","-0.935033599999999","-0.884477","-0.970710499999999","",
"Turkiye","TUR","Control of Corruption - Governance estimate (approx. -2.5 to +2.5)","GOV_WGI_CC_EST","","","","","","","","","","","","","","","","","","","","","","","","","","","","","","","","","","","","","-0.2888679","","-0.5889955","","-0.352663599999999","","-0.362128599999999","-0.1638257","-0.1644536","-0.0714981","0.0500441","0.074927","0.0490015","0.0307792","0.0487911","0.0464784","0.1585192","0.1399698","-0.1089047","-0.1063785","-0.0845918","-0.0665516","-0.2317166","-0.1801871","-0.3242268","-0.3992138","-0.4324578","-0.4374572","-0.5632153","",
"Turkiye","TUR","WBL: Enforcement Perceptions Index (scale 0-100)","GD_WBL_OVL_ENF","","","","","","","","","","","","","","","","","","","","","","","","","","","","","","","","","","","","","","","","","","","","","","","","","","","","","","","","","","","","","","","","","","54.58",
"Turkiye","TUR","Expense (current LCU)","GC.XPN.TOTL.CN","","","","","","","","","","","","","43100","55100","60900","91700","115900","168200","254000","520100","954100","1242500","","2329600","3857700","5870400","6982100","10792500","18659900","34064600","60121100","121192300","206290000","454545000","848544000","1626661000","3718611000","7950337000","15719147000","","","","","","","","","","304237997997.936","357944697874.711","383884672309.451","426237709020.126","467806183646.613","531006871807.751","603679220817.254","678997145753.85","804922033894.616","994394632717.462","1261632377142.76","1535915722270.07","1719958499181.11","2245080243681.63","4454063362324.35","8947703508901.75","","",
"Turkiye","TUR","Interest payments (% of revenue)","GC.XPN.INTP.RV.ZS","","","","","","","","","","","","","3.16455696202532","3.37268128161889","3.2122905027933","3.03308823529412","2.85316631871955","2.72873194221509","2.47083047357584","2.99979867123012","2.96202263831588","5.35503983373744","","7.8739473912666","13.8242560566393","12.3617881962452","15.4542344859041","18.4126158911706","19.2540512732573","19.8031448113177","22.5754020054167","18.8737225610684","15.2346460424106","19.4226689251929","23.7893393496046","15.0911158477002","18.2928412804982","36.1202237837507","49.857983795292","","","","","","","","","","16.7007679235639","13.8962519018047","10.6399113741961","9.22930640813633","8.3899089364427","6.97426364209265","6.75624697579165","6.08837306061733","5.88028686034876","6.54203066159967","8.64424774484724","7.53250431444424","9.5269513304237","9.85382518424099","15.4826696359583","10.9661561937879","11.655324836036","",
"Turkiye","TUR","Compensation of employees (% of expense)","GC.XPN.COMP.ZS","","","","","","","","","","","","","46.4037122969838","45.3720508166969","53.6945812807882","47.0010905125409","48.6626402070751","44.589774078478","48.7795275590551","40.7998461834263","41.3059427732942","37.3199195171026","","32.2802197802198","25.8729294657438","23.931929681112","28.9740908895605","30.6712995135511","29.3506396068575","40.3031299354755","47.4849927895531","46.0802377708815","51.5662416985797","41.7538417538418","35.5936757551759","31.6971391088862","26.8574206874556","26.8434533026713","25.2594431491734","","","","","","","","","","21.1043347231747","20.2737332677158","22.0430175301289","22.9498746127465","24.592896084443","24.0710463091458","24.6405571020987","24.9168131040573","25.0443630940687","21.9604861866392","22.0539220178562","22.8248147084184","23.8394221216622","22.1407667808817","19.5480038430243","20.8651584209214","","",
"Turkiye","TUR","Taxes on income, profits and capital gains (current LCU)","GC.TAX.YPKG.CN","","","","","","","","","","","","","14600","21500","29400","43500","59300","87700","139400","233200","463700","745900","","1109800","1341000","1831300","3052900","4424300","6918500","13468500","23246000","40418600","70134000","125793000","246580000","435999000","865909000","2265094000","4977307000","","","","","","","","","","54503814809.48","56189647979.99","63451878423.91","75579668040.84","85742568375.7","92067837580.96","109741934281.65","120942025146.59","141484010707.96","166886023355.7","220816137250.06","244518080446.82","277025193628.5","451554853908.38","930289255663.747","1612463848341.9","2505894342137.94","",
"Turkiye","TUR","Other taxes (current LCU)","GC.TAX.OTHR.CN","","","","","","","","","","","","","2000","2500","3100","4200","5900","7900","10600","16100","32100","82100","","125600","152000","471000","298680","430600","585800","959300","1597200","2600900","4412000","8714000","46320000","45971000","60682000","226119000","459398000","","","","","","","","","","8515449962.65","10060959936.48","10442449599.62","11433139496.77","12400850286.91","5440851442.61","11547868047.54","13416217939.12","14926634416.2","17282182333.13","19195876711.32","21578691987.04","23737661523.44","33482303167.24","56240339330.31","102043554023.03","164072580640.94","",
"Turkiye","TUR","Customs and other import duties (current LCU)","GC.TAX.IMPT.CN","","","","","","","","","","","","","6200","8100","10100","14400","24300","29700","47400","51500","51000","70500","","149600","239200","362400","465200","773800","1155100","1961300","3335800","4573500","7813000","15228000","23825000","51783000","63286000","146916000","211100000","","","","","","","","","","2873788621.69","2555292175.86","3356702665.68","4820999162.61","5367912775.64","6845132080.7","6929469170.17","8712710681.71","9830799437.81","13426896078.65","16647600443.62","18299390703.99","26815813567.27","36850664483.9","81865639761.5","148578538791.94","234957983456.96","",
"Turkiye","TUR","Taxes on exports (% of tax revenue)","GC.TAX.EXPT.ZS","","","","","","","","","","","","","","","","","","","","","","","","","","","","","","","","","","","","","","","","","","","","","","","","","","","","","","","","","","","","","","","","","","",
"Turkiye","TUR","Social contributions (% of revenue)","GC.REV.SOCL.ZS","","","","","","","","","","","","","","","","","","","","","","","","","","","","","","","","","","","","","","","","","","","","","","","","","25.4079656666785","24.6338730280157","23.1217953432092","22.0222464973302","22.3179036265172","22.7817544917317","23.9844119987213","24.662353825807","24.6427515703112","24.0979873766271","24.68165923489","24.9198469101196","23.3257465665335","22.2040092797625","19.0416638116688","18.603307795993","22.9620742740927","",
"Turkiye","TUR","Net lending (+) / net borrowing (-) (% of GDP)","GC.NLD.TOTL.GD.ZS","","","","","","","","","","","","","-1.69491525423729","-1.37362637362637","-1.06897942718838","-0.605026372944462","-1.27551020408163","-4.02347817854776","-2.30103040647323","-4.07832691407797","-3.05509884143311","-1.01759270978357","","-3.46402220656129","-8.24517777343377","-5.83636078699548","-2.43073025667932","-3.11582012770018","-2.96878687864917","-3.28645602156218","-2.98781204507605","-5.2792584994943","-4.31565584505857","-6.70055020339154","-3.88948578636222","-2.93930064379237","-6.07419920947633","-5.71115644361705","-5.7043440196196","","","","","","","","","","-1.82099814733587","-5.0696117044268","-2.73706177865043","-0.726181221783564","-0.127730797432328","0.279509002150069","0.269361188352854","0.376091561208709","-0.974999415026735","-2.60245067681052","-2.20511093526739","-3.92445523823865","-4.46634618652819","-1.26647365629945","-2.95717737537508","-4.29865292389269","-2.95931437041885","",
"Turkiye","TUR","Net incurrence of liabilities, total (% of GDP)","GC.LBL.TOTL.GD.ZS","","","","","","","","","","","","","1.76409546869595","1.51098901098901","1.49253731343284","1.0859447719516","1.6156462585034","4.99857994887816","3.45154560970984","4.91702962456355","3.07421710702405","","","","","","2.46518648454462","","3.63708120364172","3.48929435048405","","","","","","","","","","","","","","","","","","","1.84689985405769","5.71012031047522","2.65532197101909","1.76305817814216","1.03707427933101","0.64324389767304","0.92365843427241","1.28112490260044","2.15715492468882","3.23031608978634","3.1439873307209","4.65479624106363","8.31292108187318","4.10950320320785","7.62793870662122","9.01525374616087","5.14843710007999","",
"Turkiye","TUR","Net acquisition of financial assets (% of GDP)","GC.AST.TOTL.GD.ZS","","","","","","","","","","","","","","","","","","","","","","","","","","","","","","","","","","","","","","","","","","","","","","","","","-0.135657074461187","0.867028462170704","-0.131911460994105","0.976567053883746","0.773666543751633","0.813536895170978","1.14819641304255","1.62443823282689","1.17517621950376","0.630383651761421","0.934531911245715","0.730358764816365","3.85061115272737","2.84770010035485","4.67065050017609","4.71468218864518","2.18989779791718","",
"Turkiye","TUR","Account ownership at a financial institution or with a mobile-money-service provider, young adults (% of population ages 15-24)","FX.OWN.TOTL.YG.ZS","","","","","","","","","","","","","","","","","","","","","","","","","","","","","","","","","","","","","","","","","","","","","","","","","","","","43.7528462749905","","","41.5696509673947","","","55.9270983586882","","","","72.742452624104","","","65.2395251221829","",
"Turkiye","TUR","Goods and services expense (current LCU)","GC.XPN.GSRV.CN","","","","","","","","","","","","","7900","9700","9200","13000","15300","23100","25300","56800","126700","199700","","350900","555500","761200","1162900","1456800","2336600","4092700","7026300","11268500","20329000","35621000","68566000","131443000","297648000","742241000","1344516000","","","","","","","","","","26731102889.22","31284930424.63","39246592854.6","41707184975.4846","52183684194.34","60837724093.83","68386634323.92","78525575109.69","91535694759.8","110606221372.72","122279145448.47","139476952706.93","154463018454.53","206543784715.67","435356764101.55","796359642727.41","1238686051470.04","",
"Turkiye","TUR","Taxes on income, profits and capital gains (% of revenue)","GC.TAX.YPKG.RV.ZS","","","","","","","","","","","","","30.8016877637131","36.256323777403","41.0614525139665","39.9816176470588","41.2665274878219","46.9234884965222","47.8380233356211","46.9498691362996","49.0532106209669","51.673016972636","","48.1725844257314","49.4487259854714","37.9898350793486","43.5121575781762","42.5949994704869","39.5467146817571","43.1674390877099","42.0284142888653","41.0187036341679","39.5640474538408","35.3953640185259","33.0546384137849","31.1433195997646","31.9426963059148","35.8957617659918","40.1772387419658","","","","","","","","","","17.4367264477052","17.5498969212485","17.1315540373063","17.4335688354901","17.5251368279536","16.2056142988437","17.4106369866855","16.7844889892829","17.3050472348207","17.8634084394831","19.0405295034987","18.7525827351959","18.1083730258807","20.406609783815","22.1153442389763","17.8966077257622","17.7239968168339","",
"Turkiye","TUR","Other taxes (% of revenue)","GC.TAX.OTHR.RV.ZS","","","","","","","","","","","","","4.21940928270042","4.21585160202361","4.32960893854749","3.86029411764706","4.10577592205985","4.22685928303906","3.63761153054221","3.24139319508758","3.39574738178356","5.68756494631105","","5.45186214081083","5.60492643534054","9.77077066694326","4.25700521649896","4.1456064850918","3.34848095115608","3.07462035986487","2.88771329700489","2.63951612084801","2.48890092346573","2.45192659414622","6.2093067212528","3.28369914912827","2.23851085649361","3.58338936695974","3.70829911106178","","","","","","","","","","2.72424181861163","3.14237259284689","2.81938681787435","2.63722280858651","2.53464063624501","0.957688833070618","1.83207759059412","1.86191989098942","1.82569120239612","1.84987739257421","1.65522167636465","1.65491323203923","1.55166547850153","1.51312800534283","1.33697606076212","1.13257327236869","1.16047266962131","",
"Turkiye","TUR","Customs and other import duties (% of tax revenue)","GC.TAX.IMPT.ZS","","","","","","","","","","","","","15.979381443299","15.5470249520154","15.4670750382848","15.1738672286618","18.1478715459298","16.875","18.1470137825421","12.7035027133695","6.8","5.84383289124668","","7.71850170261067","10.0677637947725","9.10141142196996","7.76539558113603","8.52888335335677","8.10607868180606","7.66968688531642","7.34253112398528","5.80878449263471","5.50998963306699","5.75867128530155","4.05147111339358","4.77288626754819","2.81861140431748","2.67441367272055","2.0003559136339","","","","","","","","","","1.63261878998501","1.39684524752909","1.51699455687844","1.83793193585809","1.86463123073172","2.03111890673844","1.87196665659961","2.04010524694572","2.03948169016738","2.40668270509719","2.55113707483649","2.5148341589022","2.98264941488886","2.83668143388467","3.10921641501584","3.00974113568244","2.99004006395458","",
"Turkiye","TUR","Taxes on goods and services (current LCU)","GC.TAX.GSRV.CN","","","","","","","","","","","","","15600","19400","22600","32800","44400","50700","63800","102200","197900","301300","","537100","636100","1317100","2173900","3444000","5590400","9183000","17252200","31141200","59438000","114701000","271333000","551188000","1255413000","2855262000","4905317000","","","","","","","","","","110130194612.31","114127190053.49","144022186835.523","170471835230.92","184369332961.73","232659046925.79","241955406823.06","284000673775.03","315782958265.75","360305449485.61","395896479417.87","443261787554.94","571481523652.383","777188769971.42","1564603850355.82","3073502692013.1","4953096338677.11","",
"Turkiye","TUR","Revenue, excluding grants (current LCU)","GC.REV.XGRT.CN","","","","","","","","","","","","","47400","59300","71600","108800","143700","186900","291400","496700","945300","1443500","","2303800","2711900","4820500","7016200","10371900","17454500","31085900","53674700","90102700","175567000","353797000","745035000","1392572000","2709027000","6308510000","12388375000","","","","","","","","","","311579979353.082","319058708917.749","368973614142.406","432302099311.696","486898927732.029","565212338280.678","625464869358.552","717949338157.544","813833808749.631","929749472763.47","1149853316091.14","1289257883508.05","1517819168395.38","2192805165052.93","4179540514600.27","8951386070179.71","14036899806890.3","",
"Turkiye","TUR","Grants and other revenue (current LCU)","GC.REV.GOTR.CN","","","","","","","","","","","","","8300","7200","6300","13900","9800","10900","30200","91300","195300","237100","","365600","336000","838800","1025550","1314500","3244000","5628500","9879000","19802800","35470000","90958000","157919000","315035000","465530000","816808000","1835253000","","","","","","","","","","57136940505.1015","58367252709.3994","63468405138.8331","75750941888.0363","92182699741.4591","101681818554.527","108967448265.001","115780019826.854","134087509441.151","151201807029.85","220923032310.636","251324793840.573","273916522508.829","422383150997.985","772540050909.975","2397160061821.03","3033929605768.8","",
"Turkiye","TUR","Net investment in nonfinancial assets (current LCU)","GC.NFN.TOTL.CN","","","","","","","","","","","","","9200","9200","16000","21000","38300","61200","73800","89900","151000","281400","","455900","667900","998400","1275700","1922600","2671000","4606900","6933000","10610200","18163000","33645000","47895000","89578000","230199000","648017000","774590000","","","","","","","","","","23469826592.27","24810685114.16","27708215758.3","29932804158.7981","32260810947.0499","38953720263.3698","47086426581.7397","57427616974.38","63464346210.3673","78157283806.5403","121913522035.824","125124018465.68","148298139028.955","185950219887.679","319686730900.77","626569515716.724","1139053316652.31","",
"Turkiye","TUR","Central government debt, total (current LCU)","GC.DOD.TOTL.CN","","","","","","","","","","","","","","","","","","","","","","","","","","","","","","","118883000","202456000","371934000","667854000","1702786000","2782173000","5601695000","12772361000","21796818000","","","","","","","","","","414102326148.958","491422130983.35","531335428593.933","565160292651.669","599444091937.393","582195028883.128","641819755383.924","686093952212.764","790974179711.157","932014888750.325","1119104613422.71","1472929311664.9","2110140157475.43","3095249363765.45","5414638382902.13","9009223614353.06","11868778093852.9","",
"Turkiye","TUR","Account ownership at a financial institution or with a mobile-money-service provider (% of population ages 15+)","FX.OWN.TOTL.ZS","","","","","","","","","","","","","","","","","","","","","","","","","","","","","","","","","","","","","","","","","","","","","","","","","","","","57.6014257729643","","","56.6774865730574","","","68.5903080534789","","","","74.0916612877286","","","81.5545478352063","",
"Turkiye","TUR","Account ownership at a financial institution or with a mobile-money-service provider, older adults (% of population ages 25+)","FX.OWN.TOTL.OL.ZS","","","","","","","","","","","","","","","","","","","","","","","","","","","","","","","","","","","","","","","","","","","","","","","","","","","","61.8999364027729","","","61.1569583578263","","","71.9402378244238","","","","74.4564231695797","","","85.5706060940068","",
"Turkiye","TUR","Account ownership at a financial institution or with a mobile-money-service provider, poorest 40% (% of population ages 15+)","FX.OWN.TOTL.40.ZS","","","","","","","","","","","","","","","","","","","","","","","","","","","","","","","","","","","","","","","","","","","","","","","","","","","","47.1064704384441","","","51.1322857116819","","","56.3754096111506","","","","61.3740973521557","","","75.5367583458805","",
"Turkiye","TUR","Claims on central government, etc. (% GDP)","FS.AST.CGOV.GD.ZS","3.83259911894273","9.29068150208623","8.44333748443337","8.10085836909871","7.94234592445328","9.10863509749304","8.75492513790386","8.32386363636364","5.6821741931746","5.84755897217466","4.91549618321406","5.19865402057439","4.31600968523559","2.69271057417161","2.76884688018564","5.16344703933211","5.55376210946019","8.08805635817026","8.7817119513614","8.92075152169332","9.88672427636887","8.13656499177319","10.8105354453785","10.5351723741173","20.6163539739329","20.7280135629924","5.82682221565292","3.42739946387873","1.00453087456326","1.32581747893644","-0.265582727531304","2.38073284496893","4.64140161409516","5.80433975618244","7.47076119347773","6.0514678129279","7.68344126752428","5.06876250778342","9.25766607176045","18.0890479460725","17.688718264632","35.1272137190933","29.91617495082","25.4341379892258","21.6688365518232","20.9382811038613","17.4658850160994","16.8724254054211","17.0936465938784","22.8690514102842","22.2037635982486","16.2751700743335","14.005380428129","11.2380410856941","10.6444130417809","9.74107043917816","9.63088754071037","8.48888146405263","13.2680384496527","15.4376094003593","20.0380152786309","19.0114319590339","16.3699177487196","13.9345967414835","13.1340928285012","12.8516238927698",
"Turkiye","TUR","Lending interest rate (%)","FR.INR.LEND","","","","","","","","","","","","","","","","","","","","","","","","","","","","","","","","","","","","","","","","","","","","","","","","","","","","","","","","","","","","","","","","","","",
"Turkiye","TUR","Consumer price index (2010 = 100)","FP.CPI.TOTL","5.39523850896861E-05","5.56642171150972E-05","5.7828620142003E-05","6.15080857623319E-05","6.21967535500747E-05","6.50301476083707E-05","7.05394992526158E-05","8.03973187593423E-05","8.52583333333334E-05","8.94566190209267E-05","9.65451186472347E-05","0.000114899705717489","0.000132613167974589","0.000151097010463378","0.000187206418161435","0.000226945389573991","0.000266560271860986","0.000335826859118087","0.000543693759342302","0.000889173673393124","0.00172731642376682","0.00237704274103139","0.00306965391442451","0.00403322659753363","0.00598499864536622","0.00867595758594918","0.0116787130979073","0.0162165755792227","0.0273751434043348","0.0446960953849029","0.0716495702541106","0.11892293068012","0.202259487107624","0.335940554932736","0.689400364349776","1.30374789798206","2.35211962817638","4.36716549887892","8.06359304932735","13.2942432735426","20.5948262331839","31.7984505792227","46.0963443572496","56.05427877429","60.8739723467862","65.8529521674141","72.1730194319881","78.4926195814649","86.6904895366218","92.1094917787743","100","106.471879671151","115.938901345291","124.626307922272","135.661434977578","146.067825112108","157.424794469357","174.96870328849","203.545403587444","234.437126307922","263.223561285501","314.806147234679","542.438807922272","834.593142750374","1322.88396860986","1784.32128176383",
"Turkiye","TUR","Broad money (current LCU)","FM.LBL.BMNY.CN","10010","10980","12000","13600","16030","19050","23440","27110","31230","36550","44552.999999875","57085.999999875","71943.99999975","92391.999999875","116103.999999875","148624.999999875","183447.999999875","245453.999999875","335122","541975.999998","943279.000000125","1776805","2685535","3483500","5528500","8579300","14249300","21847200","36061900","60957900","93313400","170698200","304082800","499370800","1222443700","2496102600","5405054400","10690979400","20239792000","40882538746.869","57504545149","109470329900","139996629305.982","160207706629.782","193517600037.851","263120953032.621","321466118110.355","370411478072.616","462361272379.238","520893655100","617503067322.196","711388398021.767","785531250932.746","951693276316.148","1058125182595.32","1232870914519.58","1450457691405.3","1687635407824.58","1997823254146.92","2537696760141.39","3406677351402.97","5195794263945.92","8330901568784.03","14157230205357.3","19379909860443.8","26724305299934",
"Turkiye","TUR","Net domestic credit (current LCU)","FM.AST.DOMS.CN","16530","16030","18470","21650","23810","28080","33930","38220","40179.42435425","48067.92331925","54708.9499998708","65667.7359997484","80693.5839998599","99263.466489719","137972.942831914","209211.579615363","296400.569683904","419442.139310181","564718.901357395","904914.398022771","1615823.99999847","2408625","3557320","4883300","8712200","14001300","15231100","22220618","30196600","47734200","76517100","141622200","271872000","522806500","988680800","2156691600","5040372800","9967017100","19279148000","38446224364.4328","63175493993","127130271000","166385245468.323","194527699607.232","231215448015.83","296092129389.091","347079255966.031","415373746180.343","499430792902.353","600277465500","765080705339.174","899053306174.628","1018508424375.46","1272399754797.2","1482344161354.56","1746037567433.17","2024944559284.97","2417407452101.2","2868321525822.67","3345469047436.52","4656079216911.82","6272745776804.55","9933351261879.7","15519074524790.4","22073494063273.8","31378265491507.3",
"Turkiye","TUR","Total reserves in months of imports","FI.RES.TOTL.MO","","","","","","","","","","","","","","","6.46716089681117","3.39669756886169","3.10326611498123","2.27066392595429","3.77269281238925","5.01168809898856","4.27805998842105","2.76911658170004","3.01410816172372","2.8154966213999","2.22317517275183","1.93855679027068","2.45677528685321","2.46900044294862","2.54494865424697","3.53715392504427","3.1611868376464","2.85972029652918","2.98288711526786","2.51197349949084","3.40113427671981","3.72027864167706","4.01481843420629","3.9115922183397","4.10647163475539","5.46612415757457","4.15738738710061","4.59996500318701","5.6418668646411","5.24559296762759","4.07383655222626","4.74021599368579","4.83278965480535","4.81895725661339","3.91083997729574","5.4952405363962","4.98149669912827","4.01504832644044","5.52884305144567","5.46467548164703","5.46656223125612","5.46401299517088","5.43169973687983","4.7879486495226","4.21759333209898","5.18429649280588","4.62292551551256","4.45898866581647","3.88032643940638","4.15773246137926","4.72961263910876","",
"Turkiye","TUR","Domestic credit to private sector by banks (% of GDP)","FD.AST.PRVT.GD.ZS","17.6505139500734","12.7260083449235","14.1095890410959","14.0557939914163","14.7017892644135","16.2116991643454","17.0055161544523","17.6704545454545","18.6031746031746","20.1027397260274","20.6330788804071","18.8824742268041","20.3296437218955","20.9494505494505","19.6615570794675","21.3836487744338","22.1868318756074","21.9521916122314","17.4545799354552","14.69281163381","13.5883837418221","16.6466649791166","18.4828825222546","20.7604021343612","17.8464433948111","17.4258808109302","19.6541456128021","20.5815162623006","17.3303050118205","16.6357782881606","16.6742651634533","17.1691157624879","17.941269545112","18.1232031148809","15.9407833014181","13.3365156712328","16.5457601776483","18.9293950402086","16.7658661421893","16.1776077962434","17.2230262271936","14.8816205445361","14.0238867524115","13.9752404168364","16.5202184413119","21.1402504565301","24.6089854895517","27.8564927049299","30.6987434800191","34.2904520679883","41.3032381164718","45.8640297538794","48.4689739669104","56.4631840288075","59.4210218360502","62.5133392412025","65.1986552631273","65.5643452353482","62.3805614358321","60.648362363995","69.6122782440048","64.4913060674856","47.3605940540917","42.4637598409391","35.9847857181971","36.8854682640449",
"Turkiye","TUR","Bank capital to assets ratio (%)","FB.BNK.CAPA.ZS","","","","","","","","","","","","","","","","","","","","","","","","","","","","","","","","","","","","","","","","","","","","","","12.312423540933","11.7157814952207","12.8333897205985","12.0917053170799","12.4929387018598","12.2794464333769","11.7100822807636","12.1032143546041","10.9455943072527","11.5920383219933","11.0013146061285","10.7279929300049","10.7199157851098","10.7939209819866","11.748703877892","10.5450686565038","7.17980140532298","8.20392470211761","7.19639072210053","6.67005773491148","",
"Turkiye","TUR","Marine protected areas (% of territorial waters)","ER.MRN.PTMR.ZS","","","","","","","","","","","","","","","","","","","","","","","","","","","","","","","","","","","","","","","","","","","","","","","","","","","","","","1.2","0.1","0.1","0.1","0.1","0.1","0.1","0.1","1.8","1.8","1.8","1.7","1.7",
"Turkiye","TUR","Annual freshwater withdrawals, total (% of internal resources)","ER.H2O.FWTL.ZS","","","","","","","","","","","","","","","","","","","","","","","","","","","","","","","","","13.9204845814978","14.2177627444934","14.515040907489","14.8123190704846","15.1095972290749","15.4068753920705","15.7041535550661","16.0014317180617","18.5022026431718","18.034875185022","17.567547722467","17.1002202643172","17.4176578546256","17.7350954493392","18.0525330396476","18.2685572687225","18.4845814977974","19.8810572687225","20.6872246696035","21.4691629955947","22.2511013215859","22.5726872246696","22.8942731277533","23.6607929515419","26.2599118942731","25.898231277533","26.9134713656388","27.4607136563877","27.3578237885463","25.726872246696","28.4007224669604","","","",
"Turkiye","TUR","Annual freshwater withdrawals, domestic (% of total freshwater withdrawal)","ER.H2O.FWDM.ZS","","","","","","","","","","","","","","","","","","","","","","","","","","","","","","","","","16.4556962","15.65793769","14.89285598","14.15848367","13.45300818","12.77475684","12.1221836","11.49385732","16.25603251","12.29179844","12.53287504","12.66938018","13.51410333","13.43138947","13.35298529","12.36534495","10.82361343","10.84826151","10.75474243","10.30312666","10.22475401","10.04234904","10.21594522","10.28037383","10.70991538","11.13243022","11.08695942","10.90261492","11.21528628","13.11886611","11.06467574","","","",
"Turkiye","TUR","Capture fisheries production (metric tons)","ER.FSH.CAPT.MT","87800","81200","60100","130300","121000","134400","116836","187913","133268","169230","173841","160410","174957","146374","128738","121724","152660","164465","244131","349682","426855","470180","503466","557297","566942.085","578082.115","579855.932","624698","669904.5","450487.3","379204.1","356949","447374","545535","587576","630978","520429.5","459155","487201","573827","503352","527736","566782","507772","550482","426496","533048","632450","494118","463917","485925","514790.156","432452.641","374141.361","302213.604","431907.397","335319.893","354318.297","314093.928","463167.68","364399.8","328158","335002.9","454058.6","355994.5","",
"Turkiye","TUR","Population in the largest city (% of urban population)","EN.URB.LCTY.UR.ZS","21.891189407539","22.1927135874202","22.7646461754172","23.323499696048","23.8534840688817","24.3396511432457","24.6762096137591","24.8029858525721","24.8458972909936","24.8852763499364","25.0144694542467","24.9759236154439","24.8431847053766","24.7504485887331","24.7189045067508","24.7690482043098","24.68314339195","24.5516212579941","24.4616223858224","24.3862777517736","24.2783920208966","24.1669059546133","23.9963674431388","23.7634445313774","23.5572819202002","23.4035273631806","23.2517011651866","23.1108850260605","23.0010419824189","22.9289138061457","22.9212255685625","22.8697578034878","22.8199312415525","22.7924579820529","22.7837229376075","22.811466460917","22.8760344246286","22.9524215178568","22.91528738403","22.7929682524303","22.6630231799262","22.7679301473237","23.0072127423191","23.271865672092","23.5527490611379","23.8362769316125","24.1145511582572","24.5782176151254","24.7373810717584","24.8186033819587","24.8115028163925","24.7769236769711","24.1948696190966","22.8429352016029","21.544673181449","20.7077952760926","20.519656328551","20.5651760192287","20.5519408245389","20.4430437206097","20.4847797272755","20.5428082866084","20.6652262380222","20.8636508858729","21.0027188942867","21.1260792654792",
"Turkiye","TUR","Urban population living in areas where elevation is below 5 meters (% of total population)","EN.POP.EL5M.UR.ZS","","","","","","","","","","","","","","","","","","","","","","","","","","","","","","","2.11464699955936","","","","","","","","","","2.04943296964669","","","","","","","","","","","","","","","2.05455428899421","","","","","","","","","","",
"Turkiye","TUR","Plant species (higher), threatened","EN.HPT.THRD.NO","","","","","","","","","","","","","","","","","","","","","","","","","","","","","","","","","","","","","","","","","","","","","","","","","","","","","","","","","","","113","","","","135","","","",
"Turkiye","TUR","Nitrous oxide (N2O) emissions from Transport (Energy) (Mt CO2e)","EN.GHG.N2O.TR.MT.CE.AR5","","","","","","","","","","","0.1419","0.1522","0.1657","0.1841","0.1874","0.2097","0.2214","0.2439","0.1721","0.1579","0.1453","0.1468","0.1558","0.1511","0.1572","0.1446","0.1783","0.212","0.2172","0.2267","0.2194","0.2072","0.2141","0.2462","0.2468","0.2796","0.2917","0.2976","0.2947","0.2918","0.2808","0.2469","0.2567","0.2485","0.2428","0.263","0.2828","0.2779","0.2693","0.2681","0.2613","0.2648","0.2963","0.3379","0.364","0.4196","0.4481","0.4743","0.4809","0.4823","0.453","0.5197","0.5405","0.5652","0.578","",
"Turkiye","TUR","Nitrous oxide (N2O) emissions from Industrial Combustion (Energy) (Mt CO2e)","EN.GHG.N2O.IC.MT.CE.AR5","","","","","","","","","","","0.0147","0.0175","0.0273","0.0293","0.0299","0.0344","0.0391","0.0398","0.0465","0.0465","0.0518","0.052","0.0542","0.0538","0.064","0.0625","0.0591","0.0723","0.0795","0.0836","0.0895","0.0988","0.0882","0.0875","0.0773","0.089","0.118","0.1292","0.1378","0.1158","0.1674","0.1087","0.1483","0.171","0.1706","0.1537","0.1893","0.1961","0.1076","0.1158","0.1313","0.1296","0.1311","0.1062","0.1071","0.1118","0.1215","0.1487","0.1851","0.1752","0.1916","0.2143","0.199","0.1897","0.2031","",
"Turkiye","TUR","F-gases emissions from Industrial Processes (Mt CO2e)","EN.GHG.FGAS.IP.MT.CE.AR5","","","","","","","","","","","","","","","","","","","","","","","","","","","","","","","0.3232","0.3007","0.3206","0.3282","0.337","0.315","0.4156","0.5011","0.5177","0.5161","0.849","0.8712","1.0838","1.2897","1.6367","1.909","1.8872","1.8903","2.0636","2.2062","3.0919","3.4349","4.1639","4.3565","4.7774","4.708","4.9798","5.137","4.9265","5.5087","6.2466","6.905","7.5633","8.2481","8.9197","",
"Turkiye","TUR","Carbon intensity of GDP (kg CO2e per 2021 PPP $ of GDP)","EN.GHG.CO2.RT.GDP.PP.KD","","","","","","","","","","","","","","","","","","","","","","","","","","","","","","","0.227345096987815","0.221875504127494","0.220167765980088","0.211673981974379","0.220807781550424","0.223143516133155","0.227093979971052","0.222319897173761","0.219814625029386","0.225162780954475","0.23359041038168","0.224960485555659","0.222244895194505","0.221966251026839","0.207363576048861","0.198270742468567","0.206186241378953","0.215017112206279","0.212501417581178","0.224772746256268","0.214500850461514","0.206030998718872","0.203308290032175","0.181801448739041","0.185000899150486","0.180981300709595","0.186311772598525","0.191318463442158","0.183251010627478","0.174633011387172","0.175104704532638","0.170531474526089","0.15600940259109","0.149195264741475","0.148785516480291","",
"Turkiye","TUR","Carbon dioxide (CO2) emissions (total) excluding LULUCF (Mt CO2e)","EN.GHG.CO2.MT.CE.AR5","","","","","","","","","","","45.4589","49.7715","57.6967","62.4938","65.06","70.3726","78.0657","86.1098","85.041","78.4473","81.8264","81.9889","88.9137","93.8528","99.3815","108.022","118.2858","128.6614","124.7133","138.2329","155.1643","152.522","158.9694","164.5305","163.6181","178.3755","194.5272","204.4499","206.0041","204.5744","227.0564","206.7299","217.3779","229.6955","235.8827","246.0895","274.0011","300.3324","299.5496","301.377","312.1721","332.7685","344.1578","333.874","355.3809","367.843","391.2631","433.2199","429.3432","414.4775","423.0905","460.7071","444.4077","446.4386","460.0275","",
"Turkiye","TUR","Carbon dioxide (CO2) net fluxes from LULUCF - Forest Land (Mt CO2e)","EN.GHG.CO2.LU.FL.MT.CE.AR5","","","","","","","","","","","","","","","","","","","","","","","","","","","","","","","","","","","","","","","","","-66.5773","-67.8062","-66.2281","-67.3073","-65.9297","-66.7062","-67.5435","-67.1587","-65.2593","-65.3792","-66.0362","-67.7015","-66.5998","-68.4605","-67.2381","-63.0698","-63.2896","-66.1536","-60.3377","-54.541","-49.5618","-43.872","-45.7728","-56.2306","","",
"Turkiye","TUR","Carbon dioxide (CO2) emissions from Fugitive Emissions (Energy) (Mt CO2e)","EN.GHG.CO2.FE.MT.CE.AR5","","","","","","","","","","","2.9468","2.6177","3.5125","4.5217","5.465","5.505","5.2683","6.9728","4.4556","4.1739","4.1921","4.0442","4.552","4.5865","4.8728","5.1524","5.5371","6.1991","7.5852","8.0922","8.5977","7.0025","8.4266","8.0223","8.5777","8.9535","8.4646","10.0144","10.4971","9.4581","9.0671","8.1534","8.3113","8.9878","9.5224","9.1878","9.8849","8.8338","11.197","12.8595","12.73","12.4648","13.3848","14.3176","13.2964","16.9726","18.9981","21.3491","17.8819","18.7771","16.345","17.8919","16.5312","15.1973","15.5537","",
"Turkiye","TUR","Methane (CH4) emissions from Waste (Mt CO2e)","EN.GHG.CH4.WA.MT.CE.AR5","","","","","","","","","","","5.3066","5.6309","5.8117","5.9913","6.0949","6.223","6.3532","6.5216","6.627","6.8254","6.9568","7.203","7.345","7.5541","7.7755","7.9585","8.3043","8.3827","8.4737","8.704","9.1487","9.1338","9.4462","9.671","10.0124","10.2683","10.6366","11.1258","11.5901","11.9617","12.4956","12.9542","13.4764","13.919","14.3905","14.7401","15.0347","15.4368","15.7905","16.0779","16.5034","16.8414","16.8649","16.537","16.6881","17.4182","17.4881","18.0505","18.9625","19.8481","21.1254","20.6186","20.8857","20.7687","20.7919","",
"Turkiye","TUR","Methane (CH4) emissions from Industrial Processes (Mt CO2e)","EN.GHG.CH4.IP.MT.CE.AR5","","","","","","","","","","","0.0152","0.0144","0.0165","0.0175","0.0169","0.0146","0.0159","0.0176","0.0194","0.0185","0.0154","0.0157","0.0148","0.0159","0.0159","0.0156","0.0191","0.0056","0.0032","0.009","0.0342","0.0216","0.0128","0.0148","0.0172","0.0174","0.0167","0.017","0.0149","0.0155","0.0154","0.013","0.0117","0.0121","0.0124","0.0115","0.0141","0.0138","0.0143","0.0125","0.0151","0.0153","0.0154","0.0172","0.0145","0.0164","0.0161","0.0169","0.017","0.0172","0.0213","0.0247","0.0229","0.0215","0.0226","",
"Turkiye","TUR","Methane (CH4) emissions from Agriculture (Mt CO2e)","EN.GHG.CH4.AG.MT.CE.AR5","","","","","","","","","","","30.6245","30.0864","30.2095","30.6794","31.2066","31.527","32.2644","32.8253","33.577","34.567","35.6853","37.3181","37.5447","35.9635","35.8878","31.7069","32.3692","32.8632","32.8071","32.7678","31.6714","30.9414","31.8496","32.0184","31.6697","30.8716","30.461","30.2874","29.223","28.8213","29.0644","27.754","27.1282","26.7107","26.4342","26.719","27.9456","28.0688","28.3678","28.5877","28.2224","30.0863","33.0152","36.4863","38.1024","38.5862","38.3984","38.9259","45.0492","46.6414","48.4326","49.1724","47.6162","46.0743","46.3859","",
"Turkiye","TUR","Fish species, threatened","EN.FSH.THRD.NO","","","","","","","","","","","","","","","","","","","","","","","","","","","","","","","","","","","","","","","","","","","","","","","","","","","","","","","","","","","131","","","","148","","","",
"Turkiye","TUR","PM2.5 air pollution, population exposed to levels exceeding WHO guideline value (% of total)","EN.ATM.PM25.MC.ZS","","","","","","","","","","","","","","","","","","","","","","","","","","","","","","","100","","","","","100","","","","","100","","","","","100","","","","","100","100","100","100","100","100","100","100","","","","","","","","",
"Turkiye","TUR","PM2.5 air pollution, mean annual exposure (micrograms per cubic meter)","EN.ATM.PM25.MC.M3","","","","","","","","","","","","","","","","","","","","","","","","","","","","","","","25.1271537590909","25.1215299251971","25.1966434347479","25.2717569442988","25.3468704538496","25.2605092765114","25.4970974729513","25.5722109825022","25.647324492053","25.7224380016039","25.8782888545993","26.3505516121367","27.3588850035587","25.1556972044494","25.2906579356927","24.8623084006683","25.5447917989279","26.0230347123947","25.8316790992018","24.7861065584816","27.400178830788","26.2322701397808","25.8532567935669","27.0510366227182","27.1304265961408","27.8628699204791","25.0696009071285","26.6452697088541","26.3300040473653","26.3268927229167","25.1652909229836","25.2242202848915","27.691660845571","26.4041601035213","","",
"Turkiye","TUR","Energy use (kg of oil equivalent) per $1,000 GDP (constant 2021 PPP)","EG.USE.COMM.GD.PP.KD","","","","","","","","","","","","","","","","","","","","","","","","","","","","","","","75.364974210645","73.5750176379124","73.191375964247","72.497699105733","75.117989848156","76.1850459306211","77.6114631165754","75.8515037259375","75.559168206207","76.7734563565448","78.4829252550316","76.4533504767787","75.9040244556454","76.0368455646579","70.9577034077811","67.6698270929216","70.0343492587352","71.8226433822874","69.8189023112084","73.2905219038046","72.6429979207746","69.6622443760868","69.6036908342494","62.6434315225712","61.9992816918574","63.3769025832526","65.1025608575743","64.8359665356133","61.546863798541","61.7303835683071","60.807805331806","59.0124555999287","54.9377012145711","52.7396546425888","53.2420213297645","",
"Turkiye","TUR","GDP per unit of energy use (constant 2021 PPP $ per kg of oil equivalent)","EG.GDP.PUSE.KO.PP.KD","","","","","","","","","","","","","","","","","","","","","","","","","","","","","","","13.2687632480972","13.5915699663347","13.6628118658199","13.7935412066191","13.3123903078531","13.1259355137839","12.8846946036562","13.1836542570487","13.2346613090144","13.0253351543258","12.7416249681123","13.0798715002521","13.1745320115978","13.1515187482317","14.092902559898","14.7776349217922","14.2787076710829","13.9231856822276","14.3227688619714","13.6443290895448","13.7659516900805","14.3549782088743","14.3670542181642","15.96336560266","16.1292191249908","15.7786190116563","15.3603788672417","15.4235380982671","16.2477815810934","16.1994781531442","16.4452572255053","16.9455751304341","18.2024361757381","18.9610646254113","18.7821569321403","",
"Turkiye","TUR","Electricity production from renewable sources, excluding hydroelectric (kWh)","EG.ELC.RNWX.KH","","","","","","","","","","","","","","","","","","","","","","","","","","","","","","","80000000","119000000","117000000","134000000","130000000","308000000","260000000","377000000","331000000","235000000","275150000","336450000","283890000","230490000","229230000","189570000","281500000","610350000","1156780000","2190460000","3924480000","5771770000","7369460000","9829350000","11987220000","16515230000","23016700000","29020490000","37832990000","43441850000","50254140000","62629360000","","","","",
"Turkiye","TUR","Gross capital formation (current LCU)","NE.GDI.TOTL.CN","6800","7200","8600","10900","11000","12200","16300","17800","21100","23400","28900","33300","48600","56300","88700","120600","167300","218300","239600","402900","950100","1411900","1778700","2264600","3559200","5795400","9627200","19178500","32490400","53358800","96493400","143112400","255435600","527486000","824769700","2948436600","5928077000","10828668800","18207998300","23115832300","41246152500","48605932000","78119295200","108196795700","147154378500","188275441800","241098747800","263818123900","300003033900","240149991700","334610082900","451885201400","467816960900","574525455900","623070147000","707698421300","784494641500","1033534285200","1192981073800","1210820491900","1756102722100","2555453796100","5916108921900","9370472231100","13702169786000","19956588829347.4",
"Turkiye","TUR","Changes in inventories (current US$)","NE.GDI.STKB.CD","","","","","","","","","266666666.666667","277777777.777778","263636363.636364","186666666.666667","242857142.857143","-57142857.1428571","1100000000","1192857142.85714","1206250000","850000000","-1237500000","-961290322.580645","1557894736.84211","1948648648.64865","1181595092.02454","946222222.222222","1070027247.9564","840613026.819923","1294666666.66667","802100350.058343","-877144866.385373","717247879.359095","2530203142.96665","-1476414189.83701","582101280.558789","1968092853.89167","-4100651828.83583","7893859744.79224","11124380566.3043","5686849504.49412","8539895444.99164","4068891764.94748","4671530135.8404","3109393695.10798","4464863398.05709","6031438451.31372","-1943927165.69265","3509587572.92999","6241307414.38465","7161301250.79532","18773557880.6966","4789934449.92129","27966577347.4248","33510537238.3139","17901458239.7226","24723997461.8756","10622149357.883","441264459.051422","-1867716906.69457","21897577747.3025","8241465359.94549","8091380232.60876","45510258475.1174","50262334267.5276","74617072245.4598","19563690258.2911","-7945047590.73386","17175068818.7948",
"Turkiye","TUR","Gross fixed capital formation (constant 2015 US$)","NE.GDI.FTOT.KD","","","","","","","","","","","","","","","","","","","","","","","","","","","","45645186735.0754","45169757332.915","46162827656.4562","53492243387.1226","54145896947.22","56484289720.5052","70533899696.5295","59309960378.819","66211835251.1434","74175434888.8359","83524023233.5474","75196079330.0796","68079594279.9773","83408143930.6629","60683403932.9557","72235309825.0234","86687059572.1369","114562410270.096","137248269956.855","158627868090.531","168060696901.763","163279838955.449","131511300027.1","157389436528.615","194601095178.204","201253414348.545","230815408550.032","238867176885.93","259741117768.36","267838755011.465","287818790961.339","290158661900.263","255048369750.763","272702250599.536","292383466250.51","305240159824.715","327629951715.446","336374774947.1","359762930304.259",
"Turkiye","TUR","Gross fixed capital formation, private sector (current LCU)","NE.GDI.FPRV.CN","","","","","","","","","","","","","","","","","","","","","","","","","","","","10781200","22144700","34408900","61387300","99826200","169659400","364896200","738526400","1545795900","3019239000","5982097300","","","","","","","","","","","","","","","","","","","","","","","","","","","","",
"Turkiye","TUR","Exports of goods and services (constant 2015 US$)","NE.EXP.GNFS.KD","","","","","","","","","","","","","","","","","","","","","","","","","","","","26001704415.7712","30790299384.0625","30710567264.9275","31678515378.6849","32667233577.9441","36260968779.4233","39047783212.9885","44975178961.322","48566234293.809","58418590643.1601","68408526324.0568","75808278809.1721","68242991930.27","81281963449.1246","85375816290.0502","92640561743.0942","99998818072.1422","112411937354.099","121973392935.395","129204980373.677","138389527978.792","143793086777.626","139255299046.848","142487524328.152","161544798305.846","185815729011.937","194586944156.246","208265380545.338","218795091045.655","213990699898.452","240634103968.489","263555958562.246","275873778769.544","230595450746.882","288441489270.988","318720459205.072","311469348419.768","311696196166.494","310702598464.536",
"Turkiye","TUR","Gross national expenditure (constant LCU)","NE.DAB.TOTL.KN","","","","","","","","","","","","","","","","","","","","","","","","","","","","","","","","","","","","","","","","","","","","","","","","","","","","","","","","","","","","","","","","","","",
"Turkiye","TUR","Gross national expenditure deflator (base year varies by country)","NE.DAB.DEFL.ZS","","","","","","","","","","","","","","","","","","","","","","","","","","","","","","","","","","","","","","","","","","","","","","","","","","","","","","","","","","","","","","","","","","",
"Turkiye","TUR","Final consumption expenditure (constant 2015 US$)","NE.CON.TOTL.KD","","","","","","","","","","","","","","","","","","","","","","","","","","","","200418455414.803","202245617097.587","200646327017.924","225591097480.605","230656693148.742","238432741361.358","257622123867.478","244530605626.131","258622929082.613","283929419794.656","305131826070.082","307193791511.984","314017383783.67","328243086773.894","304851171587.149","322495392015.322","343908887550.988","376550823636.802","395704269961.209","413829763797.342","436348219489.904","439497603692.957","433968133797.273","468767269394.107","518323249746.495","533148394405.6","570364590762.068","591364167304.938","616644240809.497","647498172980.819","684670188139.983","700152772873.519","714449547577.395","739076007965.497","835993522315.161","951637966764.096","1037104848816.79","1071484458783.13","1107534167846.07",
"Turkiye","TUR","Households and NPISHs Final consumption expenditure, PPP (constant 2021 international $)","NE.CON.PRVT.PP.KD","","","","","","","","","","","","","","","","","","","","","","","","","","","","","","","349895880168.51","356615567722.831","368416939205.078","399511153971.062","378289751926.211","399581976464.391","441642909579.575","476150082705.253","471522574469.523","479191448785.425","500644785548.326","457929581905.169","484212446684.353","522192836838.513","574325591684.236","604847598048.45","625385755146.955","656806549525.096","656832337466.345","632709414441.177","697575554071.457","781369075148.254","798586457012.672","853415229619.085","881606111266.7","934554448759.463","969915335661.312","1028002668716.59","1036179452051.54","1050271705927.03","1088499353763.64","1258425761537.39","1461809494925.65","1614950751467.36","1684764270181.35","1752820424436.44",
"Turkiye","TUR","Households and NPISHs Final consumption expenditure (constant LCU)","NE.CON.PRVT.KN","","","","","","","","","","","","","","","","","","","","","","","","","","","","294930748201.727","298511989897.433","295431370470.58","334152140930.926","340569472800","351839835700","381534950800","361268416300","381602586600","421770967100","454725472800","450306181600","457629991100","478118024300","437324812500","462425066700","498696510300","548483525900","577632179400","597246211900","627253212000","627277839600","604240339500","666187794900","746210984800","762653662000","815015386700","841937805600","892503706300","926273512500","981747177100","989556042000","1003014207900","1039521783700","1201802268200","1396034649300","1542285238800","1608957463500","1673951397229.41",
"Turkiye","TUR","Households and NPISHs Final consumption expenditure (current LCU)","NE.CON.PRVT.CN","38400","40500","44500","51200","53900","56500","66100","72200","80500","89700","102100","136300","163400","210500","302600","380000","461600","603600","916500","1541100","3198700","4680000","6234900","8660100","13874400","20426200","27563300","51018500","82050200","149140300","269562500","444870800","760255900","1369339100","2706262500","6800316300","12708131800","25285499900","45456420600","70730374700","114240969800","156085735800","228851724300","304587525500","371767636300","423905729300","481505684000","538980247600","597543020300","604240339500","712954100300","857903316800","946579581400","1073962204000","1193823397700","1359446929200","1503685335200","1769668564000","2037091303100","2366983293100","2762321990000","3871514136300","8152804153400","14637977636700","24199736075400","34475642219512.1",
"Turkiye","TUR","General government final consumption expenditure (% of GDP)","NE.CON.GOVT.ZS","8.37004405286344","9.31849791376912","9.83810709838107","9.44206008583691","9.84095427435388","10.3064066852368","9.9290780141844","10.15625","9.96825396825397","9.81735159817351","10.5852417302799","11.4639175257732","10.7575233483224","11.2362637362637","10.5284388866478","11.0145826869376","11.4188532555879","12.2313736627852","12.1246602187243","11.749037111695","11.5531678966084","9.84052651563093","9.94357713348964","9.38816896546765","8.33564424401398","7.51549343932983","7.58800531722244","7.82287388302492","7.61264311334151","9.3433642481059","10.9610181850007","12.4192510945191","12.9250170116557","12.8938665968066","11.657367586238","8.74133734252641","9.09291857070799","9.74326900943467","10.6071901341641","12.6986245765043","11.9915019202399","12.7497054734308","12.9856384925038","12.7773523588905","12.5334888843241","12.4350798254823","13.2076961574803","13.7336819624854","13.9839462008484","16.2099712125889","14.6884914691775","14.0398285658332","14.4431255231411","14.2663052756586","14.5742586923768","13.5014007063213","14.6023400852653","14.1092729854912","14.5122068809579","15.2428471146395","15.0319947560781","13.045605699142","11.817312986037","13.2360600879054","14.4561600834409","13.8634290925197",
"Turkiye","TUR","General government final consumption expenditure (current LCU)","NE.CON.GOVT.CN","5700","6700","7900","8800","9900","11100","12600","14300","15700","17200","20800","27800","31100","40900","52200","71000","94000","129200","191800","326400","604300","777500","1043300","1305500","1833600","2637600","3875900","5845400","9837400","21239700","43083400","78255800","141318000","255539300","450957000","940550800","1853238900","3903606900","7633893600","13649838200","20598757300","31594772800","47125774800","60483957700","73282516400","84926911100","105590195200","122615058300","141128909200","164289718400","172743705600","198520994300","229652815600","261322186700","300573416200","317830955600","384039787800","444657851400","552404139200","670997798800","772901667900","969784224500","1811104547600","3585843124100","6445600686400","8736858592360",
"Turkiye","TUR","Military expenditure (% of GDP)","MS.MIL.XPND.GD.ZS","3.53157121879589","3.76454293628809","3.71108343711083","3.38733905579399","3.42246520874751","3.55441860465116","3.14398111723053","3.25957446808511","3.27555555555556","3.07933789954338","3.25648854961832","3.49979381443299","3.4455205811138","3.34945054945055","3.19302137958854","5.11945392491468","4.94302721088435","4.71362302376219","4.18730640369176","3.35725855800727","3.90031329667967","3.82453186997909","4.29815131212686","3.93760520546007","3.59709381495019","3.53104315878258","3.63799248252089","3.32858525048377","2.93220863643399","3.14872652091673","3.52770569378721","3.75436424807973","3.87056650021036","3.9214172544983","4.05135933699201","3.90164973474904","4.13969694261893","4.10367223056831","3.18220800142332","3.88141296380978","3.64342934046749","3.57667970794229","3.76709151041563","3.26703119500148","2.67100029372768","2.38609105306995","2.34016133817719","2.19980660446648","2.18178699504167","2.47155127527395","2.27171515093383","2.0275060358965","2.00944811786941","1.92395966496054","1.87196639443904","1.81284855723729","2.05032437865497","2.05006599219326","2.52209022414858","2.68985897943633","2.19555218691023","1.85888321091456","1.65879843534611","1.71991880187465","1.92255231276371","",
"Turkiye","TUR","Armed forces personnel, total","MS.MIL.TOTL.P1","","","","","","","","","","","","","","","","","","","","","","","","","","630000","","","","780000","769000","804000","704000","686000","811000","690000","707200","821200","821200","841200","827700","665100","664800","664800","616000","617000","612000","612000","613000","612800","612800","612800","612800","612800","612800","512000","512000","512000","512200","512000","512000","","","","","",
"Turkiye","TUR","Logistics performance index: Overall (1=low to 5=high)","LP.LPI.OVRL.XQ","","","","","","","","","","","","","","","","","","","","","","","","","","","","","","","","","","","","","","","","","","","","","","","","3.15","","","3.22","","3.51","","3.500225","","3.423693","","3.15","","","","3.4","","","",
"Turkiye","TUR","Logistics performance index: Efficiency of customs clearance process (1=low to 5=high)","LP.LPI.CUST.XQ","","","","","","","","","","","","","","","","","","","","","","","","","","","","","","","","","","","","","","","","","","","","","","","","3","","","2.82","","3.16","","3.232654","","3.181555","","2.71","","","","3","","","",
"Turkiye","TUR","Individuals using the Internet, male (% of male population)","IT.NET.USER.MA.ZS","","","","","","","","","","","","","","","","","","","","","","","","","","","","","","","","","","","","","","","","","","","","","20.5901","21.303","","37.6657","43.9573","46.7663","50.0839","52.9017","55.8033","56.6006","60.8133","63.5388","67.591","72.7684","78.1806","80.402","83.2962","86.4711","87.5838","89.7969","90.6883","92.5124",
"Turkiye","TUR","Fixed broadband subscriptions (per 100 people)","IT.NET.BBND.P2","","","","","","","","","","","","","","","","","","","","","","","","","","","","","","","","","","","","","","","","","","0.0164766833871919","0.0316262208739173","0.293850680205267","0.842555693712634","2.29305950995764","3.95984178763961","6.71903551441963","8.04468546010892","8.90126340981216","9.67754012450092","10.2288570173419","10.4644431033188","11.640102340966","11.3618631179594","11.8786301825878","12.859061240418","14.3528880563786","15.8823338271459","16.6733436685105","19.4384064376386","20.9211211378579","21.8230372591075","22.4591697943845","23.4317347919186","",
"Turkiye","TUR","Mobile cellular subscriptions (per 100 people)","IT.CEL.SETS.P2","0","","","","","0","","","","","0","","","","","0","0","0","0","0","0","0","0","0","0","0","0.000726746","0.009953141","0.018834687","0.029276675","0.058554077","0.086455146","0.109045788","0.146933448","0.29973978","0.737081845","1.337350088","2.627083259","5.633037995","12.85342716","24.659026406964","29.5461682857644","34.7852903247553","41.1128169663371","50.5995404724097","62.9009716591727","75.1837213345885","87.5975882376437","91.981497306586","86.6344934581247","84.215890954924","88.0166628392838","90.0040810031246","91.1758435342703","92.1219361989572","92.0327105332494","91.9286950751339","93.6407569517097","94.9085818111026","94.6498130829997","95.3960853737199","99.5415432248525","103.720593629066","105.684032912794","107.826875714392","",
"Turkiye","TUR","Rail lines (total route-km)","IS.RRS.TOTL.KM","","","","","","","","","","","","","","","","","","","","","","","","","","","","","","","","","","","","8549","8607","8607","8607","8682","8671","8671","8671","8697","8697","8697","8697","8697","8699","9080","9594","9642","9642","9718","10087","10131","10131","10207","10315","10378","10378","10546","","","","",
"Turkiye","TUR","Air transport, freight (million ton-km)","IS.AIR.GOOD.MT.K1","","","","","","","","","","","4.5999999046","5.6999998093","6.8000001907","10","10.1999998093","9.6999998093","14.3000001907","15.1000003815","12.3000001907","15.1000003815","10.3000001907","18.2000007629","22.2999992371","26","26.2999992371","28.7000007629","45.4000015259","46.9000015259","52.7000007629","81.8000030518","101.3000030518","78.6999969482","117.1999969482","161.3999938965","209.6000061035","214.6999969482","207.3000030518","255.3999938965","246.6000061035","312.8999938965","385.036","349.982","380.794","376.657","370.182","382.949","463.902","466.098","480.667","856.034","1149.281","1544.26626010139","1933.67835962636","2296.03873424933","2630.33","2882.162","3493.930482468","4800.237745146","5949.212205544","6815.50975","6870.46874","9338.328585454","8421.527714636","8367.297795","","",
"Turkiye","TUR","Statistical performance indicators (SPI): Pillar 3 data products score  (scale 0-100)","IQ.SPI.PIL3","","","","","","","","","","","","","","","","","","","","","","","","","","","","","","","","","","","","","","","","","","","","","","63.3625","68.85","70.24375","71.10625","70.775","68.85625","70.06875","70.06875","69.775","69.8625","78.76875","81.01875","87.60625","88.675","86.08125","82.8375","94.1875","85.8875","90.66875","88.35","",
"Turkiye","TUR","CPIA transparency, accountability, and corruption in the public sector rating (1=low to 6=high)","IQ.CPA.TRAN.XQ","","","","","","","","","","","","","","","","","","","","","","","","","","","","","","","","","","","","","","","","","","","","","","","","","","","","","","","","","","","","","","","","","","",
"Turkiye","TUR","CPIA efficiency of revenue mobilization rating (1=low to 6=high)","IQ.CPA.REVN.XQ","","","","","","","","","","","","","","","","","","","","","","","","","","","","","","","","","","","","","","","","","","","","","","","","","","","","","","","","","","","","","","","","","","",
"Turkiye","TUR","CPIA equity of public resource use rating (1=low to 6=high)","IQ.CPA.PRES.XQ","","","","","","","","","","","","","","","","","","","","","","","","","","","","","","","","","","","","","","","","","","","","","","","","","","","","","","","","","","","","","","","","","","",
"Turkiye","TUR","CPIA building human resources rating (1=low to 6=high)","IQ.CPA.HRES.XQ","","","","","","","","","","","","","","","","","","","","","","","","","","","","","","","","","","","","","","","","","","","","","","","","","","","","","","","","","","","","","","","","","","",
"Turkiye","TUR","CPIA quality of budgetary and financial management rating (1=low to 6=high)","IQ.CPA.FINQ.XQ","","","","","","","","","","","","","","","","","","","","","","","","","","","","","","","","","","","","","","","","","","","","","","","","","","","","","","","","","","","","","","","","","","",
"Turkiye","TUR","Taxes on goods and services (% value added of industry and services)","GC.TAX.GSRV.VA.ZS","","","","","","","","","","","","","8.61878453038674","8.45684394071491","7.46367239101717","8.26821275523065","8.39319470699433","7.31707317073171","6.15058324496288","5.27374993549719","5.21833139964139","5.12615478843765","","5.01587598057527","3.77787676317743","4.84217259913384","5.4884268142433","5.86152903533256","5.44469452969094","5.02445750303667","5.54784494512675","6.08420853143533","6.68723006600599","7.1907762767137","8.65670472282101","6.4943865869428","7.75624311639779","8.87282975000186","8.55664592043508","","","","","","","","","","13.3395057210245","13.845990872278","15.4689450066519","15.0656542425747","14.3551424402692","15.6585006568194","14.3026242895504","14.8337364913729","14.645750978935","13.8416553152007","12.4112587205799","12.0446441703095","13.493318569531","12.4438297229243","12.2897445007279","13.7438652729183","13.3800658398801","",
"Turkiye","TUR","Taxes on exports (current LCU)","GC.TAX.EXPT.CN","","","","","","","","","","","","","","","","","","","","","","","","","","","","","","","","","","","","","","","","","","","","","","","","","","","","","","","","","","","","","","","","","","",
"Turkiye","TUR","Social contributions (current LCU)","GC.REV.SOCL.CN","","","","","","","","","","","","","","","","","","","","","","","","","","","","","","","","","","","","","","","","","","","","","","","","","79420357917.27","78870472005.57","85638544166.22","95472940479.83","109191408688.27","129428408801.74","151177453608.42","177706632503.34","201476209786.47","225131575409.33","286237242098.19","324934075350.31","356841525734.42","491327480297.86","800993873870.471","1676136714861.04","3246476096889.68","",
"Turkiye","TUR","Net lending (+) / net borrowing (-) (current LCU)","GC.NLD.TOTL.CN","","","","","","","","","","","","","-4900","-5000","-5300","-3900","-10500","-42500","-36400","-113300","-159800","-80400","","-481700","-1813700","-2048300","-1241600","-2328200","-3836400","-7470900","-11743900","-33265500","-47186000","-132796000","-150462000","-316263000","-1237990000","-2288155000","-4105362000","","","","","","","","","","-18377894086.3732","-51381033833.7179","-32189159458.0936","-10268089636.1719","-2030982644.4538","5119889293.8886","5555192499.5854","8853417722.5104","-25642367337.3985","-82016991769.527","-83937089515.67","-172756494016.016","-229646595345.613","-94147117500.632","-453212790329.736","-1164568227075.21","-1319476169822.89","",
"Turkiye","TUR","Net incurrence of liabilities, total (current LCU)","GC.LBL.TOTL.CN","","","","","","","","","","","","","5100","5500","7400","7000","13300","52800","54600","136600","160800","","","","","","1259200","","4700000","7932000","","","","","","","","","","","","","","","","","","","18639299526.838","57872654154.3481","31227860110.5808","24929368680.8459","16489992270.2402","11782581311.2351","19049145267.0877","30158437697.9355","56732915045.9359","101804353300.436","119675224404.46","204906472401.503","427426344511.124","305492245351.651","1169047015738.62","2442364679745.38","2295545256459.56","",
"Turkiye","TUR","Net acquisition of financial assets (current LCU)","GC.AST.TOTL.CN","","","","","","","","","","","","","","","","","","","","","","","","","","","","","","","","","","","","","","","","","","","","","","","","","-1369079562.30617","8787422261.68707","-1551342057.8994","13808506395.1148","12301679426.8947","14901913025.0873","23679922637.6641","38240236482.339","30906993216.8774","19866724560.3768","35572763000.2298","32150760277.2842","197987281839.221","211692327448.838","715817239597.032","1277276666635.73","976414668067.308","",
"Turkiye","TUR","Account ownership at a financial institution or with a mobile-money-service provider, secondary education or more (% of population ages 15+)","FX.OWN.TOTL.SO.ZS","","","","","","","","","","","","","","","","","","","","","","","","","","","","","","","","","","","","","","","","","","","","","","","","","","","","65.2174702754063","","","60.9407739928171","","","74.0208157049266","","","","81.752480182846","","","84.7600121091497","",
"Turkiye","TUR","Account ownership at a financial institution or with a mobile-money-service provider, female (% of population ages 15+)","FX.OWN.TOTL.FE.ZS","","","","","","","","","","","","","","","","","","","","","","","","","","","","","","","","","","","","","","","","","","","","","","","","","","","","32.6799782387577","","","44.4588113158811","","","54.2938243729192","","","","62.5451650030143","","","71.6675500449687","",
"Turkiye","TUR","Domestic credit provided by financial sector (% of GDP)","FS.AST.DOMS.GD.ZS","","","","","","","","","","","","","","","","","","","","","","","","","","","","","","","","","","","","","","","","","","","","","","","","","51.4506889298121","60.8089777590265","67.1186280791115","65.7313749395631","66.2834062932413","72.027048564255","74.6692758449177","77.0346174327126","79.9464032950647","79.8379726366825","81.2349367081419","81.2261076221032","96.7814938270376","91.5195990429804","71.2298760367454","63.821476686613","57.2923970526777","60.1713919608595",
"Turkiye","TUR","Real interest rate (%)","FR.INR.RINR","","","","","","","","","","","","","","","","","","","","","","","","","","","","","","","","","","","","","","","","","","","","","","","","","","","","","","","","","","","","","","","","","","",
"Turkiye","TUR","Wholesale price index (2010 = 100)","FP.WPI.TOTL","","","","","","","","","","","","","","","","","","","","","","0.00348576118084302","0.00442691669967064","0.00577590627665689","0.00868303110147997","0.0124371958932479","0.0161132215385453","0.0212773767279642","0.0362708348622697","0.059475587298842","0.0905831120751257","0.140717930990391","0.228102191609547","0.360323154691492","0.797252667308455","1.48308927436055","2.60927510465602","4.74375967084095","8.15124414600619","12.4764727415991","18.8936923362094","30.5373682290826","45.8388393595669","57.5565268750552","63.9407933594168","69.2075441362398","75.9662204044861","80.758439749955","91.0285954600447","92.1524891889216","100","111.085286768463","117.852918841672","123.134312492484","","","","","","","","","","","","",
"Turkiye","TUR","Broad money to total reserves ratio","FM.LBL.BMNY.IR.ZS","5.42209932852635","6.23817558930306","7.00721743395698","8.47639366745582","12.513103240861","14.9706584524668","19.7990875762803","25.1986145316534","24.4185809215587","16.5305149235046","9.21027845904672","4.8726742818344","3.44003487150621","2.76506553151367","3.72324248352391","7.34958182299509","7.79189262168505","11.0191538347118","8.56589483472212","6.76059040851645","3.76332970644401","6.59827072110616","5.87919943180326","5.67436361090063","6.16832864465906","7.0917471489967","7.24807642717388","7.02148166026135","6.48189422667141","4.56108698030548","4.68994175858477","6.18409193015389","5.89370875789986","5.79368571146092","4.78225462173037","3.91958474000411","3.72610431331395","3.56516561457082","3.77434246488532","3.99556307921061","3.91141333031047","4.485920951082","3.27654634424989","3.00271831512698","3.63902601798177","3.73062629216141","3.55718807994795","3.71640955962768","4.82182728448584","4.48492182494755","4.78002409210784","4.82981766126978","3.66980260115089","3.81446121350287","3.79435547915629","4.10228429234704","4.58219733822659","4.2970023353984","4.44924691432559","4.23466862911129","5.19391852954065","5.28010930652589","3.91045481926256","4.23360158377813","3.7978164760913","3.65009418503681",
"Turkiye","TUR","Monetary Sector credit to private sector (% GDP)","FM.AST.PRVT.GD.ZS","17.6505139500734","12.7260083449235","14.1095890410959","14.0557939914163","14.7017892644135","16.2116991643454","17.0055161544523","17.6704545454545","17.8222222222222","19.3139269406393","18.0137404579496","16.4672164947922","18.1639571082238","18.9711538460851","17.9352561516709","19.7275829972051","20.5666909619757","20.3979929943183","17.4545799354552","14.69281163381","13.5883837418221","16.6466649791166","18.4828825222546","20.7604021343612","17.8464433948111","17.4258808109302","19.6541456128021","20.5815162623006","17.3303050118205","16.6357782881606","16.6742651634533","17.1691157624879","17.941269545112","18.1232031148809","15.9407833014181","13.3365156712328","16.5457601776483","18.9293950402086","16.7658661421893","16.1776077962434","17.2230262271936","14.8816205445361","14.0238867524115","13.9752404168364","16.5202184413119","21.1402504565301","24.6089854895517","27.8564927049299","30.6987434800191","34.2904520679883","41.3032381164718","45.8640297538794","48.4689739669104","56.4631840288075","59.4210218360502","62.5133392412025","65.1986552631273","65.5643452353482","62.3805614358321","60.648362363995","69.6122782440048","64.4913060674856","47.3605940540917","42.4637598409391","35.9847857181971","36.8854682640449",
"Turkiye","TUR","Claims on central government (annual growth as % of broad money)","FM.AST.CGOV.ZG.M3","","40.6593406593407","0.910746812386157","6.41666666666667","3.23529411764706","11.353711790393","6.8241469816273","2.60238907849829","-10.2197552406861","4.14825156900416","-1.60321017574386","6.61635804521705","-0.226241109689035","-3.71972299293999","4.24980121869974","16.843206765999","8.36668801988357","21.6494972015521","21.7897292556898","32.4984622512327","49.689949735151","13.3295663319371","27.6559892616241","12.3154976568915","88.1297545571982","49.5541286063127","-50.1008240765564","-2.91440281276975","-5.78068585448021","4.75793011460849","-6.65672537931917","17.1950652317888","20.9411698541637","21.14118259895","34.8371991313869","29.6230411265566","36.6509573765117","8.59955267055222","43.3250474694582","63.1497945176882","26.7627171784444","98.5360001964738","19.6581644848856","8.4497284422691","3.93184931620307","8.42520611229345","-1.27997327515079","3.42345107290771","5.18276239250569","12.4004263872693","4.01681416817352","-4.50362283788217","-1.19226569097205","-2.21282521320636","1.15550690868841","0.657269687274046","1.77509036786063","1.04652882370745","7.47455902718182","7.4157487808957","14.3869241672102","8.93555556299314","17.8480927125298","12.2487758553985","11.1997222419567","6.66041174848465",
"Turkiye","TUR","Total reserves (includes gold, current US$)","FI.RES.TOTL.CD","205127600","195570000","190280000","178272880","142339680","141387680","131543660","119539200","142104900","245673600","439755730","781035856.944714","1493838677.45191","2386716877.48642","2227397998.87672","1444445641.15843","1471465349.52027","1237511839.64509","1630117686.01986","2586031059.0781","3298027746.07359","2425976885.28438","2802367063.36263","2728450850.85496","2442157927.26788","2317544642.7686","2912507102.56448","3630665151.35595","3912434397.79567","6298197326.3684","7626099813.58548","6616201216.04496","7507926869.1292","7846358556.78459","8633212505.74044","13890900401.5819","17819437052.0218","19746043484.197","20567605388.6419","24432663963.6654","23514529510.39","19911331846.7119","28348030216.9613","35548509276.1176","37304121308.7358","52493941950.0754","63264841173.6432","76496127491.481","73674684815.6172","74933099954.2986","85959461665.9826","87937253858.338","119182965975.41","131053847400.859","127421921235.759","110489628113.015","104810530764.478","107657025384.516","92997230040.5605","105619672447.934","93584577917.0715","111184882382.134","128735003395.893","140868480001.696","155548682878.169","185567690700.458",
"Turkiye","TUR","Borrowers from commercial banks (per 1,000 adults)","FB.CBK.BRWR.P3","","","","","","","","","","","","","","","","","","","","","","","","","","","","","","","","","","","","","","","","","","","","","511.657330121698","577.274099079853","590.623104837429","676.94288257283","692.020809026281","729.490504166299","748.217294570993","795.040304416169","851.064030458966","826.66270430471","818.305063053765","826.382604148181","787.839658690434","789.929246340042","766.430085720713","756.297949714865","843.444024224824","869.893956982139","927.803455822709","970.41862075319","976.676808209618","",
"Turkiye","TUR","Bank nonperforming loans to total gross loans (%)","FB.AST.NPER.ZS","","","","","","","","","","","","","","","","","","","","","","","","","","","","","","","","","","","","","","","","","","","","","","4.31589850311115","3.58098683705456","3.3213977793724","3.44167340058132","4.96997625418198","3.48959158482402","2.57632211204451","2.7433675978872","2.63627102630173","2.74183131997442","2.98772329214313","3.10968373133546","2.84271365893526","3.68690904641213","5.0229492930967","3.8900924404522","2.97599400811766","1.97901752159552","1.48012751953029","1.6536819200798","",
"Turkiye","TUR","Renewable internal freshwater resources per capita (cubic meters)","ER.H2O.INTR.PC","","7795.53366059922","7587.87553758176","7387.67776355532","7196.50895131584","7018.03852315736","6841.95081559671","6666.58423988355","6500.25926584755","6342.94829290025","6195.67440939461","6050.33059459477","5906.80964337936","5771.7440987667","5645.32899758803","5529.42058541413","5417.66316664942","5307.04927172088","5201.01749315264","5099.92837858292","4999.02937348178","4900.56494662594","4796.91347568375","4685.4929912662","4579.00681906906","4478.45571798671","4384.120660889","4295.68953102614","4210.75078502678","4129.02020369603","4052.4405082096","3981.76547867916","3914.46004645136","3847.5119487704","3781.20098805614","3719.81726749991","3664.17828606656","3611.60362742468","3561.65682187588","3514.37129376068","3469.57074119248","3426.66709014435","3385.59402894564","3346.51644591698","3309.39407079336","3274.21679616386","3240.75764116758","3235.54886995819","3194.8576921716","3151.06193702357","3103.54562998216","3058.32526728112","3019.58766612571","2981.05164778352","2941.1046768436","2902.12751388326","2863.34303094219","2826.45217571946","2788.45100735802","2748.8682412959","2722.32261369834","2697.6498526073","2671.21949159915","","","",
"Turkiye","TUR","Level of water stress: freshwater withdrawal as a proportion of available freshwater resources","ER.H2O.FWST.ZS","","","","","","","","","","","","","","","","","","","","","","","","","","","","","","","","","23.47136597","23.97260746","24.47384896","24.97509046","25.47633196","25.97757346","26.47881495","26.98005645","31.19661294","30.40865087","29.6206888","28.83272673","29.3679591","29.90319146","30.43842383","30.80266285","31.16690188","33.52150338","34.88078437","36.19921266","37.51764094","38.05986779","38.60209463","39.89452574","44.27690708","43.66707643","45.37887544","46.30158211","46.12809923","43.37814752","47.88653346","","","",
"Turkiye","TUR","Water productivity, total (constant 2015 US$ GDP per cubic meter of total freshwater withdrawal)","ER.GDP.FWTL.M3.KD","","","","","","","","","","","","","","","","","","","","","","","","","","","","","","","","","9.7296635705461","10.2551036180148","9.57615318087494","10.1232567257406","10.6344296887204","11.1966055194494","11.1943047178051","10.6509468482028","9.85479700388212","9.55820389624806","10.4439511176006","11.3515773657457","12.2508504719334","13.1278407168298","13.8085111149401","14.3422500111331","14.3050594821963","12.6508397708474","13.1963921972349","14.1119460014723","14.270638201469","15.2613999726067","15.7393126326296","16.1135738351081","15.001258919425","16.4011305874066","16.3298001811155","16.2126935921048","16.5670922066272","19.6981638652051","18.8145480844954","","","",
"Turkiye","TUR","Population in urban agglomerations of more than 1 million (% of total population)","EN.URB.MCTY.TL.ZS","11.8225487433806","12.228056929237","12.752594777663","13.3054517384329","13.8932790059256","14.5229094128901","15.0545583789001","15.5448797534691","16.072314840258","16.6364077296341","17.2478131930473","17.6626794632669","17.9823295837929","18.3250612205337","18.6971978327706","19.1070102676225","19.4551601738082","19.7682325080474","20.1002050483963","20.4530717958256","20.809933049343","21.2387505588695","21.6718295825274","22.0680135429324","22.4854651329912","22.9274244549132","23.3337541059125","23.7404915290706","24.167457589114","24.6108121067893","25.0879093955708","25.4396838218606","25.7386301576417","26.034787914887","26.3329033313813","26.6626210786182","27.0336552677147","27.4257208482413","27.7890553988732","28.1372115210132","28.5073244854592","29.0273044683377","29.6321552087551","30.2643482629737","30.9266462307452","31.616568673589","32.3379572282522","33.3648203075932","34.0488791834023","34.7052534143699","35.3279811982557","35.9817666689404","36.448926594449","36.6433560684704","36.817302879002","36.9583394737195","37.0564672184686","37.1720795633089","37.268469507932","37.3419255446634","37.5898018676812","37.8527227688944","38.0638151512346","38.4584879878007","38.8830561788146","39.1973824059175",
"Turkiye","TUR","Population living in slums (% of urban population)","EN.POP.SLUM.UR.ZS","","","","","","","","","","","","","","","","","","","","","","","","","","","","","","","","","","","","","","","","","24.58136","","23.18733","","21.79329","","20.39926","","19.00523","","17.61119","","16.21716","","14.82313","","14.12611","","14.12611","","14.12611","","14.12611","","","",
"Turkiye","TUR","Population density (people per sq. km of land area)","EN.POP.DNST","","37.8353728414953","38.8708171459013","39.9241726543924","40.9847225290074","42.0269740004937","43.1086002364773","44.2425853981783","45.3746397619635","46.4999727141614","47.605297350675","48.748893624209","49.9333718799943","51.101871028936","52.2461884282058","53.3413796239752","54.4417239452724","55.5764432259657","56.7094655873602","57.8335420916544","59.0008380650442","60.1863103049517","61.4868131439783","62.9489624884685","64.4128594259579","65.8590686433741","67.2761872588127","68.6611358704832","70.0461598430415","71.4326663461663","72.7825422605668","74.0744084819978","75.3480477632109","76.6591310110053","78.0035029819524","79.2907020256487","80.4946974520224","81.6664709016021","82.8117186180372","83.9259423359277","85.0096293023921","86.0739939971155","87.1182191442641","88.1355066720372","89.1241466678794","90.0816717123813","91.0117186180372","91.1582344763068","92.3192677000637","93.6023881605447","95.0354715902447","96.4406649948677","97.6778802801346","98.9405610488157","100.284401595572","101.631276067721","103.007889505347","104.352348531112","105.774468250978","107.297584553617","108.343853540013","109.334768655068","110.416580694619","110.866214934449","","",
"Turkiye","TUR","Nitrous oxide (N2O) emissions (total) excluding LULUCF (% change from 1990)","EN.GHG.N2O.ZG.AR5","","","","","","","","","","","","","","","","","","","","","","","","","","","","","","","","-0.331522855491395","6.49765688817552","11.4547356654581","-2.01445516081725","7.40002961731561","10.9135031074296","8.02581483445353","15.3116744770394","17.4402996125864","13.8265094082747","6.11931956605856","9.04617912743566","10.7085703912829","12.8209537731027","11.8822759473958","18.0818488848125","15.6030706468517","10.6947171307509","18.8490328991053","17.1469926482179","18.2834377104859","24.1175711890397","31.722055823863","31.4870280934569","32.5078700850781","45.7038172898245","45.9345457324792","46.4967970306253","54.1805796395286","66.6002665558406","62.8794718563846","55.9709941386377","52.8769400535978","52.7264649823012","",
"Turkiye","TUR","Nitrous oxide (N2O) emissions (total) excluding LULUCF (Mt CO2e)","EN.GHG.N2O.MT.CE.AR5","","","","","","","","","","","13.9498","14.1743","14.2383","14.4907","14.2341","15.4368","16.6203","17.3861","17.5252","17.9963","18.4524","19.0085","19.539","19.8346","20.1887","18.9092","19.5849","20.9322","20.5456","20.6728","20.9337","20.8643","22.2939","23.3316","20.512","22.4828","23.2183","22.6138","24.139","24.5846","23.8281","22.2147","22.8274","23.1754","23.6176","23.4211","24.7189","24.2","23.1725","24.8795","24.5232","24.7611","25.9824","27.5743","27.5251","27.7388","30.5012","30.5495","30.6672","32.2757","34.8756","34.0967","32.6505","32.0028","31.9713","",
"Turkiye","TUR","Nitrous oxide (N2O) emissions from Building (Energy) (Mt CO2e)","EN.GHG.N2O.BU.MT.CE.AR5","","","","","","","","","","","0.4841","0.4942","0.5379","0.57","0.5912","0.6341","0.6915","0.7794","0.6414","0.6089","0.6712","0.6816","0.7755","0.8182","0.8202","0.8619","0.8597","0.9774","0.9798","0.956","0.9893","0.9827","1.001","1.1196","1.1081","1.1607","1.1949","1.1926","1.1732","1.1824","1.1715","1.1468","1.2193","1.1261","1.2248","1.2261","1.2797","1.3741","1.7655","1.6999","1.744","1.8353","1.4142","1.3329","1.3655","1.0902","0.9983","1.1356","1.051","1.096","1.1606","1.1319","1.1183","1.1299","1.1546","",
"Turkiye","TUR","Carbon dioxide (CO2) emissions from Waste (Mt CO2e)","EN.GHG.CO2.WA.MT.CE.AR5","","","","","","","","","","","0.0086","0.0092","0.0097","0.0103","0.011","0.0116","0.0123","0.0129","0.0136","0.0143","0.015","0.0162","0.0175","0.0189","0.0203","0.0218","0.0232","0.0246","0.0261","0.0276","0.0291","0.0293","0.0307","0.0316","0.0326","0.0312","0.0353","0.0525","0.0338","0.0319","0.0328","0.0339","0.0226","0.0275","0.0115","0.0211","0.0295","0.029","0.0269","0.0215","0.0145","0.0117","0.0092","0.0048","0.0004","0.0006","0.0007","0.0007","0.0005","0.0011","0.0017","0.0022","0.0028","0.0033","0.0038","",
"Turkiye","TUR","Carbon dioxide (CO2) emissions from Power Industry (Energy) (Mt CO2e)","EN.GHG.CO2.PI.MT.CE.AR5","","","","","","","","","","","8.2782","9.0617","9.0718","9.7635","10.5298","11.3169","12.8045","14.1221","13.7629","13.3655","12.9055","14.3586","14.989","17.1697","19.403","24.8243","30.6812","27.6835","20.7598","31.1405","33.8238","35.5673","38.5452","38.3583","44.266","45.3047","50.6202","55.4828","60.2181","65.3111","68.3584","69.8316","64.5319","65.5315","66.6201","74.5154","83.5718","99.2585","105.8878","101.413","102.0214","113.2634","115.7916","109.2692","127.3497","119.5329","130.0213","139.969","144.2198","133.7501","128.8217","143.7037","140.5119","138.7563","140.9129","",
"Turkiye","TUR","Carbon dioxide (CO2) net fluxes from LULUCF - Other Land (Mt CO2e)","EN.GHG.CO2.LU.OL.MT.CE.AR5","","","","","","","","","","","","","","","","","","","","","","","","","","","","","","","","","","","","","","","","","2.088","71.2174","0.7326","0.4456","0.3183","0.0296","0.5341","0.8339","2.5854","0.2017","0.3578","0.166","1.2392","1.1102","0.1749","-0.0028","0.6327","0.5581","0.1402","0.4808","1.5824","9.2075","1.2155","1.2155","","",
"Turkiye","TUR","Carbon dioxide (CO2) emissions from Industrial Processes (Mt CO2e)","EN.GHG.CO2.IP.MT.CE.AR5","","","","","","","","","","","5.386","5.8774","6.2457","7.0832","7.0614","7.7965","8.4115","9.0298","10.3141","8.9533","8.575","9.3206","9.6408","8.808","10.0214","10.9545","13.2069","13.0273","13.3435","14.5337","22.1066","18.2133","18.6758","19.1863","19.9456","20.727","21.0984","22.341","22.745","21.5936","21.6695","21.0127","21.7062","22.3","23.982","25.5115","28.197","30.5562","32.4847","35.5318","40.0042","40.8436","40.9996","43.3428","43.6572","43.678","46.597","49.0839","49.3493","42.486","51.3318","54.2709","49.6445","53.4773","54.4376","",
"Turkiye","TUR","Carbon dioxide (CO2) emissions from Agriculture (Mt CO2e)","EN.GHG.CO2.AG.MT.CE.AR5","","","","","","","","","","","0.7182","0.7182","0.7182","0.7182","0.4942","0.7376","1.02","0.9637","0.9807","1.2905","1.1863","0.9681","1.0641","1.1464","1.0673","0.9981","1.0755","1.2256","1.1014","1.2018","1.2903","1.4199","1.4682","1.4944","1.0211","1.1676","1.2641","1.4128","1.757","2.0199","1.6682","1.6004","1.7494","2.0099","2.0746","2.1246","2.2667","2.1178","1.781","2.4956","2.3306","2.1144","2.4543","2.7597","2.5178","2.5154","3.3062","2.7021","2.2299","2.3471","2.9858","2.3106","2.1301","2.1691","2.1211","",
"Turkiye","TUR","Methane (CH4) emissions from Power Industry (Energy) (Mt CO2e)","EN.GHG.CH4.PI.MT.CE.AR5","","","","","","","","","","","0.0024","0.0028","0.0034","0.0036","0.0041","0.0046","0.0054","0.0061","0.006","0.0051","0.005","0.0055","0.0057","0.0066","0.0071","0.0081","0.0109","0.0105","0.0093","0.018","0.0181","0.0202","0.0208","0.0209","0.0233","0.0345","0.0356","0.0386","0.0385","0.0473","0.0525","0.0552","0.0561","0.0605","0.0606","0.0705","0.0753","0.0897","0.0937","0.0913","0.0917","0.0944","0.0946","0.0929","0.1045","0.0922","0.0896","0.1037","0.0958","0.0778","0.0909","0.1298","0.1201","0.1238","0.1226","",
"Turkiye","TUR","Methane (CH4) emissions from Fugitive Emissions (Energy) (Mt CO2e)","EN.GHG.CH4.FE.MT.CE.AR5","","","","","","","","","","","3.0492","3.0929","3.4042","3.453","3.6217","3.5975","3.6497","3.6467","3.6719","3.4084","3.2917","3.6177","3.7659","3.8661","4.2246","4.7791","5.0821","5.3522","5.0673","5.4832","5.0872","4.8086","4.9875","4.8268","4.9341","4.83","4.9765","5.1957","5.3074","5.122","5.2283","5.1072","4.8444","4.8819","4.634","4.7877","5.6281","6.274","6.7989","6.9941","7.0676","7.2566","7.0965","6.5425","6.9499","6.7794","7.4915","7.8258","8.1297","8.5151","8.0523","8.8888","9.5879","8.8004","9.6348","",
"Turkiye","TUR","Total greenhouse gas emissions excluding LULUCF (Mt CO2e)","EN.GHG.ALL.MT.CE.AR5","","","","","","","","","","","101.5702","105.8648","114.7725","120.5474","123.7648","130.9107","141.0682","150.7825","150.5964","145.3999","150.514","153.5524","161.8465","165.9669","172.6435","177.0939","189.5766","202.4068","197.8931","212.3052","226.1778","222.4251","231.823","238.5519","234.6624","250.778","267.8696","277.9117","280.2926","278.9113","301.8184","278.6054","289.7373","302.7071","309.6687","320.7302","352.1909","379.2564","378.8085","383.4098","394.8512","418.0067","434.1387","427.8429","451.7437","465.3477","492.3681","535.8772","538.8942","528.9145","543.4289","581.9848","564.2614","564.0621","579.5068","",
"Turkiye","TUR","Disaster risk reduction progress score (1-5 scale; 5=best)","EN.CLC.DRSK.XQ","","","","","","","","","","","","","","","","","","","","","","","","","","","","","","","","","","","","","","","","","","","","","","","","","","","","","","","","","","","","","","","","","","",
"Turkiye","TUR","PM2.5 pollution, population exposed to levels exceeding WHO Interim Target-2 value (% of total)","EN.ATM.PM25.MC.T2.ZS","","","","","","","","","","","","","","","","","","","","","","","","","","","","","","","99.9560400266882","","","","","99.9548770433779","","","","","99.9418264891325","","","","","99.9323147582578","","","","","99.9516056451077","99.9524920033498","99.9530300718569","99.9532556414695","99.9540650862187","99.9547681162726","99.9553471523347","99.9558234947612","","","","","","","","",
"Turkiye","TUR","Electric power consumption (kWh per capita)","EG.USE.ELEC.KH.PC","","","","","","","","","","","","","","","","","","","","","","","","","","","","","","","894.946674524474","928.57577493532","1003.99864680393","1070.86257675469","1098.38058657454","1176.28159954043","1274.14939652275","1383.14872841482","1462.74264551992","1500.80684236634","1597.53098620898","1563.01305659791","1620.0291146172","1726.31598810763","1848.21640498131","1972.46320209431","2138.98570196288","2328.35513019507","2401.12555821694","2291.62714536304","2463.85975801914","2666.73837788233","2749.71368123426","2747.58408745623","2848.97165764961","2930.20272102197","3073.67891217991","3262.78417392976","3347.76268694844","3294.2219031759","3318.84705919601","3587.45836676577","3554.2281621305","3581.25454543643","3730.82314747655","",
"Turkiye","TUR","Net official flows from UN agencies, SDGFUND (current US$)","DT.NFL.SDGF.CD","","","","","","","","","","","","","","","","","","","","","","","","","","","","","","","","","","","","","","","","","","","","","","","","","","","","","","","","","","","","","","","359919.011592865","","","",
"Turkiye","TUR","PPG, other private creditors (NFL, current US$)","DT.NFL.PROP.CD","","","","","","","","","","","-11413000","21540000","19844000","19516000","27487000","-23374000","32482000","41617000","80907000","81498000","151096000","1074000","-183046000","76320000","20130000","13095000","388107000","343478000","160777000","86790000","-36276000","806934000","-275564000","412810000","287735000","-248622000","-115638000","177509000","-238120000","-15698000","-269719000","-260346000","-72295000","-324731000","-361222000","-464242000","-254865000","17848000","180205000","48336000","10965000","-89383000","-148697000","-166182000","-355353000","-271745000","-103032000","-158111000","-56905000","-29983000","-4404000","153148000","-25758000","-40652000","-20457000","",
"Turkiye","TUR","PPG, commercial banks (NFL, current US$)","DT.NFL.PCBK.CD","","","","","","","","","","","-1072000","25804000","-3354000","-7246000","-3545000","-2330000","101595000","377448000","244485000","2914305000","445919000","-19984000","320897000","61413000","236440000","85156000","713553000","600811000","1199402000","337624000","222063000","-731366000","-294285000","-493706000","-546161000","-326436000","669854000","417131000","979044000","1482645000","2651465000","-581744000","26986000","-2088360000","-97692000","-486046000","-120734000","555450000","286183000","-1170775000","634256000","708461000","54363000","-424561000","-700491000","-597207000","2192815000","8937000","1287123000","425689000","1977837000","1080981000","-53878000","2290877000","68635000","",
"Turkiye","TUR","Net financial flows, others (NFL, current US$)","DT.NFL.MOTH.CD","","","","","","","","","","","75526000","37029041.5","15605168.8","36336441.5","30839738.2","56228201.4","113889932.9","39666450.2","36200099.2","92675281.8","143536857.2","167568613.4","189965816.3","111838148.6","181359854.5","95548497.9","200151389.1","187675488","222899326.1","148529519.7","233497050.9","574866665.4","271954334.5","6941606.4","-243363700.3","-276866103.2","-293002194.3","-119352463.8","-132083538","-249517908.4","-343114720.8","-574470000.1","-67906707.6","-52669738.8","191254135.9","281717599.8","27639895.7","1313399940","1225599290.3","1057920118.6","1700410770.7","1500184060.4","1403304478.5","1496518909.3","1631113067.5","1242171586.4","1611795592.2","175850383.8","535208655.6","-1058804161.6","-1233805214.3","-1351197841.4","-1429512755.3","-692044385.6","-837036785.1","",
"Turkiye","TUR","Net financial flows, IMF nonconcessional (NFL, current US$)","DT.NFL.IMFN.CD","","","","","","","","","","","48000000","-12037000","-97995000","-11471000","","297941000","149208000","","175010000","1912000","484700000","364400000","202640000","190100000","-43100000","-251320000","-375790000","-450871891","-431415290.1","-238158237.3","-49214540.6","","","","337250727.3","341378434","","-27608494.1","-223359494.2","510081162.9","3371976927.3","10219826429.3","6490911804","-45996740.4","-3504114815.4","-5319920545.4","-4552002155.5","-4016661579","1587698208.4","-706480115.2","-2170826706.1","-2806670271.6","-2008976030.2","-854242901.5","","","","","","","","","0","","","",
"Turkiye","TUR","Net official flows from UN agencies, IAEA (current US$)","DT.NFL.IAEA.CD","","","","","","","","","","","","","","","","","","","","","","","","","","","","","","","","","","","","","","","","","","","","","","","280000.001192093","310000.002384186","400000.005960464","200000.002980232","39999.9991059303","","","","","","","","","","","104450.00231266","154670.998454094","329847.991466522","","",
"Turkiye","TUR","Portfolio investment, bonds (PPG + PNG) (NFL, current US$)","DT.NFL.BOND.CD","","","","","","","","","","","-329000","-360000","-403000","-513000","-558000","-676000","23090000","-806000","-1134000","-1270000","-1223000","-5268000","-5234000","-4004000","-5849000","-5652000","-5403000","184662000","1610099000","1059792000","617822000","501187000","2720744000","3592113000","464389000","632044000","1585825000","1983752000","-192626000","3505561000","5575988000","-448253000","860280000","2710721000","2291514000","3319442000","4880174000","5522301000","360412000","1264549000","5969739000","3097573000","12203932000","12768244000","13098749000","3016554000","4306792000","8966403000","2763918000","3752173000","579180000","3371538000","-2227011000","6655003000","15241386000","",
"Turkiye","TUR","Present value of external debt (current US$)","DT.DOD.PVLX.CD","","","","","","","","","","","","","","","","","","","","","","","","","","","","","","","","","","","","","","","","","","","","","","","","","","","","","","","","","","","","","","","","","149002885766.5","",
"Turkiye","TUR","Short-term debt (% of total external debt)","DT.DOD.DSTC.ZS","","","","","","","","","","","28.5459","28.5811","28.5547","28.5666","28.5571","28.5638","28.5605","53.2034","48.3744","22.7541","13.0753","11.4446","8.9816","11.2539","14.7389","18.2949","19.2781","18.6183","15.6539","13.8176","19.2213","17.9209","22.3857","27.0141","17.0719","21.2805","21.5132","21.2393","21.8836","23.0605","24.7535","14.4714","14.1767","18.3946","22.1817","24.4383","22.6842","19.2761","19.1447","19.6258","29.3706","30.2016","32.4404","35.2839","34.4374","26.1153","22.5437","24.4369","21.6172","23.035","25.9085","27.1422","32.4127","34.9844","34.5898","",
"Turkiye","TUR","External debt stocks, public and publicly guaranteed (PPG) (DOD, current US$)","DT.DOD.DPPG.CD","","","","","","","","","","","1846323200.2","2231325317.4","2470069347.9","2888009180","3164121915.4","3210639386.7","3647884289.8","4471164698.7","6489662075.5","11041362760.8","15040434135","15272311774.6","16095927709.2","16070391416.4","16571790063.2","19568372741","24996941354","31684182463.8","33742055799.5","34989899329.7","38870339195.2","39828826639.5","40462716153.6","44063719966","48436753455.6","50317002773.5","49199186165.8","47448206111.2","50008216178.4","50143296287.5","55736411677.6","53691106817.5","59607420051.8","65591141529.2","69783712097.5","64443866403.2","69912402519.3","82701662867","83932457006.9","87201666244.3","93288915227.7","95252921923.9","100270473605.7","106494108329.7","105783973059.7","103604345502.1","108554426434.3","118859529273.6","123460831967.2","129002102130.3","138031426646","138015682050.1","139061189036.2","148507676149.4","157127934803.6","",
"Turkiye","TUR","External debt stocks (% of GNI)","DT.DOD.DECT.GN.ZS","","","","","","","","","","","15.4452889581799","20.4427134166667","17.3152299480167","16.2548822203811","13.1471529114293","11.0277734045538","11.7329454921895","19.6294439211321","22.6906585607581","17.9702851506823","28.2564941492684","27.5773061670487","31.352185635684","33.685574395924","36.9768028169742","39.605243016311","44.627217217105","48.1097367995206","46.39216502841","39.6726269717259","33.3613710496846","34.2878283206299","36.1437921713991","38.6140215164291","52.006057514151","44.4149487654801","45.1584550856343","45.3375702170046","35.5197964688648","40.2534004567491","43.2121592012955","57.4050808197224","55.901957136984","48.0065470233487","41.0343944750811","35.5841267097801","39.4750573117788","39.8040022720477","38.5984279883647","44.5736356122904","41.0990751678409","38.6013112607881","40.4357594121779","42.3711460982425","44.4602073781668","46.7405303729401","46.3614777541171","52.6882928024745","55.4453574540502","55.3071524639806","60.3150906136416","53.7425891882514","50.758322367613","45.157151097837","39.3880494718611","",
"Turkiye","TUR","Net ODA provided, total (current US$)","DC.ODA.TOTL.CD","","","","","","","","","","","","","","","","","","","","","","","","","","","","","","","","","","","","","","","","","","","","","","","","","","","","","","","","","","","","","","","","","","",
"Turkiye","TUR","Net bilateral aid flows from DAC donors, Total (current US$)","DC.DAC.TOTL.CD","137459999.615326","188629999.378696","229029999.969527","221869999.643415","153950000.258163","176379996.083677","184440003.015101","180159999.635071","174630002.260208","147650001.989677","157489999.338984","177039999.518543","220820000.436157","71400000.3170222","27910000.2516061","24770000.1839549","98430001.4358014","62199998.7401068","160519998.269155","563399983.838201","711780012.924224","534500002.563","539159998.020157","321690000.928938","206019999.865442","140990002.125502","307340002.607554","394100001.856685","302160004.312173","172929996.648803","563949983.892962","1141970009.99749","98140000.3284216","243510001.981631","4730001.30057343","172199999.123812","71919999.4243681","11039998.1886149","7380001.26928087","-42559999.2349745","285729989.375919","113059999.253601","249159997.172654","159419994.89069","286029985.355213","382720010.170713","530949990.682304","785760025.506839","1097080006.70373","1346370005.75289","1030899981.89546","3189059920.75801","3039614300.83774","2753286139.4838","3392598283.8031","2096051458.98834","3509741850.60896","3076098604.47841","1164172129.50531","629000218.933448","536042702.665553","1083736491.18841","815116575.661347","1231650926.76133","","",
"Turkiye","TUR","Net bilateral aid flows from DAC donors, Portugal (current US$)","DC.DAC.PRTL.CD","","","","","","","","","","","","","","","","","","","","","","","","","","","","","","","","","","","","140000.000596046","889999.985694885","","","","","","","","","9999.99977648258","50000.0007450581","70000.0002980232","50000.0007450581","19999.9995529652","","59999.9986588955","64267.0020461082","68111.0024452209","68575.0022530556","61847.9996919632","79271.0036039352","12157988.5482788","6242358.20770264","4244175.91094971","4082759.85717773","2560305.11856079","2255146.02661133","1981528.99742126","","",
"Turkiye","TUR","Net bilateral aid flows from DAC donors, Netherlands (current US$)","DC.DAC.NLDL.CD","-600000.023841858","-610000.014305115","-610000.014305115","100000.001490116","300000.011920929","2250000","","1820000.05245209","5769999.98092651","810000.002384186","1179999.94754791","1169999.95708466","1149999.97615814","9270000.45776367","-379999.995231628","610000.014305115","239999.994635582","1759999.99046326","6369999.88555908","4170000.07629395","2500000","2619999.88555908","1269999.98092651","289999.99165535","-370000.004768372","-2250000","-1600000.02384186","-460000.00834465","540000.021457672","209999.993443489","439999.997615814","3519999.98092651","990000.009536743","-469999.998807907","-1169999.95708466","-5260000.22888184","-1389999.98569489","-620000.004768372","2819999.9332428","3259999.99046326","569999.992847443","2430000.0667572","270000.010728836","5010000.22888184","2299999.95231628","4469999.79019165","5000000","-769999.980926514","-600000.023841858","-259999.990463257","319999.992847443","-90000.0035762787","290439.993143082","586223.006248474","650458.991527557","1579911.94725037","106661437.988281","2325313.09127808","2558712.00561523","1788897.0375061","733798.980712891","1196524.0240097","859421.014785767","4291262.14981079","","",
"Turkiye","TUR","Net bilateral aid flows from DAC donors, Japan (current US$)","DC.DAC.JPNL.CD","9999.99977648258","29999.9993294477","29999.9993294477","39999.9991059303","29999.9993294477","100000.001490116","100000.001490116","100000.001490116","100000.001490116","170000.001788139","159999.996423721","180000.007152557","1240000.00953674","7440000.05722046","9560000.4196167","4849999.90463257","12800000.1907349","5650000.09536743","5090000.15258789","4059999.94277954","5369999.88555908","51419998.1689453","27280000.6866455","25489999.7711182","36919998.1689453","26030000.6866455","71150001.5258789","162389999.389648","134449996.948242","66309997.5585938","324209991.455078","424540008.544922","21100000.3814697","12720000.2670288","9090000.15258789","33669998.1689453","2690000.05722046","-21690000.5340576","-30360000.6103516","-45590000.1525879","144479995.727539","-64639999.3896484","-15909999.8474121","1000000","-25930000.3051758","-62259998.3215332","62279998.7792969","86550003.0517578","285920013.427734","210750000","543489990.234375","27790000.9155273","33500000","-10329999.9237061","28760000.2288818","-72739997.8637695","-75569999.6948242","-27914894.1040039","-64786201.4770508","-84488319.3969727","-125321876.525879","-41783649.4445801","321116546.630859","31671516.418457","","",
"Turkiye","TUR","Electricity production from renewable sources, excluding hydroelectric (% of total)","EG.ELC.RNWX.ZS","","","","","","","","","","","","","","","","","","","","","","","","","","","","","","","0.139026467163686","0.197523487036484","0.173740013661608","0.181552135269889","0.165983580393509","0.357113870627384","0.274082351204908","0.364970570012392","0.298139107564267","0.201820680178633","0.220257440642961","0.274149521287431","0.219389489953632","0.163955299791579","0.152112171362593","0.11705030996073","0.15967192099785","0.318624124286117","0.583001542198792","1.12439685440322","1.85811143517291","2.51610554812047","3.07707018071283","4.09293619927213","4.75753185983656","6.30874808524618","8.38776566280866","9.76210403092066","12.4123575710053","14.2949255833391","16.3852782659446","18.7108026636951","","","","",
"Turkiye","TUR","Electricity production from nuclear sources (% of total)","EG.ELC.NUCL.ZS","","","","","","","","","","","","","","","","","","","","","","","","","","","","","","","0","0","0","0","0","0","0","0","0","0","0","0","0","0","0","0","0","0","0","0","0","0","0","0","0","0","0","0","0","0","0","0","","","","",
"Turkiye","TUR","Electricity production from oil, gas and coal sources (% of total)","EG.ELC.FOSL.ZS","","","","","","","","","","","","","","","","","","","","","","","","","","","","","","","59.6336652590237","62.1518441058328","60.3739122687179","53.8193691740733","60.7819103433307","58.4344962723341","57.0586747064156","61.0894903965304","61.665255534939","70.0171762281003","75.0180112390131","80.1246689753514","73.7171561051005","74.6793663439583","69.2504213725464","75.4031959297587","74.6918587172928","80.9060441224068","82.613472568013","80.3764655154713","73.5630279156093","74.618231593815","72.7156194675485","71.0548231551421","78.9735000773923","67.8455056287077","66.8442611002595","70.3599673032222","67.604436993317","56.1104584777079","57.7317469995403","64.1853114366207","57.6075205783561","57.2909997946538","","",
"Turkiye","TUR","Access to electricity, rural (% of rural population)","EG.ELC.ACCS.RU.ZS","","","","","","","","","","","","","","","","","","","","","","","","","","","","","","","","","","","","","","","","","100","100","100","100","100","100","100","100","99.9","99.9","100","100","100","100","100","100","100","100","100","100","100","100","100","100","100","",
"Turkiye","TUR","Access to clean fuels and technologies for cooking, rural (% of rural population)","EG.CFT.ACCS.RU.ZS","","","","","","","","","","","","","","","","","","","","","","","","","","","","","","","","","","","","","","","","","78.5","79.3","80","80.7","81","81.5","82","82.3","82.6","82.9","83.1","83.5","83.6","83.7","83.6","83.75","83.8","83.8","83.8","83.9","83.9","84.1","84.15","84.2","","",
"Turkiye","TUR","Public and publicly guaranteed debt service (% of GNI)","DT.TDS.DPPG.GN.ZS","","","","","","","","","","","0.813809899642127","1.00471269651741","1.07157747807933","0.797815596299365","0.682152599308786","0.5717749996808","0.610294970380653","0.625512385872261","0.715855334008819","0.808812258593157","1.55510102700391","2.47953657646684","3.64639236982822","3.82903035388589","3.87403747078602","5.40939929237804","4.6049837223099","5.44641844246164","6.97538473157751","5.82761870469794","4.39254066435178","4.72548275737318","4.77074778940045","3.89001851377562","6.00857250992813","3.93651371101303","3.38481684580683","3.33681940352822","3.86189360667354","3.36322884413239","3.59580499759676","5.83805151188296","4.26295908565129","4.0207927354328","3.00320230383576","2.50421248553076","1.93927373492611","1.74790381159061","1.70262085767719","1.76856684482731","1.38145052393727","1.34908812169887","1.19312533016825","1.00938728916471","1.25794690237975","1.27730592948421","1.5018143785335","1.96911441102949","2.03609924302908","2.43014483829482","2.52747552593031","2.82230661091237","2.3320374767731","2.14900358611188","2.21221982248269","",
"Turkiye","TUR","Total debt service (% of GNI)","DT.TDS.DECT.GN.ZS","","","","","","","","","","","0.996580860787321","1.20797140298507","1.56890872372999","0.866910873847004","0.730963245218766","0.8210030811655","1.1543935842343","1.63469821547363","2.06441950341646","1.51241823988415","2.37390175127473","3.43986180886888","4.72036176064047","5.20177552009977","5.51631500126807","7.00580163440306","6.06090640559806","7.02800326779133","8.5179604953325","6.76719435600105","5.00957692770805","5.58628142892379","5.80664064872552","4.8418353271712","8.05270003613205","4.94657304713534","4.40985713050641","4.56778167575704","5.4729537844968","7.35068008004849","7.64194664982849","11.3272127827393","11.7857575758394","9.13454864226026","8.08128296159829","8.2460795113804","7.46014467206499","7.31305477732884","7.3041177212193","9.76711091371193","7.72321537548618","7.00086787853872","6.56330981065962","6.7562161911723","6.28388926871807","6.52151533133496","8.78585439284443","10.1665757228595","10.734255840126","11.2528969335117","11.8980132357555","8.93337484800616","7.56004206933616","6.76828351069021","6.68128911802666","",
"Turkiye","TUR","Net ODA received per capita (current US$)","DT.ODA.ODAT.PC.ZS","4.84682287096812","6.4658284938396","7.6744507351796","7.24675856424502","5.13837085465407","5.8558885567051","6.11766857001609","5.80697653422667","5.00061809398461","4.81030180576428","4.7982360355915","5.42637349602018","6.0501862455289","2.10833925154782","1.24818966800116","1.42473929216661","3.007877014447","2.17448750704775","4.02357130020699","13.1074895483518","20.9855727940881","15.6969191764274","13.6828258832829","7.34528399663807","4.85092308496079","3.55317137508252","6.56575164058967","7.16963820107854","5.22689581966859","2.63584287594059","23.2765394612007","28.2412422479785","6.14363276539068","7.58875139688545","3.30397021612139","5.13826384720567","3.97216299270736","0.107552605057363","0.440735421453565","0.192748554788578","5.02201270416523","2.01161954894005","4.0782239627335","2.47135914360594","4.21148177502083","5.75985706389335","8.1270460910282","11.3409095061795","15.7277070988915","18.8263455506653","14.1864848774996","44.3021929209363","41.3985068922155","37.3989324177731","44.6577500895078","27.3754319415684","45.5244879156566","39.3372388654687","14.6906537759008","8.49457632501542","6.51822762535074","12.604574197852","9.43094107142488","18.1704437158285","","",
"Turkiye","TUR","Net ODA received (% of gross capital formation)","DT.ODA.ODAT.GI.ZS","18.1733820298139","23.5349998474121","24.0268600818723","18.3855961790872","13.2610910589045","13.9728691226146","11.2069325827382","9.99758405363961","7.44867319405364","6.62115361140323","6.69134959712574","9.17072055576086","6.69781877180186","2.06195377329526","0.792175852056286","0.67898841086114","1.20530781857068","0.766917104192464","1.75903172564626","4.48895990821912","7.62263755850535","5.71627574828523","5.93368752459662","3.53565736572029","2.47966280152863","1.62218661673112","2.38359018439606","1.6929978142995","1.23326015765937","0.576285500744011","3.52536503667994","4.69354527086862","0.958475390471005","0.932406579640941","0.712070936980227","0.487551880480447","0.337919742760714","0.00948045834368063","0.0402226377612487","0.0225553127504021","0.498054240111828","0.336012176759915","0.527572451933425","0.232542198663483","0.279845033340802","0.284971190115231","0.337274127111599","0.392954772729367","0.484803356896868","0.875332105162635","0.466035333332786","1.21882802881158","1.19479529330929","0.943670347062902","1.21068219773799","0.82298602622753","1.38942120085414","1.1151514763955","0.484028519381049","0.328707316809061","0.216918931757478","0.367336189307723","0.224183287773264","0.392771298015865","","",
"Turkiye","TUR","Net official development assistance and official aid received (constant 2023 US$)","DT.ODA.ALLD.KD","1057395141.60156","1469993164.0625","1728275756.83594","1709542968.75","1214489501.95313","1433164428.71094","1563538085.9375","1513891967.77344","1326639892.57813","1180206176.75781","1197004394.53125","1290514770.50781","1330818359.375","417549957.275391","202191970.825195","223095367.431641","554189941.40625","346978576.660156","495499328.613281","1637916748.04688","2502635742.1875","1966487182.61719","1749235473.63281","962660766.601563","633840148.925781","501980529.785156","737094665.527344","582883300.78125","385112579.345703","210555618.286133","1857400390.625","2352156982.42188","461429595.947266","711927734.375","244184921.264648","428961486.816406","292080200.195313","3578610.89706421","47050457.0007324","47979068.7561035","441446136.474609","319004974.365234","465372528.076172","226192993.164063","361860504.150391","506283264.160156","639906433.105469","808798461.914063","1015136840.82031","1294508178.71094","878335083.007813","3260450683.59375","3298484863.28125","2916109619.14063","3492174804.6875","2581360595.70313","4307200683.59375","3640696289.0625","1320536987.30469","822758178.710938","632041748.046875","1094175048.82813","829815551.757813","1550410644.53125","","",
"Turkiye","TUR","Net official flows from UN agencies, WFP (current US$)","DT.NFL.WFPG.CD","","","","","","","","","","9659999.84741211","5780000.20980835","16750000","3220000.02861023","3500000","4730000.01907349","1049999.95231628","1710000.03814697","2400000.09536743","1220000.02861023","3140000.10490417","6519999.98092651","3519999.98092651","2470000.02861023","879999.995231628","550000.011920929","3299999.95231628","469999.998807907","930000.007152557","1429999.94754791","2119999.88555908","2730000.01907349","1429999.94754791","3529999.97138977","1029999.97138977","349999.994039536","439999.997615814","","","","","","","","","","","","","","","","","","2454643.96476746","2737400.05493164","91641.0014033318","1482687.95013428","","","","","","108342.997729778","701272.010803223","","",
"Turkiye","TUR","Net official flows from UN agencies, UNRWA (current US$)","DT.NFL.UNRW.CD","","","","","","","","","","","","","","","","","","","","","","","","","","","","","","","","","","","","","","","","","","","","","","","","","","","","","","","","","","","","","","","","","","",
"Turkiye","TUR","Net official flows from UN agencies, UNFPA (current US$)","DT.NFL.UNFP.CD","","","","","","","","","","","","","","","","","","889999.985694885","","","2519999.98092651","1110000.01430511","219999.998807907","259999.990463257","319999.992847443","529999.971389771","790000.021457672","259999.990463257","140000.000596046","250000","569999.992847443","800000.011920929","689999.997615814","579999.983310699","759999.990463257","740000.009536743","720000.028610229","720000.028610229","1269999.98092651","790000.021457672","500000","720000.028610229","889999.985694885","939999.997615814","1070000.05245209","990000.009536743","930000.007152557","1279999.97138977","1080000.04291534","949999.988079071","1139999.98569489","959999.978542328","1410176.03874207","1356451.98822021","1034459.94853973","1038668.99013519","720296.025276184","671600.997447968","1085360.05020142","1606699.94354248","2427279.94918823","2262372.01690674","2271359.92050171","3276269.91271973","","",
"Turkiye","TUR","Net official flows from UN agencies, UNCOVID (current US$)","DT.NFL.UNCV.CD","","","","","","","","","","","","","","","","","","","","","","","","","","","","","","","","","","","","","","","","","","","","","","","","","","","","","","","","","","","","","","850000.023841858","","","","",
"Turkiye","TUR","Net official flows from UN agencies, UNCDF (current US$)","DT.NFL.UNCD.CD","","","","","","","","","","","","","","","","","","","","","","","","","","","","","","","","","","","","","","","","","","","","","","","","","","","","","","","","","","","","","","","","","","",
"Turkiye","TUR","External health expenditure (% of current health expenditure)","SH.XPD.EHEX.CH.ZS","","","","","","","","","","","","","","","","","","","","","","","","","","","","","","","","","","","","","","","","","","","","","","","","","","","","","","","","","","","","","","","","","","",
"Turkiye","TUR","Newborns protected against tetanus (%)","SH.VAC.TTNS.ZS","","","","","","","","","","","","","","","","","","","","","","","","","","","","","11","15","20","75","75","75","43","42","43","47","48","49","50","52","52","53","77","62","68","70","71","71","90","90","90","90","90","90","90","95","95","95","95","97","97","97","97","",
"Turkiye","TUR","Prevalence of severe wasting, weight for height (% of children under 5)","SH.SVR.WAST.ZS","","","","","","","","","","","","","","","","","","","","","","","","","","","","","","","","","","1","","","","","0.8","","","","","","0.4","","","","0.3","","","","","0.5","","","","","0.6","","","","","","","",
"Turkiye","TUR","Prevalence of wasting, weight for height, male (% of children under 5)","SH.STA.WAST.MA.ZS","","","","","","","","","","","","","","","","","","","","","","","","","","","","","","","","","","4.2","","","","","3.4","","","","","","1.5","","","","1.4","","","","","1.6","","","","","1.7","","","","","","","",
"Turkiye","TUR","Suicide mortality rate (per 100,000 population)","SH.STA.SUIC.P5","","","","","","","","","","","","","","","","","","","","","","","","","","","","","","","","","","","","","","","","","2.88","2.66","2.58","2.73","2.79","2.85","2.91","2.87","2.9","3.08","3.1","3.11","3.18","3.09","3.22","3.19","3.35","3.36","3.38","3.54","2.98","2.69","","","","",
"Turkiye","TUR","Prevalence of stunting, height for age (modeled estimate, % of children under 5)","SH.STA.STNT.ME.ZS","","","","","","","","","","","","","","","","","","","","","","","","","","","","","","","","","","","","","","","","","17.4","17","16.7","16.4","16.1","15.6","14.9","14.1","13","11.9","10.8","9.9","9.2","8.6","8.1","7.6","7.2","6.8","6.5","6.1","5.9","5.7","5.6","5.6","5.5","",
"Turkiye","TUR","Prevalence of stunting, height for age, female (% of children under 5)","SH.STA.STNT.FE.ZS","","","","","","","","","","","","","","","","","","","","","","","","","","","","","","","","","","22.4","","","","","18.2","","","","","","16.4","","","","12.8","","","","","8.7","","","","","5.8","","","","","","","",
"Turkiye","TUR","Mortality rate attributed to unintentional poisoning, male (per 100,000 male population)","SH.STA.POIS.P5.MA","","","","","","","","","","","","","","","","","","","","","","","","","","","","","","","","","","","","","","","","","0.52","0.48","0.47","0.53","0.57","0.59","0.61","0.61","0.62","0.64","0.64","0.64","0.67","0.67","0.7","0.65","0.64","0.61","0.57","0.56","0.5","0.45","","","","",
"Turkiye","TUR","Prevalence of overweight, weight for height (modeled estimate, % of children under 5)","SH.STA.OWGH.ME.ZS","","","","","","","","","","","","","","","","","","","","","","","","","","","","","","","","","","","","","","","","","5.8","6.3","6.8","7.3","7.8","8.3","8.7","9.1","9.5","9.8","9.9","10","10","9.9","9.8","9.6","9.3","9.1","8.8","8.6","8.4","8.1","8","7.8","7.7","",
"Turkiye","TUR","Prevalence of overweight, weight for height, female (% of children under 5)","SH.STA.OWGH.FE.ZS","","","","","","","","","","","","","","","","","","","","","","","","","","","","","","","","","","4.1","","","","","3.4","","","","","","7.2","","","","8.5","","","","","10.2","","","","","6.8","","","","","","","",
"Turkiye","TUR","People practicing open defecation, urban (% of urban population)","SH.STA.ODFC.UR.ZS","","","","","","","","","","","","","","","","","","","","","","","","","","","","","","","","","","","","","","","","","0.157874281150161","0.157874281150161","0.149868418530353","0.141862555910542","0.133856693290735","0.125850830670927","0.11784496805112","0.109839105431309","0.101833242811502","0.0938273801916942","0.0858215175718868","0.0778156549520759","0.0698097923322685","0.0618039297124611","0.0537980670926537","0.0457922044728427","0.0377863418530353","0.0297804792332279","0.0217746166134205","0.0137687539936096","0.0057628913738021","0.0057628913738021","0.0057628913738021","0.0057628913738021","0.0057628913738021","",
"Turkiye","TUR","Prevalence of underweight, weight for age (% of children under 5)","SH.STA.MALN.ZS","","","","","","","","","","","","","","","","","","","","","","","","","","","","","","","","","","8.7","","9","","","7","","","","","","3.5","","","","1.9","","","","","2.3","","","","","1.5","","","","","","","",
"Turkiye","TUR","People with basic handwashing facilities including soap and water, urban (% of urban population)","SH.STA.HYGN.UR.ZS","","","","","","","","","","","","","","","","","","","","","","","","","","","","","","","","","","","","","","","","","","","","","","","","","","","","","","","","","","","","","","","","","","",
"Turkiye","TUR","Low-birthweight babies (% of births)","SH.STA.BRTW.ZS","","","","","","","","","","","","","","","","","","","","","","","","","","","","","","","","","","","","","","","","","15.74747598","15.67229605","15.55367575","15.39717082","15.21696478","15.03651999","14.88485403","14.75260123","14.63792673","14.51037095","14.36140603","14.18933257","14.01206576","13.83934537","13.6764257","13.52532975","13.38457405","13.24512065","13.12013169","13.00477241","12.89684222","","","","","",
"Turkiye","TUR","People using at least basic sanitation services, urban (% of urban population)","SH.STA.BASS.UR.ZS","","","","","","","","","","","","","","","","","","","","","","","","","","","","","","","","","","","","","","","","","95.9387263962405","95.9387263962405","96.1434341200655","96.3483535702695","96.5534847468524","96.7588276498143","96.9643822791552","97.170148634875","97.3761267169738","97.5823165254516","97.7887180603084","97.9953313215442","98.2021563091589","98.4091930231526","98.6164414635252","98.8239016302769","99.0315735234075","99.2394571429171","99.4475524888056","99.6558595610732","99.8583647109208","99.8583647109208","99.8583647109208","99.8583647109208","99.8583647109208","",
"Turkiye","TUR","Mortality rate attributed to household and ambient air pollution, age-standardized (per 100,000 population)","SH.STA.AIRP.P5","","","","","","","","","","","","","","","","","","","","","","","","","","","","","","","","","","","","","","","","","","","","","","","","","","","","","","","","","","","","45.5","","","","","","",
"Turkiye","TUR","Risk of impoverishing expenditure for surgical care (% of people at risk)","SH.SGR.IRSK.ZS","","","","","","","","","","","","","","","","","","","","","","","","","","","","","","","","","","","","","","","","","","","","","","","","","","","","","","","","","","","","","","","","","","",
"Turkiye","TUR","Prevalence of current tobacco use (% of adults)","SH.PRV.SMOK","","","","","","","","","","","","","","","","","","","","","","","","","","","","","","","","","","","","","","","","","32.8","","","","","32.3","","31.9","","","31.8","","","","","31.5","","","","","31.2","","31.1","31.1","31.1","",
"Turkiye","TUR","Number of maternal deaths","SH.MMR.DTHS","","","","","","","","","","","","","","","","","","","","","","","","","","840","790","750","700","660","600","570","560","560","550","540","530","520","500","500","450","420","390","370","360","350","340","320","310","300","290","290","280","260","270","270","270","250","240","220","230","230","230","160","","",
"Turkiye","TUR","Specialist surgical workforce (per 100,000 population)","SH.MED.SAOP.P5","","","","","","","","","","","","","","","","","","","","","","","","","","","","","","","","","","","","","","","","","","","","","","","","","","","","","","55.76","50.11","47.63","","","","","","","","","","",
"Turkiye","TUR","Hospital beds (per 1,000 people)","SH.MED.BEDS.ZS","1.70000004768372","","","","","1.79999995231628","","","","","2","","","","","2","","","","","2.20000004768372","","","","","2.09999990463257","2.09999990463257","2.09999990463257","2.09999990463257","2.09999990463257","2.4000000954","2.4000000954","2.4000000954","2.5","2.5","2.5","2.5","2.5","2.5","2.5999999046","","","2.45","2.44","2.43","2.47","2.49","2.52","2.56","2.6","2.73","2.62","2.66","2.64","2.65","2.62","2.67","2.72","2.75","2.78","2.92","2.94","3.01","3.05","","",
"Turkiye","TUR","Antiretroviral therapy coverage for PMTCT (% of pregnant women living with HIV)","SH.HIV.PMTC.ZS","","","","","","","","","","","","","","","","","","","","","","","","","","","","","","","","","","","","","","","","","","","","","","","","","","","","","","","","","","","","","","","","","","",
"Turkiye","TUR","Incidence of HIV, all (per 1,000 uninfected population)","SH.HIV.INCD.TL.P3","","","","","","","","","","","","","","","","","","","","","","","","","","","","","","","","","","","","","","","","","","","","","","","","","","","","","","","","","","","","","","","","","","",
"Turkiye","TUR","Antiretroviral therapy coverage (% of people living with HIV)","SH.HIV.ARTC.ZS","","","","","","","","","","","","","","","","","","","","","","","","","","","","","","","","","","","","","","","","","","","","","","","","","","","","","","","","","","","","","","","","","","",
"Turkiye","TUR","People using safely managed drinking water services (% of population)","SH.H2O.SMDW.ZS","","","","","","","","","","","","","","","","","","","","","","","","","","","","","","","","","","","","","","","","","","","","","","","","","","","","","","","","","","","","","","","","","","",
"Turkiye","TUR","People using at least basic drinking water services, urban (% of urban population)","SH.H2O.BASW.UR.ZS","","","","","","","","","","","","","","","","","","","","","","","","","","","","","","","","","","","","","","","","","95.120459370897","95.1848201672353","95.2491809635735","95.3135417599118","95.3779025562501","95.4422633525884","95.5066241489266","95.5709849452649","95.6353457416032","95.6997065379415","95.7640673342798","95.8284281306181","95.8927889269563","95.9571497232946","96.0215105196329","96.0858713159711","96.1502321123094","96.2145929086477","96.278953704986","96.3433145013243","96.4076752976625","96.4076752976625","96.4076752976625","96.4076752976625","96.4076752976625","",
"Turkiye","TUR","Mortality from CVD, cancer, diabetes or CRD between exact ages 30 and 70 (%)","SH.DYN.NCOM.ZS","","","","","","","","","","","","","","","","","","","","","","","","","","","","","","","","","","","","","","","","","22.5","21.5","20.5","19.9","19.3","18.9","18.6","18.2","18","18.6","18.6","18.5","18.2","18","17.9","17.7","17.4","17","16.7","16.6","15.2","15.4","","","","",
"Turkiye","TUR","Mortality rate, under-5, female (per 1,000 live births)","SH.DYN.MORT.FE","246.4","239.3","231.9","224.3","216.9","210","203.4","197.3","191.8","186.3","181.1","175.6","170","164.3","158.4","152.5","146.6","140.7","134.8","128.8","122.8","116.9","111.1","105.2","99.7","94.3","89.1","84.2","79.5","75","70.6","66.3","62.1","58.1","54.3","50.7","47.2","43.9","40.9","37.9","35.1","32.5","30.1","27.9","25.8","23.9","22.2","20.6","19.2","17.9","16.7","15.7","14.8","13.9","13.1","12.5","12","11.4","11","10.5","10.1","9.8","9.5","13.1","8.9","",
"Turkiye","TUR","Probability of dying among youth ages 20-24 years (per 1,000)","SH.DYN.2024","","","","","","","","","","","","","","","","","","","","","","","","","","","","","","","5.8","5.6","5.5","5.3","5.2","6.3","4.8","4.7","4.5","5.3","4.1","3.9","3.8","3.6","3.4","3.2","3.1","3","2.9","2.8","2.7","2.7","2.6","2.7","2.7","2.7","2.7","2.6","2.5","2.4","2.4","2.4","2.5","4.7","2.8","",
"Turkiye","TUR","Cause of death, by other COVID-19 pandemic-related outcomes (% of total)","SH.DTH.OCVD.ZS","","","","","","","","","","","","","","","","","","","","","","","","","","","","","","","","","","","","","","","","","0","","","","","","","","","","0","","","","","0","","","","0","2.80576015129627","5.71507041781144","","","","",
"Turkiye","TUR","Cause of death, by injury (% of total)","SH.DTH.INJR.ZS","","","","","","","","","","","","","","","","","","","","","","","","","","","","","","","","","","","","","","","","","6.1114076821755","","","","","","","","","","5.37854379586017","","","","","5.7480832708973","","","","4.82705605788395","3.70330320609989","3.22040159599453","","","","",
"Turkiye","TUR","Number of deaths ages 15-19 years","SH.DTH.1519","","","","","","","","","","","","","","","","","","","","","","","","","","","","","","","11427","10930","10472","10033","9640","9804","8895","8503","8044","8890","7006","6486","5961","5479","5035","4626","4267","3966","3739","3567","3412","3285","3205","3188","3229","3260","3185","3023","2835","2667","2570","2564","2630","5323","2866","",
"Turkiye","TUR","Condom use, population ages 15-24, female (% of females ages 15-24)","SH.CON.1524.FE.ZS","","","","","","","","","","","","","","","","","","","","","","","","","","","","","","","","","","","","","","","","","","","","","","","","","","","","","","","","","","","","","","","","","","",
"Turkiye","TUR","Total alcohol consumption per capita, male (liters of pure alcohol, projected estimates, male 15+ years of age)","SH.ALC.PCAP.MA.LI","","","","","","","","","","","","","","","","","","","","","","","","","","","","","","","","","","","","","","","","","4.32","4.32","4.23","4.11","3.84","3.62","3.43","3.5","3.58","3.7","3.74","3.77","3.67","3.58","3.44","3.34","3.24","3.25","3.21","3.21","2.99","","","","","",
"Turkiye","TUR","Women who believe a husband is justified in beating his wife (any of five reasons) (%)","SG.VAW.REAS.ZS","","","","","","","","","","","","","","","","","","","","","","","","","","","","","","","","","","","","","","","","","","","","39.2","","","","","19.9","","","","","13.3","","","","","","","","","","","","",
"Turkiye","TUR","Women who believe a husband is justified in beating his wife when she argues with him (%)","SG.VAW.ARGU.ZS","","","","","","","","","","","","","","","","","","","","","","","","","","","","","","","","","","","","","","","","","","","","29.1","","","","","11","","","","","6.2","","","","","","","","","","","","",
"Turkiye","TUR","Proportion of seats held by women in national parliaments (%)","SG.GEN.PARL.ZS","","","","","","","","","","","","","","","","","","","","","","","","","","","","","","","","","","","","","","2.36363636363636","2.36363636363636","4.18181818181818","4.18181818181818","4.18181818181818","","4.36363636363636","4.36363636363636","4.36363636363636","4.36363636363636","9.10746812386157","9.10746812386157","9.10746812386157","9.10746812386157","14.1818181818182","14.1818181818182","14.4160583941606","14.4160583941606","14.9090909090909","14.9090909090909","14.5719489981785","17.4496644295302","17.4496644295302","17.3174872665535","17.3333333333333","17.3539518900344","19.8333333333333","19.8664440734558","19.8988195615514",
"Turkiye","TUR","Government expenditure on education, total (% of government expenditure)","SE.XPD.TOTL.GB.ZS","","","","","","","","","","","","","","","","","","","","","","0","0","0","0","0","0","","","","","","","0","0","0","","","0","","","","","","","","","","","","","12.8658599853516","12.8528900146484","12.8919696807861","13.5273504257202","13.2618503570557","13.6914596557617","13.2585802078247","12.5308599472046","12.523699760437","11.6336297988892","11.3091802597046","11.3262901306152","","","",
"Turkiye","TUR","Government expenditure per student, secondary (% of GDP per capita)","SE.XPD.SECO.PC.ZS","","","","","","","","","","","","","","","","","","","","","","","","","","","","","","","","","","","","","","","","","","","","","","","","","","","","","11.75159","11.77253","11.23364","11.56828","13.5129","","","","","","","","","",
"Turkiye","TUR","Current education expenditure, tertiary (% of total expenditure in tertiary public institutions)","SE.XPD.CTER.ZS","","","","","","","","","","","","","","","","","","","","","","","","","","","","","","","","","","","","","","","","","","","","","","","","","","","","79.0261383056641","75.4574279785156","79.1642913818359","78.2774200439453","80.5641326904297","80.466178894043","81.6714782714844","84.2198486328125","90.0338821411133","90.9403228759766","88.035026550293","86.7926635742188","","","",
"Turkiye","TUR","School enrollment, tertiary, male (% gross)","SE.TER.ENRR.MA","","","","","","","","","","","","7.75528001785278","7.43157005310059","7.25930976867676","7.4815502166748","10.7015895843506","13.1710395812988","13.7504596710205","12.9096899032593","11.5340299606323","9.21444034576416","","7.68923997879028","7.78094005584717","8.54537010192871","10.7428398132324","11.7016000747681","12.1498899459839","12.6518297195435","13.7591800689697","15.5855798721313","16.741340637207","17.7362995147705","19.8312206268311","23.2758293151856","23.3176803588867","","29.0762195587158","26.1803398132324","26.6958503723144","","29.1831607818604","29.9242401123047","33.7578582763672","35.4285697937012","37.9022102355957","42.1627998352051","44.2884216308594","45.4244194030762","51.8508415222168","61.6783218383789","65.9044494628906","74.8766479492188","84.8869781494141","92.2421722412109","101.024688720703","109.631813049316","116.50129699707","120.712043762207","119.851821899414","119.907112121582","124.792427062988","125.242462158203","101.941070556641","","",
"Turkiye","TUR","Educational attainment, at least completed short-cycle tertiary, population 25+, total (%) (cumulative)","SE.TER.CUAT.ST.ZS","","","","","","","","","","","","","","","","1.78662002086639","","","","","3.59999990463257","","","","","10.8165302276611","","","","","","","","","","","","","","","","","","","7.33287000656128","7.92870998382568","8.54139041900635","8.92607975006104","9.84591007232666","10.7113103866577","11.5272998809815","12.7643203735352","13.3758897781372","14.8832502365112","15.8283195495606","17.3935794830322","18.1570796966553","19.0878391265869","17.3059776845331","20.7643604278564","19.7006704120313","20.4976116552789","20.9415740107689","21.8643391177776","","",
"Turkiye","TUR","Prevalence of severe wasting, weight for height, male (% of children under 5)","SH.SVR.WAST.MA.ZS","","","","","","","","","","","","","","","","","","","","","","","","","","","","","","","","","","1.5","","","","","1.1","","","","","","0.7","","","","0.6","","","","","0.5","","","","","0.5","","","","","","","",
"Turkiye","TUR","Prevalence of wasting, weight for height, female (% of children under 5)","SH.STA.WAST.FE.ZS","","","","","","","","","","","","","","","","","","","","","","","","","","","","","","","","","","3.6","","","","","2.5","","","","","","0.6","","","","0.4","","","","","2.2","","","","","1.6","","","","","","","",
"Turkiye","TUR","Suicide mortality rate, male (per 100,000 male population)","SH.STA.SUIC.MA.P5","","","","","","","","","","","","","","","","","","","","","","","","","","","","","","","","","","","","","","","","","4.67","4.34","4.16","4.37","4.43","4.49","4.58","4.52","4.59","4.89","4.93","4.96","5.09","4.89","5.08","4.97","5.25","5.29","5.34","5.6","4.76","4.29","","","","",
"Turkiye","TUR","Prevalence of stunting, height for age, male (modeled estimate, % of children under 5)","SH.STA.STNT.ME.MA.ZS","","","","","","","","","","","","","","","","","","","","","","","","","","","","","","","","","","","","","","","","","18","17.7","17.4","17.1","16.8","16.3","15.7","14.8","13.8","12.5","11.5","10.5","9.7","9","8.5","8","7.6","7.2","6.8","6.5","6.2","6","5.9","5.9","5.8","",
"Turkiye","TUR","People using safely managed sanitation services (% of population)","SH.STA.SMSS.ZS","","","","","","","","","","","","","","","","","","","","","","","","","","","","","","","","","","","","","","","","","44.2316763508226","44.2185867938143","44.692676166061","45.1549218351724","46.7022344718895","48.2697536880361","49.8574485131791","51.1848641003389","52.5550469623722","53.9681046817709","55.4238942144397","56.9223909573911","58.4634251444989","60.0473258021756","61.6738213743526","63.3428453001823","65.0542537692526","66.8080407473976","68.6040287984082","70.4421777378061","72.3191660966207","73.9189962763872","75.543162457051","77.191657124415","78.8643590744389","",
"Turkiye","TUR","Mortality rate attributed to unintentional poisoning, female (per 100,000 female population)","SH.STA.POIS.P5.FE","","","","","","","","","","","","","","","","","","","","","","","","","","","","","","","","","","","","","","","","","0.38","0.35","0.36","0.36","0.36","0.36","0.35","0.35","0.34","0.35","0.34","0.32","0.31","0.3","0.3","0.29","0.29","0.28","0.27","0.26","0.24","0.23","","","","",
"Turkiye","TUR","Prevalence of overweight, weight for height, male (modeled estimate, % of children under 5)","SH.STA.OWGH.ME.MA.ZS","","","","","","","","","","","","","","","","","","","","","","","","","","","","","","","","","","","","","","","","","6.2","6.7","7.2","7.8","8.3","8.8","9.3","9.7","10.1","10.4","10.6","10.7","10.6","10.5","10.4","10.2","9.9","9.7","9.4","9.1","8.9","8.7","8.5","8.3","8.2","",
"Turkiye","TUR","Diarrhea treatment (% of children under 5 who received ORS packet)","SH.STA.ORTH","","","","","","","","","","","","","","","","","","","","","","","","","","","","26","","","","","","11.3","","","","","14.3","","","","","","","","","","","","","","","","","","","","","","","","","","","",
"Turkiye","TUR","People practicing open defecation, rural (% of rural population)","SH.STA.ODFC.RU.ZS","","","","","","","","","","","","","","","","","","","","","","","","","","","","","","","","","","","","","","","","","1.42019632587859","1.42019632587859","1.37781691693292","1.33543750798722","1.29305809904153","1.25067869009585","1.20829928115016","1.16591987220448","1.12354046325879","1.0811610543131","1.03878164536742","0.99640223642173","0.954022827476038","0.91164341853036","0.869264009584668","0.826884600638977","0.784505191693299","0.742125782747607","0.699746373801915","0.657366964856237","0.614987555910545","0.614987555910545","0.614987555910545","0.614987555910545","0.614987555910545","",
"Turkiye","TUR","Prevalence of underweight, weight for age, male (% of children under 5)","SH.STA.MALN.MA.ZS","","","","","","","","","","","","","","","","","","","","","","","","","","","","","","","","","","9.5","","","","","6.9","","","","","","3.1","","","","1.7","","","","","2.3","","","","","1.3","","","","","","","",
"Turkiye","TUR","People with basic handwashing facilities including soap and water, rural (% of rural population)","SH.STA.HYGN.RU.ZS","","","","","","","","","","","","","","","","","","","","","","","","","","","","","","","","","","","","","","","","","","","","","","","","","","","","","","","","","","","","","","","","","","",
"Turkiye","TUR","Births attended by skilled health staff (% of total)","SH.STA.BRTC.ZS","","","","","","","","","","","","","","","","","","","","","","","","","","","","","","","","","","76","","","","","80.6","","","","","83","83","","","89.3","91.3","95","","","","97.4","97.4","99","","98","99.2","97","","","","","","",
"Turkiye","TUR","People using at least basic sanitation services, rural (% of rural population)","SH.STA.BASS.RU.ZS","","","","","","","","","","","","","","","","","","","","","","","","","","","","","","","","","","","","","","","","","69.2615169618788","69.2615169618788","70.7048145735405","72.1513145373927","73.6010168534364","75.0539215216707","76.5100285420963","77.9693379147126","79.4318496395199","80.8975637165186","82.3664801457079","83.8385989270886","85.3139200606599","86.7924435464226","88.2741693843759","89.7590975745207","91.247228116856","92.7385610113823","94.2330962581","95.7308338570084","97.2317738081082","97.2317738081082","97.2317738081082","97.2317738081082","97.2317738081082","",
"Turkiye","TUR","Mortality rate attributed to household and ambient air pollution, age-standardized, male (per 100,000 male population)","SH.STA.AIRP.MA.P5","","","","","","","","","","","","","","","","","","","","","","","","","","","","","","","","","","","","","","","","","","","","","","","","","","","","","","","","","","","","55.1","","","","","","",
"Turkiye","TUR","Risk of catastrophic expenditure for surgical care (% of people at risk)","SH.SGR.CRSK.ZS","","","","","","","","","","","","","","","","","","","","","","","","","","","","","","","","","","","","","","","","","","","","","","","","","","","","","","","","","","","","","","","","","","",
"Turkiye","TUR","Prevalence of anemia among pregnant women (%)","SH.PRG.ANEM","","","","","","","","","","","","","","","","","","","","","","","","","","","","","","","","","","","","","","","","","35.3","35","34.8","34.6","34.4","34.2","33.9","33.6","33.3","32.9","32.5","32.2","31.9","31.6","31.5","31.3","31.3","31.3","31.3","31.3","31.4","31.5","31.7","31.9","","",
"Turkiye","TUR","Children with fever receiving antimalarial drugs (% of children under age 5 with fever)","SH.MLR.TRET.ZS","","","","","","","","","","","","","","","","","","","","","","","","","","","","","","","","","","","","","","","","","","","","","","","","","","","","","","","","","","","","","","","","","","",
"Turkiye","TUR","Physicians (per 1,000 people)","SH.MED.PHYS.ZS","0.3","0.3","0.4","0.4","0.3","0.4","0.4","0.4","0.4","0.4","","","","","","","","","","","","","","","","","","","","","0.904","0.956","0.983","1.035","1.097","1.112","1.116","1.138","1.178","1.233","1.303","1.356","1.371","1.393","1.416","1.455","1.492","1.532","1.581","1.637","1.683","1.698","1.726","1.751","1.738","1.765","1.774","1.805","1.814","1.884","1.989","2.118","2.236","","","",
"Turkiye","TUR","Immunization, measles (% of children ages 12-23 months)","SH.IMM.MEAS","","","","","","","","","","","","","","","","","","","","","27","52","64","63","62","61","64","67","82","71","78","73","78","72","76","65","72","79","81","82","87","91","83","75","81","91","98","96","97","97","97","98","96","98","94","97","98","96","96","97","95","96","95","95","95","",
"Turkiye","TUR","Incidence of HIV, ages 15-49 (per 1,000 uninfected population ages 15-49)","SH.HIV.INCD.ZS","","","","","","","","","","","","","","","","","","","","","","","","","","","","","","","","","","","","","","","","","","","","","","","","","","","","","","","","","","","","","","","","","","",
"Turkiye","TUR","Adults (ages 15+) and children (ages 0-14) newly infected with HIV","SH.HIV.INCD.TL","","","","","","","","","","","","","","","","","","","","","","","","","","","","","","","","","","","","","","","","","","","","","","","","","","","","","","","","","","","","","","","","","","",
"Turkiye","TUR","Prevalence of HIV, male (% ages 15-24)","SH.HIV.1524.MA.ZS","","","","","","","","","","","","","","","","","","","","","","","","","","","","","","","","","","","","","","","","","","","","","","","","","","","","","","","","","","","","","","","","","","",
"Turkiye","TUR","People using safely managed drinking water services, urban (% of urban population)","SH.H2O.SMDW.UR.ZS","","","","","","","","","","","","","","","","","","","","","","","","","","","","","","","","","","","","","","","","","","","","","","","","","","","","","","","","","","","","","","","","","","",
"Turkiye","TUR","People using at least basic drinking water services, rural (% of rural population)","SH.H2O.BASW.RU.ZS","","","","","","","","","","","","","","","","","","","","","","","","","","","","","","","","","","","","","","","","","87.7473502342192","87.7473502342192","88.10291540141","88.4584805686009","88.8140457357917","89.1696109029825","89.5251760701734","89.8807412373642","90.236306404555","90.591871571746","90.9474367389368","91.3030019061277","91.6585670733185","92.0141322405093","92.3696974077002","92.725262574891","93.0808277420819","93.4363929092728","93.7919580764636","94.1475232436544","94.5030884108453","94.5030884108453","94.5030884108453","94.5030884108453","94.5030884108453","",
"Turkiye","TUR","Mortality from CVD, cancer, diabetes or CRD between exact ages 30 and 70, male (%)","SH.DYN.NCOM.MA.ZS","","","","","","","","","","","","","","","","","","","","","","","","","","","","","","","","","","","","","","","","","29.6","28.3","26.9","26.2","25.4","24.9","24.5","23.9","23.7","24.4","24.3","24.1","24","23.8","23.8","23.5","23","22.6","22.3","22.1","20.8","20.7","","","","",
"Turkiye","TUR","Mortality rate, under-5 (per 1,000 live births)","SH.DYN.MORT","254.7","246.9","238.8","230.6","222.8","215.3","208.5","202.3","196.6","191","185.6","180.4","175","169.5","163.9","158","152.1","146.2","140.2","134.1","128","121.9","115.8","109.7","103.9","98.3","93","88","83.1","78.4","73.9","69.4","65.2","61.1","57.1","53.4","49.8","46.4","43.1","40.1","37.2","34.5","32","29.6","27.4","25.3","23.5","21.8","20.3","18.9","17.6","16.6","15.6","14.7","14","13.3","12.7","12.2","11.7","11.3","10.9","10.6","10.2","13.8","9.6","",
"Turkiye","TUR","Probability of dying among adolescents ages 15-19 years (per 1,000)","SH.DYN.1519","","","","","","","","","","","","","","","","","","","","","","","","","","","","","","","9.5","9","8.6","8.1","7.7","7.7","6.8","6.4","6","6.7","5.3","4.9","4.6","4.3","4","3.7","3.4","3.2","3","2.9","2.7","2.6","2.5","2.5","2.4","2.4","2.3","2.2","2.1","2","2","2","2.1","4.2","2.3","",
"Turkiye","TUR","Number of neonatal deaths","SH.DTH.NMRT","79634","80878","80995","81199","81509","81826","82574","83047","83795","84532","85061","85132","84048","82334","79844","77084","74356","72153","70693","69128","67280","65647","63241","61613","59889","58146","56510","54487","52546","50196","46256","43644","41099","39146","37005","34990","32883","31280","29724","27869","25401","23004","20501","18691","17487","16408","15268","14098","12940","11888","10731","9876","9547","9124","9197","9017","8763","8426","8069","7553","6841","6152","5372","5103","4912","",
"Turkiye","TUR","Number of infant deaths","SH.DTH.IMRT","218395","219268","219112","217155","215247","213036","211082","208922","206716","204974","203350","201723","198730","194107","188258","181423","174680","168624","164085","159823","154474","148282","140863","133138","126147","119375","113069","106862","100771","94883","87474","80663","75572","71480","67848","64055","60111","56184","52430","48449","43714","39156","35043","31476","28956","26980","25147","23380","21666","20079","18489","17056","16263","15709","15362","15103","14607","14024","13312","12368","11217","10241","9442","10526","8552","",
"Turkiye","TUR","Number of deaths ages 10-14 years","SH.DTH.1014","","","","","","","","","","","","","","","","","","","","","","","","","","","","","","","3167","3243","3313","3369","3409","3433","3446","3437","3417","4886","3342","3282","3217","3152","3084","3008","2920","2806","2674","2528","2366","2180","1979","1790","1627","1496","1395","1326","1288","1281","1306","1354","1410","4537","1520","",
"Turkiye","TUR","Prevalence of anemia among non-pregnant women (% of women ages 15-49)","SH.ANM.NPRG.ZS","","","","","","","","","","","","","","","","","","","","","","","","","","","","","","","","","","","","","","","","","32.6","32.2","31.9","31.7","31.5","31.3","31.1","30.8","30.4","30","29.6","29.3","28.9","28.7","28.5","28.4","28.3","28.3","28.3","28.3","28.4","28.6","28.9","29.2","","",
"Turkiye","TUR","Total alcohol consumption per capita (liters of pure alcohol, projected estimates, 15+ years of age)","SH.ALC.PCAP.LI","","","","","","","","","","","","","","","","","","","","","","","","","","","","","","","","","","","","","","","","","2.46","2.46","2.41","2.34","2.19","2.06","1.95","1.99","2.03","2.1","2.12","2.14","2.08","2.03","1.95","1.9","1.84","1.84","1.82","1.82","1.69","","","","","",
"Turkiye","TUR","Women who believe a husband is justified in beating his wife when she neglects the children (%)","SG.VAW.NEGL.ZS","","","","","","","","","","","","","","","","","","","","","","","","","","","","","","","","","","","","","","","","","","","","23.2","","","","","14.5","","","","","8.8","","","","","","","","","","","","",
"Turkiye","TUR","Proportion of women subjected to physical and/or sexual violence in the last 12 months (% of ever-partnered women ages 15-49)","SG.VAW.1549.ZS","","","","","","","","","","","","","","","","","","","","","","","","","","","","","","","","","","","","","","","","","","","","","","","","","","","","","","","11","","","","","","","","","","","",
"Turkiye","TUR","Women making their own informed decisions regarding sexual relations, contraceptive use and reproductive health care (% of women age 15-49)","SG.DMK.SRCR.FN.ZS","","","","","","","","","","","","","","","","","","","","","","","","","","","","","","","","","","","","","","","","","","","","","","","","","","","","","","","","","","","","","","","","","","",
"Turkiye","TUR","Expenditure on tertiary education (% of government expenditure on education)","SE.XPD.TERT.ZS","","","","","","","","","","","","","","","","","","","19.10145","12.95043","","31.30274","28.01306","26.20525","26.4773","26.65639","23.0026","","","","","","","25.18176","36.2577","34.7013","","","","27.89706","30.91114","32.16322","33.77179","32.44209","27.89069","","31.89635","","","","","","","","","","","","","","","","","","","",
"Turkiye","TUR","Expenditure on primary education (% of government expenditure on education)","SE.XPD.PRIM.ZS","","","","","","","","","","","","","","","","","","","44.96141","47.94301","","42.58732","40.22899","41.4327","45.75588","45.21639","46.09236","","","","","","","50.0756","42.11862","43.0346","","","","","","","","","","","","","","","","","","","","","","","","","","","","","","",
"Turkiye","TUR","Current education expenditure, secondary (% of total expenditure in secondary public institutions)","SE.XPD.CSEC.ZS","","","","","","","","","","","","","","","","","","","","","","","","","","","","","","","","","","","","","","","","","","","","","","","","","","","","88.536262512207","87.8378524780273","86.8388519287109","84.8873596191406","85.8560104370117","86.5941772460938","88.6977920532227","85.9748916625977","91.1852264404297","91.6481170654297","92.3637313842773","89.9790725708008","","","",
"Turkiye","TUR","School enrollment, tertiary, female (% gross)","SE.TER.ENRR.FE","","","","","","","","","","","","1.92823004722595","1.91088998317719","1.89530003070831","2.07495999336243","2.51760005950928","2.8046600818634","3.42141008377075","3.77045011520386","3.76165008544922","3.0950300693512","","2.91894006729126","3.63849997520447","4.68569993972778","5.30182981491089","5.9849100112915","6.4986400604248","6.70707988739014","7.34979009628296","8.27610969543457","8.89358043670654","9.59401035308838","10.9650802612305","14.450309753418","15.0267200469971","","16.3058795928955","17.6821708679199","18.1173400878906","","20.7620391845703","21.8128299713135","25.5461406707764","25.9345798492432","28.3609199523926","32.256721496582","34.2711715698242","35.912841796875","41.8152809143066","51.5875282287598","56.9135704040527","65.1214981079102","74.1832504272461","81.5194778442383","89.8533096313477","97.5038528442383","104.26927947998","109.953590393066","114.014442443848","117.806449890137","126.784469604492","130.030578613281","109.999862670898","","",
"Turkiye","TUR","Educational attainment, at least completed short-cycle tertiary, population 25+, male (%) (cumulative)","SE.TER.CUAT.ST.MA.ZS","","","","","","","","","","","","","","","","2.95699000358581","","","","","5.73171997070312","","","","","14.9644603729248","","","","","","","","","","","","","","","","","","","9.57400989532471","10.239649772644","10.8875303268433","11.3096799850464","12.1463298797607","13.0833501815796","14.042329788208","15.469220161438","16.0273094177246","17.5647106170654","18.4833602905273","20.1278896331787","20.7892799377441","21.6357803344727","19.6749859318216","23.0715599060059","22.0247511800215","22.6306670811074","22.8418900604279","23.6546471016906","","",
"Turkiye","TUR","Educational attainment, at least Master's or equivalent, population 25+, female (%) (cumulative)","SE.TER.CUAT.MS.FE.ZS","","","","","","","","","","","","","","","","","","","","","","","","","","","","","","","","","","","","","","","","","","","","","","","","","","","","","","1.23993003368378","1.32244002819061","1.44358003139496","1.48152005672455","1.91373002529144","","2.21309995651245","","","13.7127070455809","14.4584015753564","","",
"Turkiye","TUR","Educational attainment, at least Bachelor's or equivalent, population 25+, total (%) (cumulative)","SE.TER.CUAT.BA.ZS","","","","","","","","","","","","","","","","","","","","","","","","","","","","","","","","","","","","","","","","","","","","","","","","","","","","","","","","","","","","","","20.4976116552789","20.9415740107689","21.8643391177776","","",
"Turkiye","TUR","Electricity production from natural gas sources (% of total)","EG.ELC.NGAS.ZS","","","","","","","","","","","","","","","","","","","","","","","","","","","","","","","17.7119719166536","20.8959930949773","16.0568441685724","14.6163017559072","17.6478849861468","19.222697601076","18.1041934599734","21.3812732342007","22.383851849183","31.276193747853","36.9958854325099","40.3748217559584","40.5695517774343","45.195296661711","41.3018089158449","45.3487366939169","45.7694031162968","49.6063855333633","49.7359110564566","49.3270435086134","46.467936820575","45.3579664593078","43.6328790459966","43.7702474245692","47.8546453249088","37.9008568165236","32.516180286289","37.1670193119548","30.3417639705906","18.8511239005321","23.1269338741388","33.2155244784493","22.8571254556473","20.9734016210275","19.4413952221952","",
"Turkiye","TUR","Electricity production from coal sources (% of total)","EG.ELC.COAL.ZS","","","","","","","","","","","","","","","","","","","","","","","","","","","","","","","35.0711641728794","35.7882681007868","36.4868878263194","32.1929872100585","36.0503568646978","32.5193919788514","32.0602559507495","32.77958488228","32.1449802741799","31.8026451391274","30.5686748531083","31.3025056019556","24.8446676970634","22.9419338317411","22.8589629590306","26.6689718195065","26.4607286484892","27.8928575157394","29.0880867663216","28.5834548179784","26.0629332222264","28.8661816184452","28.398386611885","26.560457040066","30.2675392815612","29.0950902083023","33.6262062330544","32.7896204549965","37.1547337443119","37.1487708006331","34.4998255641451","30.8858369457731","34.3746098258415","35.9537125394084","34.5013685673751","",
"Turkiye","TUR","Energy intensity level of primary energy (MJ/$2021 PPP GDP)","EG.EGY.PRIM.PP.KD","","","","","","","","","","","","","","","","","","","","","","","","","","","","","","","","","","","","","","","","","3.25","3.17","3.15","3.16","2.95","2.82","2.92","2.99","2.91","3.06","3.03","2.9","2.9","2.61","2.57","2.62","2.7","2.69","2.57","2.59","2.55","2.48","2.27","","","",
"Turkiye","TUR","Multilateral debt service (% of public and publicly guaranteed debt service)","DT.TDS.MLAT.PG.ZS","","","","","","","","","","","38.4646884389177","38.0170500537437","33.2988834489286","14.0715106153546","14.9886097063614","19.5810760937081","20.9869658017026","24.8298001223871","25.6596617422187","21.7645655797902","18.3490987589577","13.0385516782749","12.642712239222","16.4149497105092","18.3652334795786","14.5465552020425","22.0600626242806","21.2196083875371","20.4168551678407","21.3150126908235","23.2595811303911","21.9255477347932","23.5773391892605","26.4836737683691","24.1435578760334","20.6806496046227","21.7266882159671","18.2785705702026","14.2005937706058","15.9297442411139","14.5553028044334","14.8802074622673","10.0284459118179","8.02255007007813","8.15721101027829","10.4131351634412","13.1355098247569","11.9277927186666","11.5363021682989","13.3711453123166","14.0354129573965","14.6480046422439","16.7268916009084","18.5641424530264","17.7890261033461","16.6938127587928","18.2390924996701","18.8214655345002","15.3199123977757","15.5815067265797","15.8793068179194","13.269245720262","13.713450680474","13.3093025696617","13.3572851411606","",
"Turkiye","TUR","Debt service on external debt, public and publicly guaranteed (PPG) (TDS, current US$)","DT.TDS.DPPG.CD","","","","","","","","","","","144710196.7","161557801.6","219979548","206349305.3","240378394.7","262294021.3","312159774.4","364938173.7","468651397.7","716912400.7","1052882991.9","1729510716.1","2293048606.3","2310229297","2263829475.2","3552883092.4","3398357984.6","4635150456.3","6163559092.5","6107376067.2","6507454324.8","7011286662","7464745051.9","6911318518","7654166678.7","9112941572.1","8375395709.7","8702553783.9","10544925496","8513569727","9735514971","11512350344.2","10070132778.1","12457859324.9","12149388355.3","12594791696.4","10737411860.8","11867401344.8","13072943367.8","11429176668.9","10720410626.8","11291091978.7","10484465024.6","9624988699.7","11750965448.9","10930891032.9","12940203640.3","16799391757.8","15826252982.7","18566553068.1","18323748850.4","23380035062.3","21382346139","24272347894.2","29657965074","",
"Turkiye","TUR","Total debt service (% of exports of goods, services and primary income)","DT.TDS.DECT.EX.ZS","","","","","","","","","","","","","","","12.3716808213256","18.6632319772052","23.2373386225895","41.5926809289141","47.9092661361219","45.1523206702593","43.7705063153595","39.8629459395248","37.4422124911705","39.4974741631009","33.0446896483854","40.30303137777","40.9558738631993","41.2010144272233","41.9192602283486","37.5678379860155","33.7974418252197","36.0776080003482","35.897262156855","31.3978849478064","34.1016867693893","30.0793444720252","23.3521451751664","22.2972053923037","26.4036463161242","38.9013129586887","38.8995854810205","42.3717776363912","48.6420938332518","38.904314784324","34.5701562906449","37.5472400193742","33.2805483038038","32.7798856694681","30.4048020666735","42.0958403299298","37.2333390546006","31.3834630221049","26.771512062507","27.1626121370026","23.8539286016856","25.3789734982834","36.4254391256231","37.362997807429","33.4794771797331","33.2432164759356","40.7367712535302","25.3396609190239","19.6812294560508","20.909547158823","23.4318472180701","",
"Turkiye","TUR","Net ODA received (% of imports of goods, services and primary income)","DT.ODA.ODAT.MP.ZS","","","","","","","","","","","","","","","1.21437209355696","1.14618854945065","2.21493846712297","1.4221712864867","3.38688525767313","9.42215734674025","10.3008322632773","6.91619875949717","5.803531415255","3.0601082238504","1.82430583923182","1.25540224524966","2.38970892348572","2.14705879585848","1.52742844091119","0.678195365105579","4.50395514727949","5.79919327629176","1.17954571915532","1.19448819727964","0.651181897910427","0.699816983347306","0.462026627046159","0.011159351286597","0.0467364360391127","0.0232111559142121","0.484095306416718","0.256550438955848","0.453503611313386","0.206139256489153","0.262892283131743","0.300495401176196","0.362381694316697","0.417693922617911","0.494322370520054","0.828832371022514","0.501103499260058","1.25113461578705","1.20309997803745","0.989575460675368","1.23225649493385","0.882428066249135","1.55864472628162","1.17088421360768","0.451978113526228","0.286930969075505","0.223741813128864","0.35446865626671","0.201308300032607","0.381336351536194","","",
"Turkiye","TUR","Net official development assistance received (current US$)","DT.ODA.ODAT.CD","137309997.558594","188279998.779297","229589996.337891","222669998.168945","162080001.831055","189410003.662109","202970001.220703","197729995.727539","174630004.882813","172149993.896484","175800003.051758","203589996.337891","232509994.506836","82919998.1689453","50189998.626709","58490001.6784668","126029998.779297","93010002.1362305","175610000.610352","583419982.910156","952929992.675781","727099975.585938","647500000","355859985.351563","240479995.727539","180100006.103516","339959991.455078","378869995.117188","281779998.779297","144910003.662109","1303849975.58594","1610030029.29688","356269989.013672","447730010.986328","198350006.103516","313559997.558594","246080001.831055","6760000.22888184","28090000.1525879","12449999.8092651","328570007.324219","133259994.506836","273440002.441406","167636566.162109","288876556.396484","399328338.623047","569261779.785156","795656799.316406","1117479980.46875","1356234985.35156","1037630004.88281","3288269531.25","3112166992.1875","2847839843.75","3446769287.10938","2141264648.4375","3609088623.04688","3159279785.15625","1195925048.82813","701477355.957031","543520324.707031","1060641113.28125","801440551.757813","1550410644.53125","","",
"Turkiye","TUR","Net official development assistance and official aid received (current US$)","DT.ODA.ALLD.CD","137309997.558594","188279998.779297","229589996.337891","222669998.168945","162080001.831055","189410003.662109","202970001.220703","197729995.727539","174630004.882813","172149993.896484","175800003.051758","203589996.337891","232509994.506836","82919998.1689453","50189998.626709","58490001.6784668","126029998.779297","93010002.1362305","175610000.610352","583419982.910156","952929992.675781","727099975.585938","647500000","355859985.351563","240479995.727539","180100006.103516","339959991.455078","378869995.117188","281779998.779297","144910003.662109","1303849975.58594","1610030029.29688","356269989.013672","447730010.986328","198350006.103516","313559997.558594","246080001.831055","6760000.22888184","28090000.1525879","12449999.8092651","328570007.324219","133259994.506836","273440002.441406","167636566.162109","288876556.396484","399328338.623047","569261779.785156","795656799.316406","1117479980.46875","1356234985.35156","1037630004.88281","3288269531.25","3112166992.1875","2847839843.75","3446769287.10938","2141264648.4375","3609088623.04688","3159279785.15625","1195925048.82813","701477355.957031","543520324.707031","1060641113.28125","801440551.757813","1550410644.53125","","",
"Turkiye","TUR","Net official flows from UN agencies, UNWTO (current US$)","DT.NFL.UNWT.CD","","","","","","","","","","","","","","","","","","","","","","","","","","","","","","","","","","","","","","","","","","","","","","","","","","","","","","","","","","","","","","","","","","",
"Turkiye","TUR","Net official flows from UN agencies, UNPBF (current US$)","DT.NFL.UNPB.CD","","","","","","","","","","","","","","","","","","","","","","","","","","","","","","","","","","","","","","","","","","","","","","","","","","","","","","","","","","","","","","","","","","",
"Turkiye","TUR","Net official flows from UN agencies, UNEP (current US$)","DT.NFL.UNEP.CD","","","","","","","","","","","","","","","","","","","","","","","","","","","","","","","","","","","","","","","","","","","","","","","","","","","","","","","","","","","","","","","","","","",
"Turkiye","TUR","Net official flows from UN agencies, UNCTAD (current US$)","DT.NFL.UNCTAD.CD","","","","","","","","","","","","","","","","","","","","","","","","","","","","","","","","","","","","","","","","","","","","","","","","","","","","","","","","","","","","","","","","","","",
"Turkiye","TUR","Net official flows from UN agencies, UNAIDS (current US$)","DT.NFL.UNAI.CD","","","","","","","","","","","","","","","","","","","","","","","","","","","","","","","","","","","","","","","","","","","","","","79999.9982118607","79999.9982118607","109999.999403954","59999.9986588955","19999.9995529652","129999.995231628","","","","","","","","","","","","","","","",
"Turkiye","TUR","Net bilateral aid flows from DAC donors, France (current US$)","DC.DAC.FRAL.CD","","","","","6099999.90463257","","7500000","7099999.90463257","2900000.09536743","3500000","2700000.04768372","6699999.80926514","4369999.88555908","-2599999.90463257","3549999.95231628","610000.014305115","899999.976158142","1100000.02384186","2299999.95231628","-3000000","33200000.7629395","17850000.3814697","21739999.7711182","16379999.1607666","4550000.19073486","800000.011920929","7949999.80926514","10369999.8855591","19870000.8392334","37389999.3896484","65000000","50799999.2370605","54340000.1525879","52290000.9155273","43110000.6103516","18280000.6866455","31530000.6866455","22409999.8474121","28610000.6103516","23420000.0762939","7789999.96185303","3069999.9332428","9100000.38146973","8189999.5803833","10659999.8474121","54549999.2370605","32849998.4741211","134229995.727539","293769989.013672","154619995.117188","88389999.3896484","244600006.103516","-21340000.1525879","-35490001.6784668","182570007.324219","-66785507.2021484","101390304.56543","414980468.75","150017440.795898","41525142.6696777","139416442.871094","45249050.1403809","128745880.126953","30991697.3114014","","",
"Turkiye","TUR","Net bilateral aid flows from DAC donors, Denmark (current US$)","DC.DAC.DNKL.CD","","460000.00834465","-119999.997317791","-100000.001490116","-300000.011920929","419999.986886978","250000","370000.004768372","100000.001490116","-29999.9993294477","330000.013113022","349999.994039536","-119999.997317791","-129999.995231628","-9999.99977648258","","119999.997317791","1789999.96185303","829999.983310699","109999.999403954","19999.9995529652","","9999.99977648258","129999.995231628","-180000.007152557","-200000.002980232","-259999.990463257","-310000.002384186","","-150000.005960464","","-19999.9995529652","-319999.992847443","79999.9982118607","-170000.001788139","1350000.02384186","-409999.996423721","-180000.007152557","-159999.996423721","-2390000.10490417","-1730000.01907349","19999.9995529652","19999.9995529652","200000.002980232","509999.990463257","1289999.96185303","189999.997615814","1480000.01907349","1330000.04291534","1429999.94754791","1000000","829999.983310699","736972.987651825","2256.99995644391","3559541.94068909","109635.002911091","16005218.5058594","21481140.1367188","39356082.9162598","762964.010238647","897180.97448349","2647665.02380371","6867011.07025146","13843562.1261597","","",
"Turkiye","TUR","Net bilateral aid flows from DAC donors, European Union institutions (current US$)","DC.DAC.CECL.CD","","","","","","209999.993443489","6570000.17166138","22379999.1607666","27100000.3814697","3180000.0667572","4920000.07629395","6360000.1335144","4059999.94277954","1110000.01430511","","1059999.94277954","67110000.6103516","37299999.2370605","6550000.19073486","104629997.253418","-2049999.95231628","23459999.0844727","11060000.4196167","27750000","17350000.3814697","4260000.22888184","72660003.6621094","8560000.4196167","-1169999.95708466","-18079999.9237061","-23950000.7629395","205050003.051758","-23760000.2288818","-17850000.3814697","-23319999.6948242","-13079999.9237061","5929999.82833862","60779998.7792969","81919998.1689453","20340000.1525879","186679992.675781","142589996.337891","150779998.779297","140369995.117188","303049987.792969","391980010.986328","383339996.337891","543840026.855469","434630004.882813","786950012.207031","295149993.896484","2789409912.10938","2914580078.125","2493936523.4375","2698281494.14063","1802899780.27344","2655146484.375","1606690185.54688","441743469.238281","102771430.969238","-128937438.964844","702241149.902344","47133369.4458008","633072021.484375","","",
"Turkiye","TUR","Net bilateral aid flows from DAC donors, Australia (current US$)","DC.DAC.AUSL.CD","","","","","","","","","","","","","","","","","59999.9986588955","50000.0007450581","9999.99977648258","","","","","109999.999403954","","","","","","79999.9982118607","","9999.99977648258","180000.007152557","","","","","","","2319999.9332428","19999.9995529652","29999.9993294477","","","29999.9993294477","","","","100000.001490116","50000.0007450581","109999.999403954","200000.002980232","899999.976158142","180000.007152557","59999.9986588955","210308.998823166","102052.003145218","333312.98828125","152428.99954319","147007.003426552","4562335.01434326","69502.0034909248","52317.0009255409","8830652.23693848","","",
"Turkiye","TUR","Listed domestic companies, total","CM.MKT.LDOM.NO","","","","","","","","","","","","","","","","","","","","","","","","","","","80","82","79","76","110","134","145","160","176","205","228","258","262","286","315","310","288","244","253","257","259","259","250","248","263","263","242","235","226","392","380","374","377","378","371","379","463","517","551","569",
"Turkiye","TUR","Personal remittances, received (% of GDP)","BX.TRF.PWKR.DT.GD.ZS","","","","","","","","","","","","","","","4.02662363856394","2.84951908160099","1.9086491739553","1.67338824197671","1.49137113597573","1.89028472697167","3.00913853095247","3.49816478926718","3.32456491488916","2.44807921874326","3.01480195116629","2.54935248108732","2.1592895752291","2.31792419625304","1.95432909394116","2.85921805846196","2.1545844631433","1.86645811277241","1.8905781036211","1.61792962807647","2.01070876547796","1.41755657751548","1.41472338314943","1.59087215402001","1.94033103384245","1.76605385544194","1.65969991141949","1.37787724444451","0.80406014331259","0.231140269860042","0.196022601695607","0.269124878375521","0.327515529341584","0.305883374387631","0.314540862594515","0.28047340059558","0.232446499042421","0.223053389308349","0.212463719897603","0.19757471711574","0.184539939588783","0.1618792223735","0.137916301302749","0.122239974980242","0.145492463528356","0.110330158016913","0.11122799635979","0.0864348823920577","0.0751540758235723","0.0901648572680327","0.0722524337048219","",
"Turkiye","TUR","Portfolio equity, net inflows (BoP, current US$)","BX.PEF.TOTL.CD.WD","","","","","","","","","","","","","","","0","0","0","0","0","0","0","0","0","0","0","0","0","0","0","17000000","89000000","147000000","350000000","570000000","989000000","195000000","191000000","8000000","-518000000","428000000","489000000","-79000000","-16000000","905000000","1427000000","5669000000","1939000000","5138000000","716000000","2827000000","3468000000","-985000000","6276000000","842000000","2559000000","-2395000000","823000000","2971000000","-1131000000","406000000","-4255000000","-1434000000","-4038000000","1387000000","-2481000000","",
"Turkiye","TUR","Transport services (% of service exports, BoP)","BX.GSR.TRAN.ZS","","","","","","","","","","","","","","","18.2331511839709","25.4220779220779","42.0862068965517","45.3183520599251","27.9443254817987","18.486646884273","37.4120956399437","31.7800632911392","35.9384775808133","27.6224858174317","30.5405405405405","23.3938547486034","18.5852519185853","18.7778651980068","14.8089171974522","15.0763953850951","11.4770459081836","13.1151457238414","12.0761135324758","11.6503942921517","11.3045088417739","11.7212104614542","13.4993849938499","11.3432990223969","13.4107027724049","17.7402581513428","15.2084405558415","18.8345542136871","19.9003203987184","12.1131447587354","14.1520467836257","18.244554668967","19.2312114360173","21.8056388722256","22.4940719982755","23.2577618941255","25.8360997558232","26.73372924494","25.4437512577983","32.9928312696079","32.9457084734025","31.7451871916417","38.4103382507493","37.4268412327887","37.180387963953","32.6463406125724","40.9797228449154","38.1846237055183","37.7190348525469","36.3067826482461","34.9785389413682","",
"Turkiye","TUR","Goods exports (BoP, current US$)","BX.GSR.MRCH.CD","","","","","","","","","","","","","","","1532000000","1401000000","1960000000","1753000000","2288000000","2261000000","2910000000","4703000000","5890000000","5905000000","7389000000","8255000000","7583000000","10322000000","11929000000","11780000000","13026000000","13667000000","14891000000","15611000000","18390000000","21975000000","32142000000","32195000000","30852000000","29135000000","30923000000","34810000000","40705000000","52472000000","68833000000","78509000000","93778000000","115379000000","140906000000","109732000000","120992000000","142392000000","161948000000","167397000000","173293000000","154865000000","152645000000","169214000000","178909000000","182200000000","168378000000","224673000000","253352000000","250999000000","257451000000","",
"Turkiye","TUR","Communications, computer, etc. (% of service exports, BoP)","BX.GSR.CMCP.ZS","","","","","","","","","","","","","","","45.3551912568306","40.7467532467533","24.4827586206897","14.6067415730337","21.1991434689507","39.4658753709199","16.3150492264416","35.9177215189873","40.8759124087591","47.8081485301702","44.7747747747748","38.4078212290503","49.7163830497164","42.5124573826383","43.5244161358811","45.0576863111943","48.2909181636727","55.1839464882943","47.6134793239077","49.5493803980473","47.4678270530506","52.8276050937971","40.6288437884379","50.5974240935189","53.5396518375242","48.2963234844314","43.4328358208955","25.4273081238039","17.9565681737273","11.3477537437604","12.7572016460905","10.3766803249227","10.8036638178822","9.94134506432047","10.2096356973486","9.34219343310252","8.83151801146808","9.19161313780148","8.39806802173476","9.3178339218866","9.44871665392218","9.85618006513818","10.2798645440037","9.76352379985791","9.15992057430884","9.06160608386242","16.0434073772162","12.7117700396099","9.81769436997319","11.1376428449599","12.4832535476879","",
"Turkiye","TUR","Grants, excluding technical cooperation (BoP, current US$)","BX.GRT.EXTA.CD.WD","109290000","156060000","210610000","165640000","38570000","21610000","17180000","-1860000","15610000","34440000","41180000","43360000","26860000","13960000","8860000","17410000","6610000","10110000","7520000","52300000","184880000","103820000","307440000","97670000","103590000","114590000","150780000","42130000","61670000","99480000","905680000","1206720000","372070000","458080000","359820000","440070000","275330000","57810000","71260000","120610000","88980000","127690000","378670000","147356567","284776567","366268333","415141767","543991767","221655000","830971500","336050000","520946172","606001612","612720797","820380787","1001398010","2101109911","1883910711","1274536441","1547347267","1586143298","2039774948","1454827088","1931872519","","",
"Turkiye","TUR","Portfolio investment, net (BoP, current US$)","BN.KLT.PTXL.CD","","","","","","","","","","","","","","","","","","","","","","","","","","","-146000000","-282000000","-1178000000","-1386000000","-547000000","-623000000","-2411000000","-3917000000","-1158000000","-237000000","-570000000","-1634000000","6711000000","-3429000000","-1022000000","4515000000","593000000","-2465000000","-8023000000","-13457000000","-7417000000","-833000000","5015000000","-229000000","-16081000000","-22206000000","-41028000000","-22608000000","-19705000000","13869000000","-8412000000","-24440000000","916000000","2761000000","9785000000","7597000000","18471000000","-5652000000","-11977000000","",
"Turkiye","TUR","Net trade in goods and services (BoP, current US$)","BN.GSR.GNFS.CD","","","","","","","","","","","","","","","-1874000000","-2921000000","-2849000000","-3906000000","-1924000000","-2247000000","-4461000000","-3068000000","-1741000000","-2217000000","-1924000000","-1376000000","-1428000000","-1044000000","2020000000","-162000000","-4482000000","-2126000000","-2269000000","-7340000000","2885000000","-3532000000","-3607000000","-4136000000","-520000000","-2269000000","-10682000000","5773000000","1495000000","-3017000000","-9706000000","-17064000000","-26990000000","-32739000000","-34009000000","-6036000000","-39580000000","-68872000000","-36659000000","-41986000000","-25425000000","-13068000000","-14543000000","-26944000000","-4310000000","25986000000","-22577000000","3517000000","-37098000000","-30606000000","5383000000","",
"Turkiye","TUR","Current account balance (BoP, current US$)","BN.CAB.XOKA.CD","","","","","","","","","","","","","","","-561000000","-1648000000","-2029000000","-3140000000","-1265000000","-1413000000","-3408000000","-1936000000","-952000000","-1923000000","-1439000000","-1013000000","-1465000000","-806000000","1596000000","938000000","-2625000000","250000000","-974000000","-6433000000","2631000000","-2338000000","-2437000000","-2638000000","2000000000","-925000000","-9920000000","3760000000","-626000000","-7554000000","-14198000000","-20980000000","-31162000000","-36946000000","-39426000000","-11358000000","-44625000000","-74403000000","-41796000000","-49329000000","-32110000000","-21354000000","-22165000000","-35141000000","-14603000000","15014000000","-30980000000","-6221000000","-46283000000","-41469000000","-10411000000","",
"Turkiye","TUR","Foreign direct investment, net outflows (BoP, current US$)","BM.KLT.DINV.CD.WD","","","","","","","","","","","","","","","0","0","0","0","0","0","0","0","0","0","10000","10000","10000","9000000","10000","10000","15000000","27000000","65000000","56000000","49000000","113000000","110000000","251000000","367000000","645000000","870000000","497000000","143000000","480000000","780000000","1064000000","924000000","2106000000","2549000000","1553000000","1482000000","2370000000","4106000000","3636000000","7050000000","5096000000","3138000000","2703000000","3605000000","3011000000","3251000000","6450000000","4934000000","5963000000","6613000000","",
"Turkiye","TUR","Charges for the use of intellectual property, payments (BoP, current US$)","BM.GSR.ROYL.CD","","","","","","","","","","","","","","","","","","","","","","","","","","","","","","","","","","","","","124000000","275000000","242000000","186000000","173000000","119000000","107000000","167000000","362000000","439000000","531000000","647000000","729000000","648000000","816000000","680000000","741000000","1582000000","1686000000","1624000000","1882000000","1777000000","2114000000","2181000000","2349000000","2800000000","2918000000","3746000000","4276000000","",
"Turkiye","TUR","Imports of goods and services (BoP, current US$)","BM.GSR.GNFS.CD","","","","","","","","","","","","","","","3955000000","4938000000","5389000000","6193000000","4679000000","5182000000","8082000000","9035000000","9549000000","10061000000","11533000000","12495000000","12008000000","15179000000","15561000000","18356000000","25524000000","24165000000","26567000000","33603000000","26306000000","40113000000","48757000000","55664000000","54637000000","47751000000","61035000000","44190000000","53255000000","73519000000","101624000000","123395000000","146861000000","178124000000","212027000000","151584000000","197021000000","252519000000","248297000000","275364000000","268029000000","229955000000","218570000000","255276000000","248689000000","227879000000","230211000000","284019000000","383700000000","387139000000","369257000000","",
"Turkiye","TUR","Cereal yield (kg per hectare)","AG.YLD.CREL.KG","","989.4","1136","1343.4","1117.9","1138.6","1272.7","1303.4","1215.7","1291.7","1215","1573.5","1435.1","1238.1","1294.2","1632.4","1805.5","1791.7","1824.6","1880.1","1855.1","1871.7","1978.7","1838.4","1971.1","1931","2135.5","2137.4","2250.2","1742.1","2214.2","2240.5","2124.4","2255.9","1922.3","2057.3","2112.3","2151.3","2387.5","2099.8","2370.6","2178.3","2242","2308.6","2477.9","2634.5","2661.9","2410.2","2601.3","2807.8","2725.6","2970","2958.4","3256.9","2832.1","3307.8","3105.4","3257.4","3163.9","3200.8","3341.5","2918.5","3464.7","3659.1","3428.7","",
"Turkiye","TUR","Crop production index (2014-2016 = 100)","AG.PRD.CROP.XD","","27.81","28.8","30.21","31.03","30.11","33.33","33.87","35.79","34.98","37.61","39.88","41.16","36.78","40.75","43.73","47.58","47.14","49.61","50.41","51.6","51.28","54.3","53.75","55.22","56.12","60.42","60.67","65.89","61.28","66.72","69.1","70.13","68.97","69.66","71.02","76.12","73.26","83.38","79.21","82.57","77.35","83.57","82.11","83.27","89.4","90.77","83.86","88.9","90.17","92.7","96.05","98.56","99.43","94.98","102.18","102.84","108.25","107.22","109.98","115.79","114.51","125.29","","","",
"Turkiye","TUR","Land area (sq. km)","AG.LND.TOTL.K2","","769630","769630","769630","769630","769630","769630","769630","769630","769630","769630","769630","769630","769630","769630","769630","769630","769630","769630","769630","769630","769630","769630","769630","769630","769630","769630","769630","769630","769630","769630","769630","769630","769630","769630","769630","769630","769630","769630","769630","769630","769630","769630","769630","769630","769630","769630","769630","769630","769630","769630","769630","769630","769630","769630","769630","769630","769630","769630","769630","769630","769630","769630","769630","","",
"Turkiye","TUR","Forest area (sq. km)","AG.LND.FRST.K2","","","","","","","","","","","","","","","","","","","","","","","","","","","","","","","197834.8","198199.67","198564.54","198929.41","199294.28","199659.15","200024.02","200388.89","200753.76","201118.63","201483.5","202418.23","203352.96","204287.69","205222.42","206157.15","207091.88","208026.61","208961.34","209896.07","210830.8","211925.24","213019.68","214114.12","215208.56","216303","216303","217524.6","219083.6","220643.6","222203.6","223763.6","225323.6","226883.6","","",
"Turkiye","TUR","Rural land area where elevation is below 5 meters (% of total land area)","AG.LND.EL5M.RU.ZS","","","","","","","","","","","","","","","","","","","","","","","","","","","","","","","0.511145003741941","","","","","","","","","","0.499787021860615","","","","","","","","","","","","","","","0.489062450207274","","","","","","","","","","",
"Turkiye","TUR","Arable land (% of land area)","AG.LND.ARBL.ZS","","29.9013811831659","30.0547016098645","31.0473864064551","30.9551342853059","30.9772228213557","31.1838155997038","30.9707261931058","31.3033535595026","32.7832854748386","32.214180840144","32.4545560853917","33.2276548471343","33.1886750776347","32.6923326793394","32.3636032898925","32.3038343099931","32.5649987656406","32.6429583046399","33.4940166053818","32.943102529787","33.1107155386354","31.4423814040513","30.7888206021075","31.8360770759976","31.9569143614464","31.9088393123969","32.4363655262919","32.205085560594","32.3272221716929","32.0244792952458","32.0491664825955","31.8516689837974","31.8087912373478","32.0998401829451","32.0335745747957","31.8516689837974","31.5697153177501","31.7542195600483","31.5463274560503","30.9577329366059","30.9252497953562","31.1760196458038","30.3678390915115","31.0162025908553","30.9629302392059","29.8598027623663","28.5578784610787","28.0069643854839","27.7419019528865","27.784779699336","26.6868495250965","26.736223899796","26.732325922846","26.8947416290945","26.8310746722451","26.4828553980484","25.9839143484532","25.6265997947065","25.4407962267583","25.4485921806582","25.8318932474046","26.2632693632005","26.3464262047997","","",
"Turkiye","TUR","Agricultural land (sq. km)","AG.LND.AGRI.K2","","365170","366480","373700","372920","372960","374840","373000","376010","386430","381780","383140","388260","387870","383280","379620","379030","380290","380450","388920","385790","386130","371910","367180","376130","381300","384830","394270","392630","398970","396770","400670","399040","399130","401490","394930","393640","392420","399190","403020","404790","409680","411960","406440","412100","412230","404930","395050","391220","389110","390120","382470","384070","384230","385540","385510","383280","379640","378020","377160","377620","380890","385010","385880","","",
"Turkiye","TUR","Intentional homicides (per 100,000 people)","VC.IHR.PSRC.P5","","","","","","","","","","","","","","","","","","","","","","","","","","","","","","","","","","","","","","","","","","","","4.18240847006562","4.24827062656029","4.76708660324403","4.52278419997034","5.08688366199539","4.55127664672389","","4.17741645852185","4.1244918510834","4.27675507086876","","","2.79325328973375","3.31161155785991","3.05836302689691","2.55994219861376","2.39580104761995","2.49036807460102","2.49751250926437","2.62122678525057","3.22789482308636","","",
"Turkiye","TUR","Internally displaced persons, new displacement associated with conflict and violence (number of cases)","VC.IDP.NWCV","","","","","","","","","","","","","","","","","","","","","","","","","","","","","","","","","","","","","","","","","","","","","","","","","","","","","200","","","","204000","","","2000","","","","","","",
"Turkiye","TUR","High-technology exports (% of manufactured exports)","TX.VAL.TECH.MF.ZS","","","","","","","","","","","","","","","","","","","","","","","","","","","","","","","","","","","","","","","","","","","","","","","","2.16875430678889","1.88829521498176","2.02927695856422","2.19482435202622","2.11064560791653","2.15485262575385","3.13055257636753","3.37973172045524","3.43610443571744","3.03814599740941","3.23291293505096","2.67353129854845","3.02817669225913","3.15277011329118","3.28362739970141","3.66403554879462","4.51829098986852","5.13775956987065","",
"Turkiye","TUR","Export value index (2015 = 100)","TX.VAL.MRCH.XD.WD","","","","","","","","","","","","","","","","","","","","","","","","","","","","","","","","","","","","","","","","","","","","","","48.7","56.7","71","87.4","67.7","75.4","89.4","101","100.5","110.3","100","98.9","108.9","117.3","119.8","112.4","149.2","168.3","169.3","173.4","",
"Turkiye","TUR","Merchandise exports to low- and middle-income economies in Sub-Saharan Africa (% of total merchandise exports)","TX.VAL.MRCH.R6.ZS","0.143472022955524","0.353130016051364","","","0.0269469145782808","","","0.0441403663650408","0.0239291696578129","0.0767005610098177","0.647019371128733","0.481179401426475","0.288531207949488","0.182435299109037","0.145428376524562","0.384045170651694","0.1521913262387","0.237180429737695","0.319281961557661","0.156532271308918","0.118641147725849","0.287608113138188","0.400553598758064","0.252008161648609","0.201746795938441","0.153767909789493","0.305711964312807","0.451192481787154","0.804012085045694","0.954352279410236","0.85407381870227","0.925712271128732","0.443733333333333","0.733758587138206","0.657542631311702","0.777568343997274","0.681732694579783","1.01545870006913","1.17994595101181","1.21299510371867","1.08638758803778","1.2399824938357","1.26425638874577","1.22593431567018","1.25548585491867","1.55258468759239","1.79095288771318","1.8615787660027","2.50329635839203","2.71890680901103","2.00618005804362","2.72244958890816","2.55724001454336","2.69827074727986","2.53896213964624","2.7374666078035","2.52525824064217","2.57457685653773","2.81927296547806","3.07447504316623","3.35898248774718","3.37315017107999","3.57941771779706","2.8783128763404","","",
"Turkiye","TUR","Merchandise exports to low- and middle-income economies in Europe & Central Asia (% of total merchandise exports)","TX.VAL.MRCH.R2.ZS","","","","","","","","","","0.00657433380084151","","","","0.0373355960967331","0.0532237872847623","0.00630875023657813","0.00686577411603158","0.00255720139878917","0.150250334850664","0.0195023813434061","0.377850519984964","0.143804056569094","0.0104348972254157","0.00545078936514656","0.00562051191030846","0.00397333100231248","0.00765697869800166","0.0103865672602936","0.0364990898684531","0.0377219994510042","0.0474712967896282","0.169574562862726","0.147126436781609","4.43691613388081","4.03086134067529","4.57386729333475","5.94233215826646","6.44759765376345","5.6531222054671","4.5288151712759","4.59902885913181","4.25589940509652","3.95817793005551","4.24808269140285","4.20126772317936","4.56464252588271","5.29732123517894","6.25575326051068","7.44262544902264","7.03841868687727","7.0340144130278","7.5965182976551","7.4434679745404","8.6487689112189","8.39041368947303","7.05760838207976","6.6070569829835","6.43513027605412","6.29325147011919","7.06251767854625","7.65892905702759","7.86889897906744","8.25596497993039","9.26167894757102","","",
"Turkiye","TUR","Merchandise exports (current US$)","TX.VAL.MRCH.CD.WT","321000000","347000000","381000000","368000000","411000000","464000000","491000000","522000000","496000000","537000000","588000000","677000000","885000000","1317000000","1532000000","1401000000","1960000000","1753000000","2288000000","2261000000","2910000000","4703000000","5746000000","5728000000","7134000000","7958000000","7457000000","10190000000","11662000000","11625000000","12959000000","13595000000","14716000000","15343000000","18106000000","21599000000","23245000000","26260000000","26881000000","26587000000","27775000000","31334000000","36059000000","47253000000","63167000000","73476000000","85535000000","107272000000","132027000000","102143000000","113883000000","134907000000","152462000000","161481000000","166505000000","150982000000","149247000000","164495000000","177169000000","180833000000","169638000000","225214000000","254170000000","255627000000","261778000000","273361000000",
"Turkiye","TUR","Insurance and financial services (% of commercial service exports)","TX.VAL.INSF.ZS.WT","","","","","","","","","","","","","","","1.35011441647597","1.51950718685832","2.5748502994012","1.96506550218341","0.906735751295337","0.434782608695652","0.503355704697987","2.47377622377622","3.75983219716833","2.94209702660407","","","","","","","","","1.65191103433384","1.65430690245294","1.23099878765271","1.52677029360967","2.46654217242453","1.85871665013314","2.21712207162344","2.16420687089173","2.08670248839272","2.37285876158102","1.78137072542567","2.80040165123285","2.46156541544391","2.42891426078103","3.1014672773853","3.50640137823869","4.35719742442432","3.2441452653015","3.36706889840405","3.34478527607362","2.85463239200621","2.35864991861429","2.72230182169069","2.64183062166498","2.64487369985141","3.14640997533571","2.83342608050454","2.48909960631588","3.44827586206897","2.23125029989923","1.69553641684542","3.26502224635817","2.49704668801041","",
"Turkiye","TUR","Agricultural raw materials exports (% of merchandise exports)","TX.VAL.AGRI.ZS.UN","","","23.6545659230876","30.8649667616937","28.7820414880755","28.9886640340795","26.9106987608869","30.2694402317233","33.1243928696497","26.1493972065125","33.5818043956629","33.2180802485537","25.5301774834529","26.7194719902642","18.7886767591862","20.3131814064972","26.864188338162","15.8721331312074","19.1609382511707","13.3799765584375","13.5879837480674","9.97890321589305","8.02478683875551","6.55958235392474","5.12881412819363","4.60995813124309","4.69996078921382","2.29421933771457","","3.31329504094028","3.04222694484541","2.75070948159254","1.40378329745874","1.86505703149867","1.5340638658654","1.45338426630953","1.70028383857883","1.28438162896918","1.35332448215481","1.34201377418027","1.12015199042317","0.854995593988319","0.811020607359997","0.800333223561425","0.654054799315691","0.515586655056288","0.506136531620904","0.448484481170993","0.378653583172488","0.36878375185494","0.432654558354129","0.548776144921812","0.418232928080148","0.487007346627483","0.499305009497906","0.496534599563158","0.510556454577178","0.432940176986524","0.49553801380919","0.492281554810085","0.522807354707867","0.608792396342804","0.676480522095706","0.701191792654954","0.639232316835774","",
"Turkiye","TUR","Net barter terms of trade index (2015 = 100)","TT.PRI.MRCH.XD.WD","","","","","","","","","","","","","","","","","","","","","","","","","","","","","","","","","","","","","","","","","","","","","","100.2","95.5","98.1","94.4","98.4","93.9","91.1","91","92.6","93.9","100","104","98.6","95","94.7","99.6","88.6","76","86.7","86.8","",
"Turkiye","TUR","Computer, communications and other services (% of commercial service imports)","TM.VAL.OTHR.ZS.WT","","","","","","","","","","","","","","","0","0","0","18.1380417335473","-1.4210854715202E-14","0.341296928327651","10.9442060085837","0.775193798449607","49.3684210526316","56.5703634669152","37.125748502994","33.1699346405229","33.3850931677019","31.4469453376206","45.2674897119342","44.1576086956522","49.176807444524","50.3582395087001","36.9240158681721","30.2979671400724","37.3610298420129","41.6630855178341","41.6639045409347","47.6808905380334","46.0112300031783","46.4552017990295","30.8368310598111","13.6339428368542","11.5000906947216","11.5767878077374","11.0684580934101","11.4261807363332","15.0417574437182","14.4588802571658","15.9929804036268","17.8414924251909","17.5555195331496","18.0624393234888","20.1801801801802","39.2517791118356","41.1017740429505","39.4881905604957","39.1633595205313","38.6009478672986","38.1488631488631","41.2117273252455","48.9284006433943","45.9843442877341","36.6257838668245","36.9565217391304","38.3895028130555","",
"Turkiye","TUR","Merchandise imports by the reporting economy, residual (% of total merchandise imports)","TM.VAL.MRCH.RS.ZS","0.0234301780693533","0.0638569604086845","0.0173490631505899","0.0159515074174509","0","-1.12716801768893E-14","0","0","0","0","0","0","0","0","0.108205129661554","0.0615296494599934","0.190739563336029","0.144108661243429","0.497564346013573","0.714384047611484","0.0669437274722276","0.331195008570721","0.0951239510040552","0.117592020376566","0.0521936475182274","0.0382767019965955","0.0199772672476148","0.0744417922772599","0.135931337365886","0.108262660120095","0.140125288089828","0.113686970244077","0","0","0.0249225601318154","0.0408453848005682","0.014703092793224","0.0195699478735776","0.00575469505649561","0.0185255043255144","0.0222071912959131","0.00526275197447845","0.0252609412411261","0.0289181247588636","0.0444039732413734","0.051224948412401","0.0636743917461228","0.0785801498882072","0.0988784316517322","0.0863752024454232","0.0815645082805444","0.06637491163667","0.0887363546048425","0.0789259299829867","0.0519832503139443","0.0524282433591744","0.0319142736431475","0.0500898451650421","0.45876710675094","0.0101462136900744","0.0300270786879462","0.223256703277652","0.218007387958534","0.108838222424633","","",
"Turkiye","TUR","Merchandise imports from low- and middle-income economies in Latin America & the Caribbean (% of total merchandise imports)","TM.VAL.MRCH.R3.ZS","0.21087160262418","0.340570455512984","0.138792505204719","0.111660551922157","0.103928497193931","0.264750378214826","0.379708383961118","0.0807884957182097","0.17286084701815","0.210281748132463","0.854243863619408","0.340924587481249","0.740942563706681","1.43527923007759","0.563745885507045","0.446593382989625","1.00822422906854","1.13648912283285","1.06028040741849","0.782370196227934","0.821091111692269","0.708923509385046","0.578079135081926","0.76296197896512","0.933630275142296","1.62868777684777","1.92027791035816","1.70942405257211","1.69756469816243","2.53063441666175","2.20307629601943","1.95204808394572","1.4660604203329","","1.37257584347596","2.67048867351703","1.57933420935769","1.5086513166149","1.55509567180531","1.18285257599623","0.955105096360959","0.876710970200057","1.03043562379483","1.3753051194825","1.25765960509673","1.39167979846618","1.37707209175778","1.40901981330946","1.57017469628417","1.67935490842555","1.57599562845512","1.93215378567432","1.9302937513175","1.86086481494886","2.13508084378455","2.18194249161877","2.50378089441581","2.81492782521911","3.20031217476937","3.00782474171971","3.09760385018149","3.11797000819058","3.07183999108402","2.25031690368064","","",
"Turkiye","TUR","Merchandise imports from high-income economies (% of total merchandise imports)","TM.VAL.MRCH.HI.ZS","97.7038425492034","97.2115793954874","94.0666204024983","92.8856276918169","93.7019330700478","95.2723146747353","95.185297691373","93.6500242365487","92.3653125900317","92.2401623433916","92.2309815722066","91.81780990045","92.4248272521551","90.7150865274679","85.9395812092278","81.9883697775312","76.185743709401","75.662200463798","71.7969585046174","76.3408202814754","59.3836344616644","61.8510833281893","60.7010303911558","60.7083244292224","61.7186348483961","63.9986457383077","79.0090094522981","72.9917996391703","74.9290149170603","74.6432441461244","79.1471782429784","90.0484580297612","90.688118031023","91.0230812235444","83.9196177338258","82.6705444253263","84.1751718347733","84.4540974389218","85.210212370381","83.9286621953821","82.5976025032127","80.6668082853568","81.2783619190529","79.4480822466667","78.4510107800451","76.1367481831114","73.6584618453905","72.9126439441622","71.460899844138","72.024862379946","69.4216754412513","69.2199733053499","70.1021326187561","70.5034651506967","69.2025649584383","68.8436508158432","68.300872165059","68.7223118762625","68.4886827330084","69.7858622120626","68.0655574584744","66.5088041497387","68.0938797623339","69.5230064898455","","",
"Turkiye","TUR","Manufactures imports (% of merchandise imports)","TM.VAL.MANF.ZS.UN","","","67.8836956101916","69.2127484581678","72.6234417107323","74.2607870979282","79.0561182352591","80.786114418484","82.0451235152661","80.3945868019424","76.7880384468572","77.7850034653355","80.1357235359302","79.1422016367436","61.2381292319853","68.763320798054","68.8757481858057","67.1415148088009","61.9837738847961","57.5248331833421","43.0715934358936","46.551242245857","47.845047082668","46.4871552179698","51.4580497003892","54.1023340825254","65.8935064085951","60.5367003155389","","59.0407779466468","61.2359573020939","66.7126274752498","68.1349923913933","71.2714890892132","67.4574598998954","68.6323852635121","69.8064398186427","72.5307524261404","76.2368766373829","74.1134670337081","70.7159768604232","65.6022955036798","66.3895855731713","66.0448414486099","69.0916530465219","66.4308206914565","63.6940729495371","63.1848936965946","58.5680628256068","63.7036317313066","62.4684784218864","58.9973847700458","55.9283741748451","58.0424739426787","59.7193513381107","65.881567593768","68.8839675644693","62.0216831568291","59.635884781176","58.0823388481119","59.0109043188816","59.9441229959251","50.9231661971083","57.6275571705903","60.7527350022727","",
"Turkiye","TUR","Food imports (% of merchandise imports)","TM.VAL.FOOD.ZS.UN","","","12.7747837866833","13.8169579895431","6.77456909173478","5.97685406416812","4.26360994883262","1.45301589564307","0.872249451672279","3.16723780955195","7.6313481796965","2.01446400453109","2.03324153897883","2.27033456250145","9.78318892080306","7.42924543630787","2.83382615859954","1.32487891191428","1.37514213772626","1.77091120147575","3.50438149836299","2.77030906854316","2.60785896734055","1.83780351085629","5.72668207191192","5.24082307057178","4.9369605708467","5.18794080837767","","7.96344242647596","8.32096510813665","6.05089157604798","5.95271409337351","5.62602862381084","4.95667186405414","6.99518786543737","6.47763124993798","5.45234933703433","5.03403487541503","5.00953757314176","3.92945354980633","3.59130627299828","3.71146330712161","4.02567762300612","3.16762691230328","2.81249281753769","2.49769750122496","3.03856981711862","4.21006218597173","4.33377158597111","3.99512236240813","4.4231678627251","4.40501167048219","4.90097457080928","5.7238882018084","5.80119499346178","6.01730834595265","5.89323990944807","6.0896624227992","6.83311029375475","6.7165834890423","6.42706260735525","6.31093067974344","6.54790608311516","6.21498601848316","",
"Turkiye","TUR","Tariff rate, applied, weighted mean, primary products (%)","TM.TAX.TCOM.WM.AR.ZS","","","","","","","","","","","","","","","","","","","","","","","","","","","","","","","","","","7.9","","5.52","5.09","5.23","5.12","5.45","3.93","3.13","2.73","3.37","3.51","2.59","2.26","3.8","2.84","4.28","4.75","6.56","","7.78","","9.56","9.11","11.99","6.5","9.19","9.36","7.09","7.85","","","",
"Turkiye","TUR","Binding coverage, primary products (%)","TM.TAX.TCOM.BC.ZS","","","","","","","","","","","","","","","","","","","","","","","","","","","","","","","","","","","","66.84","66.52","66.52","66.52","66.52","66.52","66.52","65","65","64.92","65","65","64.19","64.19","64.19","64.19","64.19","","65.02","","65.09","65.09","65.17","65.17","65.12","65.12","65.12","0","","","",
"Turkiye","TUR","Tariff rate, applied, simple mean, all products (%)","TM.TAX.MRCH.SM.AR.ZS","","","","","","","","","","","","","","","","","","","","","","","","","","","","","","","","","","7.35","","8.68","4.54","6.74","4.35","7.18","3.54","3.01","2.88","2.61","3.22","2.42","2.3","2.49","2.49","2.36","2.49","2.42","","2.4","","2.7","2.45","2.74","2.64","3.67","3.61","4.44","7.48","","","",
"Turkiye","TUR","Tariff rate, applied, weighted mean, manufactured products (%)","TM.TAX.MANF.WM.AR.ZS","","","","","","","","","","","","","","","","","","","","","","","","","","","","","","","","","","5.37","","7.3","2.39","5.81","2.66","5.32","1.82","1.55","1.57","1.48","1.84","1.17","1.2","1.4","1.59","1.35","1.27","1.2","","1.22","","1.25","1.05","1.4","1.38","1.35","1.34","1.86","3.33","","","",
"Turkiye","TUR","Binding coverage, manufactured products (%)","TM.TAX.MANF.BC.ZS","","","","","","","","","","","","","","","","","","","","","","","","","","","","","","","","","","","","47.51","46.97","46.97","46.97","46.97","46.97","46.97","46.14","46.14","46.14","46.14","46.14","47.26","47.26","47.26","47.26","47.26","","47.54","","47.57","47.57","47.18","47.18","47.18","47.18","47.18","0","","","",
"Turkiye","TUR","International tourism, expenditures (current US$)","ST.INT.XPND.CD","","","","","","","","","","","","","","","","","","","","","","","","","","","","","","","","","","","","","","","","","","","","","","3563000000","3517000000","4254000000","4509000000","5061000000","5817000000","5372000000","4585000000","5017000000","5331000000","5635000000","5698000000","5865000000","6068000000","5354000000","1639000000","","","","","",
"Turkiye","TUR","International tourism, receipts for passenger transport items (current US$)","ST.INT.TRNR.CD","","","","","","","","","","","","","","","","","","","","","","","","","","","","","","","","","","","","","","","","","","","","","","1569000000","1680000000","2232000000","3081000000","3351000000","3733000000","5248000000","6221000000","9987000000","10476000000","9032000000","7762000000","9515000000","11571000000","11586000000","3551000000","","","","","",
"Turkiye","TUR","International tourism, number of arrivals","ST.INT.ARVL","","","","","","","","","","","","","","","","","","","","","","","","","","","","","","","","","","","","7727000","8614000","9689000","9753000","7487000","10428000","11619000","13256000","14030000","17517000","21125000","19820000","27215000","31138000","31760000","32997000","36769000","37715000","39861000","41627000","41114000","30907000","37970000","46113000","51747000","15971000","","","","","",
"Turkiye","TUR","Urban population growth (annual %)","SP.URB.GROW","","4.09134621370262","4.08746286482955","4.20663955434581","4.39414313388916","4.60512755549439","5.17478828942779","5.99702408842911","6.34561143628041","6.34218309998119","5.99165990549105","5.73049575229382","5.68144428569353","5.50841914023591","5.26901947408044","4.93885430726873","4.66344146550566","4.44748724512234","4.28585244919172","4.22711067994937","4.36740030727804","4.53983848052881","4.85872708270608","5.12598065702426","5.02762348152764","4.79967201696931","4.57197651289024","4.42829873667431","4.30254107746877","4.12967650968357","3.85438912472454","3.54170823548384","3.31619724430794","3.21003097448063","3.1321711399518","2.97212828707065","2.8154386216104","2.75621193645","2.73428603629897","2.7354654962709","2.77502091673666","2.76166162638566","2.64239765345105","2.54414385831574","2.49321573574968","2.48618270581088","2.52719789511974","1.78335947556582","3.04747187294258","3.35499375595573","3.71648828413169","3.82733961841471","5.10991859183633","7.51485625556567","7.61873724681312","5.56638687943926","2.35546247467611","1.21721539362836","1.50516857000879","1.9909704896297","1.27276011133045","1.18656449306975","0.829617003400882","0.388112437971746","0.587160894947427","0.587420904251181",
"Turkiye","TUR","Completeness of death registration with cause-of-death information (%)","SP.REG.DTHS.ZS","","","","","","","","","","","","","","","","","","","","","","","","","","","","","","","","","37","","","","","43.1","","","","","47.3","","","","","71.4","","","","","78","","","","92","","","","","","","","","",
"Turkiye","TUR","Completeness of birth registration, male (%)","SP.REG.BRTH.MA.ZS","","","","","","","","","","","","","","","","","","","","","","","","","","","","","","","","","","","","","","","","","","","","","","","","","","","","","","","","","","","98.2","","","","","","","",
"Turkiye","TUR","Population, female (% of total population)","SP.POP.TOTL.FE.ZS","49.0727040386803","49.0894335902608","49.1334629422699","49.174182923653","49.2132932006973","49.2530658547672","49.2817006569961","49.2984286655831","49.3141854212987","49.3298940582334","49.3327667884767","49.255954598106","49.1187105065048","48.9881522109137","48.8588924899069","48.7513070563419","48.7808790385008","48.9192930598898","49.0505920613777","49.1760616371502","49.2577366474387","49.2961677086412","49.3309890584728","49.3639030576887","49.3951636409922","49.4245549386664","49.4514035868519","49.4757356836824","49.4983975589072","49.5196603391523","49.5398025268913","49.5592159303877","49.5784143774289","49.597337535291","49.615344413696","49.637570993409","49.6635380395135","49.6873576340057","49.7085772368739","49.7269735989587","49.7437332293257","49.7608790189069","49.7786254058909","49.7967256591676","49.8150901575894","49.8337007980593","49.8528103557597","49.872071026068","49.8677118421185","49.8402453007284","49.8125159405454","49.8095100541597","49.8297336846283","49.8470171949068","49.8619908920678","49.8768081565896","49.8927326879871","49.908519317655","49.9235026245272","49.9440091330514","49.9739986525064","50.0101452072222","50.0429159840986","50.0661248638873","50.0861818003687","50.1074967691894",
"Turkiye","TUR","Researchers in R&D (per million people)","SP.POP.SCIE.RD.P6","","","","","","","","","","","","","","","","","","","","","","","","","","","","","","","","","","","","","294.0892","302.97728","298.97969","312.68431","355.04829","344.81485","360.00407","484.24236","496.59332","567.50023","612.17385","705.52013","742.74528","801.95239","882.50416","977.26304","1100.18611","1175.90164","1163.53689","1136.18026","1263.789","1420.59574","1585.08328","1737.57621","1964.65668","2209.69913","2478.67633","2644.6573","","",
"Turkiye","TUR","Age dependency ratio (% of working-age population)","SP.POP.DPND","85.7769738415505","86.5266100431706","87.3819817544619","88.1996027373516","88.9612790510155","89.5291330283309","89.951137107401","90.2592701777944","90.3703265576687","90.2707185348871","89.8761850721526","89.3319222402388","88.7479418586993","88.0696532557978","87.2548726497346","86.1187897841123","84.7668572044419","83.431923785345","82.180710142901","81.0461143325928","80.0794741875253","79.306356161868","78.3161894357537","77.0205731556622","75.7064310931119","74.3990622858918","73.1218009079823","71.8745360091989","70.6370230340056","69.435118399769","68.2237810347092","66.9994975358517","65.7903098491365","64.5681550773813","63.3480515860618","62.0979741665925","60.8090209430509","59.56187620375","58.3947836154959","57.3100413594485","56.3172082445777","55.4197844017726","54.6201100107839","53.9106325504308","53.2784264879328","52.7174114645273","52.2002887151974","51.7039880562328","51.0570512318991","50.2459919396016","49.4548531901584","48.7243135492246","48.0371465077245","47.3558028630143","46.6296994569191","45.9452643498497","45.5909695430664","45.4922047348395","45.5464015844488","45.9523014817405","46.4852950931551","46.8236862996519","46.8629054112918","46.7152423180544","46.483848695231","46.1856736686322",
"Turkiye","TUR","Population ages 75-79, male (% of male population)","SP.POP.7579.MA.5Y","0.507726448331748","0.521178441296455","0.537558942751241","0.553490235873751","0.568559762212597","0.585346566381594","0.608914705498432","0.636488490841268","0.661447746201486","0.682571563017217","0.701767579042449","0.722322059601405","0.741628510172643","0.755206615413567","0.762659582297834","0.76599905305292","0.770076013230352","0.775800963554097","0.780538296365222","0.783473452016423","0.780961762797941","0.774134428930244","0.766543393473536","0.757940341950176","0.748548733267995","0.738290510630798","0.727616086799888","0.717374782319952","0.708557964167422","0.702284284120423","0.699787106916353","0.701425285706305","0.706531365390635","0.714111773617591","0.723418561949288","0.736852537930856","0.754409094738268","0.773748818837916","0.79547022974001","0.820167912887267","0.848461128166399","0.881343001721404","0.920096505709136","0.966171154899861","1.02003323752279","1.0803082713528","1.14416978905333","1.20752374889801","1.24882239684548","1.27096285577132","1.29557149081231","1.30446277527","1.29269680813962","1.27556477503144","1.25425632149467","1.2326581937862","1.22111505113192","1.2212888577233","1.23297593955777","1.26568961555204","1.31215860711809","1.35994021276179","1.41031861020384","1.46954474384266","1.53929148955799","1.62180473851716",
"Turkiye","TUR","Population ages 65 and above (% of total population)","SP.POP.65UP.TO.ZS","4.15896654200861","4.21478748860118","4.26647522490112","4.32821584229892","4.39868690661","4.47146131638616","4.5191009785135","4.545025969796","4.5728522141143","4.60183553187745","4.6336303203973","4.66662931631451","4.69919233615648","4.73189066343605","4.7636791266084","4.78962302664086","4.77877623081221","4.7407695801245","4.71191564105428","4.694112196783","4.67099829987858","4.64246487792666","4.61944880886088","4.6021396747304","4.59477307990622","4.59676981023678","4.60836167303607","4.62924225361335","4.65826451236868","4.69493061636286","4.74055655272272","4.79510769074926","4.85571701074756","4.91937538711352","4.98556934613981","5.07970302584605","5.20724532021678","5.34804037728307","5.49842068762162","5.65405217657053","5.81220499143906","5.97272602447081","6.13523624000076","6.29927252555163","6.4644909232724","6.62991980916537","6.7938571710603","6.95365830609516","7.06032056233042","7.1215356720268","7.19502518236352","7.2676052641128","7.3408379701805","7.43312133781708","7.52518633862966","7.61843212730696","7.75965087531105","7.94642994912766","8.17189463389264","8.52263227141434","8.96386441657962","9.38495985854274","9.71952040624191","10.0010276668343","10.2841810756946","10.5709408311479",
"Turkiye","TUR","Population ages 65 and above, female (% of female population)","SP.POP.65UP.FE.ZS","4.9615718609527","4.99587987493624","5.02952308002013","5.07023216187405","5.11795285364477","5.16389651944595","5.16938283402048","5.13877279735413","5.10564099991267","5.07096351883937","5.04456530107149","5.06054590843294","5.10912591330505","5.15694825788896","5.20480600011962","5.2477633584918","5.25065069877311","5.22070291638062","5.1959170658288","5.17890327311961","5.17271946487905","5.17684763261602","5.18057433588734","5.1852472864654","5.19947111127582","5.2224082495043","5.25394715490258","5.29406150046427","5.34215279289663","5.39791006093034","5.46244975365973","5.53648938776165","5.61711962650632","5.70050275586793","5.78650657083997","5.90242563318268","6.05440069643167","6.22047358183335","6.39435120640766","6.56948075814809","6.74239584495655","6.91366210536911","7.08438907047163","7.25623901642077","7.4301494954239","7.60538276056453","7.7802650805458","7.95127474570659","8.063097977343","8.11976025190039","8.18113519176811","8.26068301421819","8.36150077698323","8.47791571151324","8.58633491354151","8.69042522275056","8.84941202241872","9.05764676022186","9.30592276732817","9.66753018841774","10.1022127218242","10.5109702059108","10.8565373867383","11.1753912381029","11.4904952809017","11.8067285110135",
"Turkiye","TUR","Population ages 60-64, male (% of male population)","SP.POP.6064.MA.5Y","2.18452400879395","2.22161977700968","2.25482720071119","2.28107298327072","2.29722014561083","2.30476859757012","2.3063261776659","2.30047633243056","2.28436007443925","2.25809642961507","2.22349579523388","2.17554880553499","2.12139665489444","2.07356713793789","2.03396636887786","2.00798362465514","2.00161657507371","2.01132294834207","2.0300354469621","2.05547898416465","2.0779606813995","2.09596583688708","2.11429082380842","2.13224808960814","2.15147744376472","2.17188187164588","2.1933801315458","2.21560829406467","2.23755910189907","2.25887554053137","2.28048079579711","2.30245896763709","2.32375943572567","2.34364242990792","2.36230079425667","2.39542638629698","2.44131214815901","2.48288519600227","2.51928778550278","2.55003847277407","2.57526722558918","2.59570108683731","2.61193250290408","2.6247183533302","2.63669270409155","2.65288262409459","2.67979998562025","2.72519837313146","2.80547453692928","2.91614791663426","3.04188857332413","3.18122050824809","3.33562486205866","3.4999739942162","3.64694122540628","3.75643138264392","3.83454237824238","3.87159121065796","3.87604507656923","3.90665273296722","3.97283092495719","4.06498136471772","4.20480037023927","4.39741056078574","4.61541005584872","4.81938858913734",
"Turkiye","TUR","Population ages 50-54, male (% of male population)","SP.POP.5054.MA.5Y","3.45513625190961","3.39346940245747","3.32886408029594","3.26175334734185","3.19548670361121","3.13806195029519","3.10048613991501","3.0812150428822","3.07025458268033","3.0639081273141","3.06308075719404","3.07275107669551","3.09454291283903","3.12408513471116","3.15758271929989","3.19529403947362","3.23901898640468","3.2863595028089","3.33291428747968","3.37642370275405","3.40295695659229","3.41320952609674","3.41940478040414","3.42221659507682","3.42389568857056","3.42490339662981","3.42554792379625","3.42648138870118","3.42816817859173","3.43155636082619","3.43919506528015","3.45200273005146","3.46907852884264","3.48998121087691","3.51522273085172","3.54610365223892","3.58260222410788","3.62686151563443","3.68454482535886","3.76141657166779","3.8613946331833","3.98455183247363","4.12789671814452","4.28692887822718","4.45532385000405","4.62515137080292","4.78746881438871","4.93189587541701","5.02660732273348","5.04904088691843","5.02844293556761","5.05535535019032","5.17276329008356","5.34338086515567","5.52012714789837","5.66289930374956","5.76105681943821","5.7859675141931","5.7415696406656","5.68764862877023","5.64514711551538","5.61940825139993","5.64165267238596","5.72922381455485","5.87682182176175","6.0699093503967",
"Turkiye","TUR","Population ages 40-44, male (% of male population)","SP.POP.4044.MA.5Y","4.50625330485191","4.50213085950952","4.48839571361768","4.48073555973785","4.47921020684048","4.48453572918461","4.49090269378035","4.49567349259505","4.50100958512661","4.50486312696309","4.50683958625481","4.51052751875605","4.5190747523786","4.53280478423628","4.55242603217664","4.5767706699552","4.59019393192804","4.58844089334828","4.58156150425784","4.57147080600267","4.55656002021747","4.53850774644294","4.5282546179069","4.52933729737283","4.53869168330518","4.55657631211792","4.5830221499406","4.61861961190088","4.66412857928631","4.72033869891027","4.79108233219136","4.87618432795852","4.97208796432036","5.07672532118619","5.18710070601236","5.31755136151126","5.46743043846607","5.61664341116906","5.75747557290242","5.88520423890949","6.00032310800706","6.10660536637003","6.20816164630551","6.30955786982514","6.41168210584373","6.50866670850097","6.59195998653354","6.65298193511956","6.70080096804986","6.69227674483548","6.59018967698098","6.49671182889494","6.48810722832963","6.55333486140692","6.6746423128314","6.832482896938","7.01588924013966","7.20711899572195","7.39292335982345","7.55762065335906","7.68475840115188","7.76087430816834","7.78178231890189","7.74753400223214","7.67187401371954","7.58095931801384",
"Turkiye","TUR","Population ages 30-34, male (% of male population)","SP.POP.3034.MA.5Y","6.41114066316131","6.39823460318336","6.35746808831102","6.31115065164184","6.26181670953891","6.21269409443008","6.15129363992474","6.07908371236413","6.01238168306372","5.95559274352293","5.91605787985324","5.90461607964573","5.91527704919647","5.93661483064499","5.96945865262274","6.01099410169797","6.0358970250112","6.04574289153098","6.06391353915568","6.09270547744694","6.13560919596201","6.18776602515173","6.26548578304502","6.3728427150991","6.48833252540761","6.60672143659777","6.72311441394598","6.83580100592626","6.94767811836266","7.06051701082173","7.18075594123761","7.31056773097326","7.44616441771975","7.58318428717021","7.71402977630652","7.82587275832805","7.9060184339993","7.95675588978569","7.98409898777422","7.98988486006879","7.97940527080885","7.96123129824641","7.94059120638417","7.9215800879956","7.91149431067349","7.91965427904154","7.95956541826572","8.0430124753835","8.21074061043536","8.43288746382024","8.61519053406412","8.70723311734707","8.71039132843933","8.65578830681313","8.57669028379234","8.49693774079505","8.40293676700238","8.31768129032849","8.25484181399421","8.1257546450219","7.94094259408983","7.77645894918213","7.68552180936694","7.65618075741236","7.65380890576497","7.68714935618068",
"Turkiye","TUR","Population ages 20-24, male (% of male population)","SP.POP.2024.MA.5Y","8.41879249782241","8.33987699909523","8.23958810585946","8.15012683477568","8.09511084111001","8.09241628022553","8.09768961787739","8.09173152018334","8.10659004290313","8.15291559589346","8.23939640037199","8.34527298044923","8.45073660263092","8.55745318500284","8.6644285923841","8.76834591140757","8.84507888998657","8.89679449810363","8.95329728339791","9.02627838926466","9.10699412680472","9.18654807630141","9.2969228245084","9.43687841591255","9.5706970620536","9.68412069107698","9.75833548982294","9.79350609728863","9.80667928364228","9.80552644449794","9.80264824766745","9.80731152404533","9.81638833747607","9.82061109652685","9.80619063347049","9.74743554427489","9.66732019606587","9.61245013259895","9.60385272758857","9.65094449382326","9.72639497411334","9.79689894855829","9.83133981936443","9.79694188736753","9.68399079654057","9.50894653827993","9.291198689441","9.05079170136382","8.84513136668752","8.70842250042681","8.61661130896616","8.53906338467202","8.47131089840521","8.42871201377699","8.43904572419391","8.4896893916583","8.49926163360155","8.48919789475361","8.46787480498135","8.40660526257062","8.35730982310372","8.32786355548141","8.21355492506997","7.98338483673363","7.68591154736817","7.35753427995421",
"Turkiye","TUR","Population ages 15-64, male (% of male population)","SP.POP.1564.MA.ZS","53.9925556835274","53.7749289719118","53.5010134512622","53.231731899151","52.9789250577165","52.7929021245771","52.6625406563909","52.5602712472939","52.4958447125874","52.4761241540131","52.542777580499","52.709884289226","52.9381934476394","53.1951385558535","53.4918945688399","53.8871493178409","54.3287067513572","54.7319149158198","55.0792281098927","55.3580198102697","55.6384770913615","55.9234272060067","56.2685532244669","56.704772052103","57.1466667612712","57.5874673115915","58.0205595573779","58.4468098665803","58.8740754208643","59.2940929709","59.7232327999871","60.1624301679693","60.6012879068502","61.0526633662273","61.5139926596085","61.9922164866639","62.4907368388715","62.9825672548311","63.4493641267344","63.8871840177451","64.2910087593778","64.6593248333808","64.9909237645969","65.2900125621998","65.5626928081495","65.8103746045958","66.0437309360965","66.2712843937118","66.5710749390718","66.9445718350134","67.3033037661836","67.6461679186117","67.9842300802103","68.3221694622471","68.6800755854686","69.0179726145551","69.2053849877732","69.2743819107464","69.2726751198334","69.1187569363213","68.9141782953658","68.7925230829971","68.8029289241143","68.8994057225828","69.0310249419649","69.1919764753287",
"Turkiye","TUR","Population ages 15-19, male (% of male population)","SP.POP.1519.MA.5Y","9.43483800654729","9.44004253961731","9.50190730186969","9.57046437612761","9.62588971770237","9.67276062520837","9.75913837823353","9.8871510724988","10.0161663561265","10.1360957549597","10.2495779935203","10.3499046049443","10.4198507783081","10.4529986123767","10.4650741247119","10.5163670626966","10.6563787325111","10.8197583192163","10.9101102573274","10.9026128092784","10.9116062562179","10.9627445943315","10.982370323549","10.9801703726066","10.9591460906035","10.9291805177203","10.9042634382225","10.8862918215413","10.8637504373242","10.8246153450347","10.7626952079359","10.6888838314349","10.6165395163405","10.5653209588686","10.5520455071149","10.5626636695387","10.5804260125759","10.5816090089019","10.5311736263221","10.4165551614215","10.2551300239052","10.0607133746402","9.8438721798421","9.625828568831","9.41888426632048","9.22516765886558","9.0554942781404","8.92314056835058","8.8413725694714","8.7851223295421","8.71979135092005","8.67758397855469","8.67122668999271","8.67388535726662","8.66563421000139","8.61804775602381","8.49936917722322","8.31653875135965","8.08945911852205","7.87480341445616","7.70195088811519","7.55758052942388","7.43998284093274","7.36307107352208","7.33960085123934","7.35894004391561",
"Turkiye","TUR","Population ages 05-09, male (% of male population)","SP.POP.0509.MA.5Y","14.1127997897925","14.1059398632114","14.0309968096854","14.0639999518479","14.1874673214609","14.3314838684719","14.3395333428834","14.2570809590782","14.2357491438018","14.2542755883892","14.2814825237388","14.2783577485165","14.2053670662609","14.040453086088","13.7766836088489","13.4776715862713","13.3029711585589","13.2949581038462","13.3514124899484","13.39733546884","13.3459202087923","13.2227059421091","13.0793158191812","12.9383775673432","12.8511671660048","12.7940220869449","12.7399802322529","12.6691403164152","12.5512791905301","12.3839469013829","12.2074692462266","12.0406828647889","11.8756377708717","11.7119438961731","11.5424616331714","11.3006468983506","10.9985505712239","10.7208953385288","10.487976324659","10.2988672134668","10.1713117193622","10.0868814821203","9.99698970919474","9.89087280815983","9.76859666765466","9.63461620156197","9.49294086027911","9.34931588396129","9.19934608914222","9.00978963450739","8.75644489846458","8.51391369866993","8.32648085797316","8.17624974362838","8.04490144981028","7.93679020659515","7.8621267794849","7.81239673523154","7.79395300646621","7.85599781176275","7.94419905475105","7.94610388763006","7.87993168700972","7.76818798884338","7.60392630434546","7.39014457516602",
"Turkiye","TUR","Population ages 0-14, male (% of male population)","SP.POP.0014.MA.ZS","42.6218550753688","42.7634353020948","42.9695613705131","43.1579560391487","43.3193705145818","43.4076881262772","43.4502209123154","43.4720179568021","43.449673848073","43.3787599807938","43.2237039434389","43.0058512346626","42.7583472617908","42.48116587772","42.1658675298338","41.7590424878752","41.3419283206241","40.9869410834951","40.6748195706301","40.4169405617424","40.1775672992264","39.9536548865048","39.6583057930894","39.2615457324547","38.8488033006261","38.4271643473198","38.002651364652","37.5749701518328","37.1379630471374","36.7005776231575","36.2449364901958","35.7708864837641","35.2916651860801","34.7966078728153","34.2891458883107","33.7389617726266","33.1378479912573","32.5309829588054","31.9377624409227","31.3642492493759","30.8174906295941","30.2999281571421","29.8146251547965","29.3599318536118","28.9313587663974","28.5287013130867","28.1430292732762","27.7675818059501","27.3660896785184","26.9257585188457","26.4804134905918","26.0717664330835","25.6886669814134","25.2831296526768","24.8500448214769","24.4303189044226","24.1200594506029","23.8863461823634","23.6859936601191","23.5009474243913","23.259122251852","22.9489844558927","22.6165211619012","22.2770404669552","21.8952738608527","21.478195549493",
"Turkiye","TUR","Population ages 00-04, male (% of male population)","SP.POP.0004.MA.5Y","16.8786727652339","16.8820843009426","17.0939071483603","17.1790813801837","17.1345471896831","16.9602004848544","16.8904226006404","16.9265426746725","16.8585038479487","16.7017017980277","16.4511151227643","16.2083299749998","15.9886374983267","15.7257104924673","15.4494184570544","15.1592667027755","15.0204115144151","14.9916725796256","14.8878230139188","14.7304210487392","14.5989657513471","14.5180137362047","14.3941909540881","14.1968808910594","13.9496956914964","13.6921063408276","13.4426144073934","13.2004941556434","12.9697403786378","12.7416992738638","12.476044862524","12.1767385782029","11.8890613760403","11.6332510866079","11.4222133833913","11.2661974315779","11.1396389091601","11.0057861862107","10.8508214912535","10.6764796620284","10.4840017437614","10.2802938135517","10.0832254161972","9.89052042405081","9.70026182675998","9.51014693830785","9.32421433155872","9.15601559682695","8.97108661266672","8.77017660617796","8.61075027292189","8.51368281982747","8.46861916612254","8.434778290189","8.41576056213277","8.41197472158809","8.43415741362771","8.4467281234093","8.39909969494278","8.18344583401894","7.79495795868653","7.37957732196699","7.01946291139969","6.73042297576962","6.47228213514162","6.25811828687706",
"Turkiye","TUR","Women who were first married by age 15 (% of women ages 20-24)","SP.M15.2024.FE.ZS","","","","","","","","","","","","","","","","","","","","","","","","","","","","","","","","","","4.7","","","","","4.2","","","","","2.2","","","","","2.5","","","","","1.1","","","","","2","","","","","","","",
"Turkiye","TUR","Survival to age 65, female (% of cohort)","SP.DYN.TO65.FE.ZS","55.414265","56.376922","57.218543","58.376675","58.934866","59.474436","59.911641","60.702394","61.386949","62.060134","62.662969","63.325607","64.319805","65.121048","65.892609","66.46139","67.102786","68.396046","69.572713","70.231333","70.860302","71.360163","71.974753","72.715051","73.580448","74.28089","74.977003","75.654017","76.457647","77.122107","77.768666","78.429039","78.96691","79.6073","80.217226","80.812507","81.461726","82.05003","82.63466","81.525443","83.755447","84.278019","84.795286","85.288405","85.739706","86.227831","86.621035","87.058114","87.391478","87.763766","88.027316","87.935453","88.683144","89.27544","89.62896","89.823298","89.974917","90.394163","90.79082","91.068643","90.616501","88.853835","90.84317","88.607063","90.486062","",
"Turkiye","TUR","Life expectancy at birth, female (years)","SP.DYN.LE00.FE.IN","53.822","54.605","55.338","56.234","56.773","57.283","57.744","58.379","58.954","59.524","60.047","60.603","61.353","61.989","62.6","63.097","63.631","64.546","65.42","65.944","66.441","66.85","67.328","67.904","68.53","69.051","69.561","70.047","70.618","71.081","71.519","71.963","72.332","72.739","73.134","73.522","73.933","74.303","74.67","74.051","75.365","75.689","76.011","76.319","76.591","76.909","77.158","77.468","77.702","77.997","78.212","78.121","78.813","79.365","79.582","79.74","79.858","80.252","80.634","80.89","79.887","79.004","80.719","79.855","80.342","",
"Turkiye","TUR","Contraceptive prevalence, any method (% of married women ages 15-49)","SP.DYN.CONU.ZS","","","","22.1","","","","","31.6","","","","","36.7999999999999","","","","","50.4","","","","","50.6","","","","","63.3","","","","","62.6","","","","","63.9","","","","","71","","","","","73","","","","","73.5","","","","","69.8","","","","","","","",
"Turkiye","TUR","Mortality rate, adult, male (per 1,000 male adults)","SP.DYN.AMRT.MA","303.395","297.24","290.424","286.282","287.657","287.097","286.34","283.107","283.875","281.146","277.481","274.558","266.914","266.737","263.123","260.2","257.591","251.355","245.692","242.627","238.057","236.764","232.981","230.569","228.592","225.15","221.359","217.476","213.926","210.987","206.957","203.355","203.725","201.217","199.258","198.914","191.946","187.159","180.269","184.04","171.658","168.945","166.355","164.422","161.675","160.207","157.407","154.585","152.144","147.769","143.625","145.759","136.498","128.298","123.751","123.431","123.83","117.247","112.191","108.758","117.598","137.08","110.218","111.372","111.426","",
"Turkiye","TUR","Prevalence of severe food insecurity in the population (%)","SN.ITK.SVFI.ZS","","","","","","","","","","","","","","","","","","","","","","","","","","","","","","","","","","","","","","","","","","","","","","","","","","","","","","","","","","","","","","","","","","",
"Turkiye","TUR","International migrant stock (% of population)","SM.POP.TOTL.ZS","","","","","","","","","","","","","","","","","","","","","","","","","","","","","","","2.1","","","","","2","","","","","2","","","","","1.9","","","","","1.9","","","","","4.7","","","","","7.6","","","","8.1","",
"Turkiye","TUR","Prevalence of stunting, height for age (% of children under 5)","SH.STA.STNT.ZS","","","","","","","","","","","","","","","","","","","","","","","","","","","","","","","","","","23.6","","","","","18.8","","","","","","15.2","","","","12.5","","","","","10","","","","","6","","","","","","","",
"Turkiye","TUR","Prevalence of stunting, height for age, male (% of children under 5)","SH.STA.STNT.MA.ZS","","","","","","","","","","","","","","","","","","","","","","","","","","","","","","","","","","24.7","","","","","19.4","","","","","","14.2","","","","12.4","","","","","11.1","","","","","6.1","","","","","","","",
"Turkiye","TUR","People using safely managed sanitation services, rural (% of rural population)","SH.STA.SMSS.RU.ZS","","","","","","","","","","","","","","","","","","","","","","","","","","","","","","","","","","","","","","","","","45.6464829798816","45.6464829798816","46.8155530752685","47.9872460173647","49.806675619593","51.6511692841039","53.5208005725051","54.6959319695089","55.9346691171882","57.2385998175612","58.609318282702","60.048425134743","61.5575274058718","63.138238538334","64.7921783844323","66.5209732065258","68.3262556770303","70.2096648784184","72.1728463032215","74.217451854025","76.3451398434729","77.5997116600462","78.8672899149875","80.1478746082974","81.4414657399753","",
"Turkiye","TUR","Prevalence of overweight, weight for height (% of children under 5)","SH.STA.OWGH.ZS","","","","","","","","","","","","","","","","","","","","","","","","","","","","","","","","","","4.9","","","","","3.8","","","","","","8.8","","","","9.8","","","","","11.1","","","","","8.1","","","","","","","",
"Turkiye","TUR","Prevalence of overweight, weight for height, male (% of children under 5)","SH.STA.OWGH.MA.ZS","","","","","","","","","","","","","","","","","","","","","","","","","","","","","","","","","","5.7","","","","","4.1","","","","","","10.2","","","","11","","","","","11.9","","","","","9.3","","","","","","","",
"Turkiye","TUR","People practicing open defecation (% of population)","SH.STA.ODFC.ZS","","","","","","","","","","","","","","","","","","","","","","","","","","","","","","","","","","","","","","","","","0.602956433562566","0.595395083772318","0.56769021844827","0.540492761723711","0.513784995384601","0.487595492422288","0.46188331689577","0.436664416411235","0.4119111578527","0.387648009888461","0.363847634051659","0.340513030131394","0.317619371849615","0.295246314148333","0.273345963900498","0.251914705842063","0.230932655755694","0.210402754625778","0.190298071856399","0.17061366286044","0.151337135845512","0.14851030253533","0.145750541151131","0.143063850954945","0.140444187207927","",
"Turkiye","TUR","Maternal mortality ratio (modeled estimate, per 100,000 live births)","SH.STA.MMRT","","","","","","","","","","","","","","","","","","","","","","","","","","56","53","50","47","44","42","41","40","39","38","37","36","35","34","34","32","31","30","29","28","27","26","25","24","23","23","23","21","20","20","19","19","18","17","17","19","20","21","15","","",
"Turkiye","TUR","People with basic handwashing facilities including soap and water (% of population)","SH.STA.HYGN.ZS","","","","","","","","","","","","","","","","","","","","","","","","","","","","","","","","","","","","","","","","","","","","","","","","","","","","","","","","","","","","","","","","","","",
"Turkiye","TUR","Diabetes prevalence (% of population ages 20 to 79)","SH.STA.DIAB.ZS","","","","","","","","","","","","","","","","","","","","","","","","","","","","","","","","","","","","","","","","","","","","","","","","","","","","7.9","","","","","","","","","","","","","16.5","",
"Turkiye","TUR","People using at least basic sanitation services (% of population)","SH.STA.BASS.ZS","","","","","","","","","","","","","","","","","","","","","","","","","","","","","","","","","","","","","","","","","86.5326055844195","86.6924044195484","87.4876884090788","88.2670291386027","89.0308156718015","89.7785316915136","90.5110315275318","91.2280737248533","91.9302207848415","92.6170977664848","93.2892782391218","93.9467893956226","94.5901003264673","95.2181862351683","95.8319919153338","96.4317908505569","97.0180744384543","97.5910900486757","98.1513969936455","98.6993304992011","99.2307423449242","99.2429248259355","99.2548217497769","99.2664132586442","99.2777016762549","",
"Turkiye","TUR","Pregnant women receiving prenatal care (%)","SH.STA.ANVC.ZS","","","","","","","","","","","","","","","","","","","","","","","","","","","","","","","","","","67","","","","","71.8","","","","","80.9","80.9","","","89.3","92","95","","","","97","97","","","","96.4","","","","","","","",
"Turkiye","TUR","Number of surgical procedures (per 100,000 population)","SH.SGR.PROC.P5","","","","","","","","","","","","","","","","","","","","","","","","","","","","","","","","","","","","","","","","","","","","","","","","","","","11911","","","","","","","","","","","","","","","",
"Turkiye","TUR","Prevalence of current tobacco use, females (% of female adults)","SH.PRV.SMOK.FE","","","","","","","","","","","","","","","","","","","","","","","","","","","","","","","","","","","","","","","","","14.7","","","","","15.7","","16","","","16.7","","","","","18","","","","","19.1","","19.6","19.9","20.2","",
"Turkiye","TUR","Lifetime risk of maternal death (1 in: rate varies by country)","SH.MMR.RISK","","","","","","","","","","","","","","","","","","","","","","","","","","450","489","531","586","639","718","768","804","834","865","897","943","985","1032","1059","1204","1297","1428","1533","1600","1676","1751","1838","1933","2039","2163","2171","2292","2461","2448","2535","2582","2785","3017","3313","3117","3148","3142","4620","","",
"Turkiye","TUR","Incidence of malaria (per 1,000 population at risk)","SH.MLR.INCD.P3","","","","","","","","","","","","","","","","","","","","","","","","","","","","","","","","","","","","","","","","","2.69","2.51","2.35","2.09","1.19","0.46","0.17","0.07","0.04","0.01","0","0","0","0","0","0","0","0","0","0","0","","","","","",
"Turkiye","TUR","Community health workers (per 1,000 people)","SH.MED.CMHW.P3","","","","","","","","","","","","","","","","","","","","","","","","","","","","","","","","","","","","","","","","","","","","","","","","","","","","","","","","","","","","","","","","","","",
"Turkiye","TUR","Immunization, HepB3 (% of one-year-old children)","SH.IMM.HEPB","","","","","","","","","","","","","","","","","","","","","","","","","","","","","","","","","","","","","","","","","71","77","72","68","77","85","82","96","92","94","96","96","97","97","96","97","98","96","98","99","98","96","99","99","99","",
"Turkiye","TUR","Young people (ages 15-24) newly infected with HIV","SH.HIV.INCD.YG","","","","","","","","","","","","","","","","","","","","","","","","","","","","","","","","","","","","","","","","","","","","","","","","","","","","","","","","","","","","","","","","","","",
"Turkiye","TUR","Adults (ages 15-49) newly infected with HIV","SH.HIV.INCD","","","","","","","","","","","","","","","","","","","","","","","","","","","","","","","","","","","","","","","","","","","","","","","","","","","","","","","","","","","","","","","","","","",
"Turkiye","TUR","Children (0-14) living with HIV","SH.HIV.0014","","","","","","","","","","","","","","","","","","","","","","","","","","","","","","","","","","","","","","","","","","","","","","","","","","","","","","","","","","","","","","","","","","",
"Turkiye","TUR","People using at least basic drinking water services (% of population)","SH.H2O.BASW.ZS","","","","","","","","","","","","","","","","","","","","","","","","","","","","","","","","","","","","","","","","","92.5207717291777","92.6069916760716","92.8175922761901","93.0240916066264","93.2266012493425","93.4249804113802","93.6194753638319","93.8100251611177","93.9967938201436","94.1796628732745","94.3588134972971","94.5342469768029","94.7061073056509","94.8740402203655","95.0383332367469","95.1990408276222","95.3562997823","95.5101526427098","95.6607630886075","95.8081999457908","95.9525757495893","95.9614082696356","95.9700345956399","95.9784417716969","95.9866257794699","",
"Turkiye","TUR","Mortality rate, neonatal (per 1,000 live births)","SH.DYN.NMRT","62.5","61.6","60.6","59.7","58.9","58.4","58.1","57.9","57.9","57.7","57.3","56.6","55.7","54.6","53.3","51.8","50.3","48.7","47","45.5","44","42.8","41.7","40.7","39.7","38.7","37.6","36.5","35.2","33.9","32.4","30.8","29","27.2","25.4","23.8","22.4","21.1","20.1","19","18.1","16.9","15.6","14.5","13.5","12.6","11.7","10.8","10","9.2","8.5","7.9","7.4","7","6.7","6.5","6.3","6.1","5.9","5.9","5.7","5.4","5","4.8","4.6","",
"Turkiye","TUR","Mortality rate, under-5, male (per 1,000 live births)","SH.DYN.MORT.MA","262.6","254.3","245.7","236.8","228.4","220.3","213.3","206.9","201","195.5","190","185.1","179.8","174.4","168.8","163.2","157.3","151.3","145.2","139","132.9","126.5","120.2","113.9","107.9","102.1","96.6","91.4","86.5","81.7","77","72.5","68.1","63.9","59.9","55.9","52.2","48.7","45.3","42.2","39.1","36.3","33.7","31.2","28.8","26.7","24.7","22.9","21.3","19.8","18.5","17.3","16.3","15.5","14.8","14","13.4","12.9","12.4","12","11.6","11.3","11","14.5","10.3","",
"Turkiye","TUR","Women's share of population ages 15+ living with HIV (%)","SH.DYN.AIDS.FE.ZS","","","","","","","","","","","","","","","","","","","","","","","","","","","","","","","23.4533573941718","23.4498530363404","23.4527033345323","23.4609143183111","23.4711728936094","23.4960146430734","23.5240190415773","23.5529368355809","23.6003787768423","23.6565046368134","23.7090647194405","23.7570510424467","23.7990168037089","23.8352740428695","23.8660510716508","23.8951046093798","23.9210046249271","23.9379125149244","23.9046435084457","23.9306765634744","24.0032653100201","24.0627887869224","24.087787855221","24.0931613703358","24.0976058034233","24.1011168873184","24.1030089573659","24.1048457376547","24.1006200112161","24.104219494723","24.1152000585212","24.1332591348116","24.1442008631571","24.15031510346","24.1608575163621","",
"Turkiye","TUR","Probability of dying among children ages 5-9 years (per 1,000)","SH.DYN.0509","","","","","","","","","","","","","","","","","","","","","","","","","","","","","","","5.9","5.7","5.6","5.4","5.3","5.2","5","4.9","4.7","5.9","4.4","4.2","4.1","3.9","3.7","3.5","3.2","3","2.8","2.5","2.2","2","1.8","1.6","1.4","1.3","1.1","1.1","1","1","0.9","0.9","0.9","3.6","0.9","",
"Turkiye","TUR","Number of under-five deaths","SH.DTH.MORT","308918","307164","304229","299559","294913","289995","285313","280491","275628","271121","266876","262716","257164","249983","241469","231830","222114","213137","205715","198838","191193","182933","173587","163893","154940","146292","138211","130343","122739","115446","106688","98494","92053","86681","81927","77182","72457","67787","63322","58648","53211","47932","43073","38742","35483","32880","30548","28373","26321","24428","22549","20847","19796","19013","18490","18100","17526","16873","16084","15043","13754","12610","11620","15381","10356","",
"Turkiye","TUR","Number of deaths ages 20-24 years","SH.DTH.2024","","","","","","","","","","","","","","","","","","","","","","","","","","","","","","","6264","6206","6156","6107","6026","7400","5754","5615","5483","6592","5219","5083","4916","4714","4477","4225","3971","3741","3563","3449","3375","3329","3315","3360","3479","3615","3649","3600","3524","3432","3393","3450","3543","6403","3653","",
"Turkiye","TUR","Condom use, population ages 15-24, male (% of males ages 15-24)","SH.CON.1524.MA.ZS","","","","","","","","","","","","","","","","","","","","","","","","","","","","","","","","","","","","","","","","","","","","","","","","","","","","","","","","","","","","","","","","","","",
"Turkiye","TUR","Prevalence of anemia among women of reproductive age (% of women ages 15-49)","SH.ANM.ALLW.ZS","","","","","","","","","","","","","","","","","","","","","","","","","","","","","","","","","","","","","","","","","32.7","32.3","32","31.8","31.7","31.5","31.2","30.9","30.5","30.1","29.8","29.4","29.1","28.8","28.6","28.5","28.4","28.4","28.4","28.4","28.5","28.7","29","29.3","","",
"Turkiye","TUR","Women who believe a husband is justified in beating his wife when she refuses sex with him (%)","SG.VAW.REFU.ZS","","","","","","","","","","","","","","","","","","","","","","","","","","","","","","","","","","","","","","","","","","","","16.3","","","","","5.4","","","","","2.5","","","","","","","","","","","","",
"Turkiye","TUR","Women who believe a husband is justified in beating his wife when she burns the food (%)","SG.VAW.BURN.ZS","","","","","","","","","","","","","","","","","","","","","","","","","","","","","","","","","","","","","","","","","","","","5.8","","","","","2.5","","","","","1.2","","","","","","","","","","","","",
"Turkiye","TUR","Proportion of time spent on unpaid domestic and care work, female (% of 24 hour day)","SG.TIM.UWRK.FE","","","","","","","","","","","","","","","","","","","","","","","","","","","","","","","","","","","","","","","","","","","","","","","","","","","","","","","","","","","","","","","","","","",
"Turkiye","TUR","Government expenditure on education, total (% of GDP)","SE.XPD.TOTL.GD.ZS","","","","","","","","","","","","","","","","","","","4.34774017333984","2.91519999504089","","2.20830011367798","1.75490999221802","2.64759993553162","2.02923011779785","1.73810994625092","1.50957000255585","","","","","","","3.36546993255615","3.42482995986939","2.2511100769043","","","0","","","","","","","","","","","","","4.22150993347168","4.38721990585327","4.34479999542236","4.41256999969482","4.30550003051758","4.62773990631104","4.32369995117188","4.29729986190796","4.44776010513306","4.03382015228271","3.53787994384766","3.09571003913879","","","",
"Turkiye","TUR","Expenditure on secondary education (% of government expenditure on education)","SE.XPD.SECO.ZS","","","","","","","","","","","","","","","","","","","35.06844","38.99598","","22.99681","27.60069","28.0589","22.0935","22.42525","23.78086","","","","","","","23.65931","21.42325","22.02658","","","","","","","","","","","","","","","","","","","","","","","","","","","","","","",
"Turkiye","TUR","Current education expenditure, total (% of total expenditure in public institutions)","SE.XPD.CTOT.ZS","","","","","","","","","","","","","","","","","","","","","","","","","","","","","","","","","","","","","","","","","","","","","","","","","","","","86.1909484863281","84.4544219970703","85.0108032226562","83.2811965942383","84.8132934570312","85.7811737060547","87.3867492675781","85.8654098510742","90.9982986450195","91.3795623779297","90.3908615112305","87.8162078857422","","","",
"Turkiye","TUR","Tertiary education, academic staff (% female)","SE.TER.TCHR.FE.ZS","","","","","","","","","","","","22.7326908111572","24.3723106384277","24.3197002410889","25.4395694732666","24.4375095367432","24.1581001281738","23.2558097839356","22.8154792785644","22.7231006622314","24.0137500762939","24.6188106536865","24.7517509460449","26.7672100067139","","","30.2594890594482","31.1090106964111","31.1959896087646","31.2528705596924","31.4714794158936","31.706750869751","31.887939453125","32.5439300537109","32.3978805541992","32.7904586791992","","33.025260925293","","34.6355285644531","","","36.6867713928223","37.0679512023926","37.8889389038086","38.2893218994141","38.7545013427734","39.2784004211426","40.3499183654785","40.6560897827148","40.9107704162598","40.8978004455566","41.1312789916992","41.5650596618652","42.7789115905762","43.0636100769043","43.2726287841797","44.0192909240723","44.4249801635742","44.7532005310059","45.0943908691406","45.3387908935547","45.7791481018066","46.1731796264648","","",
"Turkiye","TUR","Pupil-teacher ratio, tertiary","SE.TER.ENRL.TC.ZS","","","","","","","","","","","","18.39777","15.21449","15.50505","15.73813","19.16026","21.02069","20.99685","19.28766","16.40383","13.17103","11.40951","10.89052","12.92422","16.35175","19.00884","20.4629","20.71573","19.82047","20.98091","21.40248","21.75639","23.08405","24.01266","26.9119","26.63655","","28.50224","24.99294","24.35996","","23.67985","23.53677","25.21334","25.03251","25.65717","27.6334","27.46772","25.64265","29.09617","33.47657","34.23549","36.63395","38.08324","38.42064","40.71702","","47.43572","","","","","","","","",
"Turkiye","TUR","Educational attainment, at least Master's or equivalent, population 25+, total (%) (cumulative)","SE.TER.CUAT.MS.ZS","","","","","","","","","","","","","","","","","","","","","","","","","","","","","","","","","","","","","","","","","","","","","","","","","","","","","","1.5528199672699","1.63619995117188","1.75616002082825","1.78507995605469","2.26333999633789","","2.57802009582519","","","15.1926727276353","15.8311529353345","","",
"Turkiye","TUR","Educational attainment, Doctoral or equivalent, population 25+, male (%) (cumulative)","SE.TER.CUAT.DO.MA.ZS","","","","","","","","","","","","","","","","","","","","","","","","","","","","","","","","","","","","","","","","","","","","","","","","","","","","","","0.420920014381409","0.428409993648529","0.389109998941422","0.433869987726211","0.508319973945618","","0.50492000579834","","2.63472848213952","2.77461802039195","3.01312883542039","","",
"Turkiye","TUR","Educational attainment, at least Bachelor's or equivalent, population 25+, female (%) (cumulative)","SE.TER.CUAT.BA.FE.ZS","","","","","","","","","","","","","","","","","","","","","","","","","","","","","","","","","","","","","","","","","","","","","","","","","","","","","","","","","","","","","","18.437639984208","19.1076662044783","20.1394147928039","","",
"Turkiye","TUR","Secondary education, teachers (% female)","SE.SEC.TCHR.FE.ZS","","","","","","","","","","","","36.6012001037598","35.8715400695801","34.8185997009277","34.9778785705566","","","","33.4696502685547","34.4847297668457","35.4722595214844","","35.2028198242188","34.874828338623","35.2284507751465","","35.7768287658691","36.9750518798828","37.1031494140625","37.099681854248","37.9735488891602","38.7048988342285","38.9183616638184","39.2366981506348","39.5847091674805","40.4747200012207","","41.3053092956543","","","","","","","","","","","","","","","47.1509208679199","48.2983093261719","49.3916282653809","50.1519889831543","50.8596992492676","52.7984886169434","53.6497192382812","54.4704399108887","54.5656089782715","54.8775596618652","55.3611106872559","55.8133087158203","","",
"Turkiye","TUR","Trained teachers in upper secondary education (% of total teachers)","SE.SEC.TCAQ.UP.ZS","","","","","","","","","","","","","","","","","","","","","","","","","","","","","","","","","","","","","","","","","","","","","","","","","","","","","","","","","","","","","","","","","","",
"Turkiye","TUR","Trained teachers in lower secondary education (% of total teachers)","SE.SEC.TCAQ.LO.ZS","","","","","","","","","","","","","","","","","","","","","","","","","","","","","","","","","","","","","","","","","","","","","","","","","","","","","","","","","","","","","","","","","","",
"Turkiye","TUR","Progression to secondary school (%)","SE.SEC.PROG.ZS","","","","","","","","","","","","","","","","","","","","","","","","","","47.74145","47.1335","49.27783","49.37723","48.42589","51.384","55.18855","","","","","","","","","","","","97.6358","97.7238","98.39454","98.91177","98.52117","98.2226","","98.9076","99.04387","90.80526","","99.52882","99.656","","","","","","","","","","",
"Turkiye","TUR","School enrollment, secondary, male (% net)","SE.SEC.NENR.MA","","","","","","","","","","","","","","","33.76174","","","","","","","","","","","","","","","","","","","","","","","63.94412","","66.11089","72.01984","80.35663","79.34339","79.00316","80.36411","82.10288","84.36516","85.6025","83.83701","79.5187","83.72172","86.84339","82.88829","88.30529","88.34033","87.47381","85.77076","88.3655","","","","","","","","",
"Turkiye","TUR","School enrollment, secondary, female (% gross)","SE.SEC.ENRR.FE","","","","","","","","","","","","15.105770111084","16.2633895874023","16.998140335083","17.3950004577637","","19.6153507232666","20.6919097900391","21.7810001373291","22.4202098846436","23.8553905487061","","25.0426197052002","25.7072792053223","26.8718490600586","","29.8616600036621","31.3434200286865","33.3067512512207","35.6304817199707","36.6906890869141","38.446849822998","40.2320098876953","43.198299407959","45.3201217651367","47.0438003540039","","48.3034896850586","","56.7740097045898","63.1940116882324","72.3898696899414","76.3927612304688","78.0895462036133","77.7478103637695","78.0205230712891","81.7884063720703","84.3841094970703","84.4206237792969","77.3252868652344","81.3065490722656","84.8130187988281","83.5451507568359","101.523071289062","105.464340209961","106.707969665527","108.04418182373","110.961929321289","111.409126281738","110.276336669922","111.511711120605","113.14852142334","114.45539855957","116.872711181641","","",
"Turkiye","TUR","Pupil-teacher ratio, upper secondary","SE.SEC.ENRL.UP.TC.ZS","","","","","","","","","","","","","","","","","","","","","","","","","","","","","","","","","","","14.07831","14.88808","","25.97102","","","15.55606","","20.95248","21.68103","18.94906","16.22323","15.8077","16.16082","15.23849","16.92375","17.59193","17.82806","16.18232","19.59875","19.45219","19.07336","","17.56537","","","","","","","","",
"Turkiye","TUR","Secondary education, general pupils","SE.SEC.ENRL.GC","","","","","","","","","","","","1064635","1166470","1223615","1231433","","1371444","1464404","1559905","1591922","1710610","1681792","1779618","1852530","1980523","2169686","2300052","2412347","2556630","2728961","2780823","2897655","2997900","3216418","3381901","3474742","","3427715","","4295403","4528727","5297981","5496099","5589959","5265015","5305406","5519620","5650919","5531751","5681860","5890584","6125744","5927789","8292958","8384690","8181061","8259009","8690855","","","","","","","","",
"Turkiye","TUR","Educational attainment, at least completed upper secondary, population 25+, total (%) (cumulative)","SE.SEC.CUAT.UP.ZS","","","","","","","","","","","","","","","","","","","","","","","","","","","","","","","","","","","","","","","","","12.7576237445264","12.8697608480764","13.8504532336948","14.9029898355808","21.0269203186035","22.1900291442871","23.2007503509521","23.6869201660156","26.4928703308106","27.7024993896484","29.9863891601562","31.7986698150635","32.7662582397461","33.7585105895996","35.237419128418","37.073558807373","37.6567001342773","39.0266990661621","33.5020027713147","42.1706085205078","36.4845848043889","37.7613341085524","39.2632895114887","41.0625784422624","","",
"Turkiye","TUR","Educational attainment, at least completed post-secondary, population 25+, male (%) (cumulative)","SE.SEC.CUAT.PO.MA.ZS","","","","","","","","","","","","","","","","","","","","","","","","","","","","","","","","","","","","","","","","","","","","","","","","","","","","","","","","","","","","","","22.6306670811074","22.8418900604279","23.6546471016906","","",
"Turkiye","TUR","Educational attainment, at least completed lower secondary, population 25+, female (%) (cumulative)","SE.SEC.CUAT.LO.FE.ZS","","","","","","","","","","","","","","","","5.14616012573242","","","","","7.19999980926514","","","","","9.53827953338623","","","","","","","","","","","","","","","","","","","19.9936504364014","20.9350299835205","22.1891899108887","22.8562393188477","26.7526397705078","28.0895099639893","35.834171295166","38.8797187805176","40.2799682617188","41.8464088439941","44.2438812255859","45.7690582275391","48.5062103271484","50.6290016174316","","56.3018608093262","","","","46.2991296886069","","",
"Turkiye","TUR","Lower secondary school starting age (years)","SE.SEC.AGES","","","","","","","","","","","11","11","11","11","11","11","11","11","11","11","11","11","11","11","11","11","11","11","11","11","11","11","11","11","11","11","11","11","11","11","11","11","11","11","11","11","11","11","11","11","11","11","11","10","10","10","10","10","10","10","10","10","10","10","10","10",
"Turkiye","TUR","Children out of school, female (% of female primary school age)","SE.PRM.UNER.FE.ZS","","","","","","","","","","","","","","","28.2345790863037","","","","","","","","","","","","","","","","","","","","13.7827596664429","14.9610996246338","","14.349160194397","","","","","","","","","","","","","","","","","0.205479994416237","1.21554005146027","1.60789000988007","0.495359987020493","","","","","","","","",
"Turkiye","TUR","Adjusted net enrollment rate, primary, female (% of primary school age children)","SE.PRM.TENR.FE","","","","","","","","","","","","","","","76.44057","","","","","","","","","","","","","","","","","","","","88.84879","88.32253","","88.31335","","90.82062","","","","","","","96.19792","97.09485","96.59313","94.51121","95.54082","94.58218","93.21474","92.83929","94.16511","94.27865","93.76568","94.52416","","","","","","","","",
"Turkiye","TUR","Trained teachers in primary education (% of total teachers)","SE.PRM.TCAQ.ZS","","","","","","","","","","","","","","","","","","","","","","","","","","","","","","","","","","","","","","","","","","","","","","","","","","","","","","","","","","","","","","","","","","",
"Turkiye","TUR","Repeaters, primary, male (% of male enrollment)","SE.PRM.REPT.MA.ZS","","","","","","","","","","","","","","","","","","","","","","","","","9.00859","9.35174","8.48755","8.08291","7.5176","7.53792","6.86934","6.60754","6.53098","5.52135","4.93093","4.39394","","","","","","","","","2.53831","2.37577","2.37593","2.10462","2.07247","1.65279","1.56473","2.17679","1.99139","1.89469","1.68083","1.65862","2.02858","2.4011","","","","","","","","",
"Turkiye","TUR","Persistence to last grade of primary, female (% of cohort)","SE.PRM.PRSL.FE.ZS","","","","","","","","","","","","","","","","","","","","","","","","","93.337028503418","97.0829391479492","95.2685928344727","96.5157623291016","95.8855972290039","95.9800567626953","94.8101425170898","96.98046875","92.6137008666992","90.0637435913086","","","","","","","","","","","96.2746810913086","98.1678314208984","97.9907836914062","94.4734573364258","93.027099609375","100","95.4279632568359","89.2361526489258","","93.8912734985352","87.7254028320312","95.7996292114258","99.9324417114258","99.9652786254883","99.8298187255859","99.8473129272461","99.8428115844727","99.686637878418","99.1139678955078","","","",
"Turkiye","TUR","School enrollment, primary, private (% of total primary)","SE.PRM.PRIV.ZS","","","","","","","","","","","","0.48581999540329","0.46136000752449","0.452769994735718","0.453060001134872","","","","","","","","0.378549993038177","0.35139998793602","0.291139990091324","0.311199992895126","0.373180001974106","0.466829985380173","0.537320017814636","0.599969983100891","0.641480028629303","0.647520005702972","0.64521998167038","0.649479985237122","0.691269993782043","0.750819981098175","","","","","","","","","","","","","","","","","2.66142010688782","2.99219989776611","3.30632996559143","3.74063992500305","4.32851982116699","4.28589010238647","4.57901000976562","4.97712993621826","5.18978977203369","5.05427980422974","5.73968982696533","6.29967021942139","","",
"Turkiye","TUR","Net intake rate in grade 1 (% of official school-age population)","SE.PRM.NINT.ZS","","","","","","","","","","","","","","","","","","","","","","","","","","","","","","","","","","","","","","","","","","","","","","","","","","","","","","","","","","","","","","","","","","",
"Turkiye","TUR","School enrollment, primary, female (% net)","SE.PRM.NENR.FE","","","","","","","","","","","","","","","76.44057","","","","","","","","","","","","","","","","","","","","88.84879","88.32253","","88.31335","","90.82062","","","","","","","96.19792","97.09485","96.59313","94.51121","95.38382","94.58218","91.97876","92.52282","93.99166","94.15426","93.65463","87.18836","","","","","","","","",
"Turkiye","TUR","Gross intake ratio in first grade of primary education, female (% of relevant age group)","SE.PRM.GINT.FE.ZS","","","","","","","","","","","","","","","","","","","","","","","","","112.81882","85.72757","89.96351","93.08986","100.31273","91.03963","92.8758","91.03065","92.59942","91.12821","89.04446","90.89576","","","","","","","","","97.51967","99.3202","99.55658","101.64584","99.2899","92.90032","102.05109","100.08062","100.85146","","100.45807","92.443","89.66939","94.64087","","","","","","","","",
"Turkiye","TUR","Pupil-teacher ratio, primary","SE.PRM.ENRL.TC.ZS","","","","","","","","","","","","37.80389","36.11195","33.12517","34.02891","33.55384","31.94539","30.16475","29.62344","29.7868","","26.62431","27.53688","28.55453","31.10382","31.14897","31.19571","30.91192","31.14063","30.62648","30.48036","30.38145","29.27687","28.4562","27.42823","27.74516","","","","","","","","","","","","","","","","","20.13204","19.83354","19.32755","18.40513","","16.97782","","","","","","","","",
"Turkiye","TUR","Educational attainment, at least completed primary, population 25+ years, total (%) (cumulative)","SE.PRM.CUAT.ZS","","","","","","","","","","","","","","","","","","","","","","","","","","","","","","","","","","","","","","","","","76.1828797892907","76.3838881879505","77.9364854547665","79.4269971130475","79.6686706542969","79.3439712524414","79.3313522338867","80.0342636108398","81.0672225952148","82.6513595581055","85.1923065185547","86.4667892456055","86.9569625854492","87.2976989746094","87.8281021118164","88.2771301269531","88.9477005004883","89.5014495849609","82.8298728227185","91.03515625","84.4980037842321","85.0500652302289","85.3675616236604","86.2253516011685","","",
"Turkiye","TUR","Primary completion rate, male (% of relevant age group)","SE.PRM.CMPT.MA.ZS","","","","","","","","","","","","","","","","","","","","","","","","","90.0042877197266","92.270263671875","96.3508682250977","96.9430389404297","109.127319335938","94.0334930419922","93.6617279052734","96.2451934814453","101.673896789551","96.3336181640625","96.2068176269531","93.4532089233398","","","","","","","","","","","","","","","","","","103.461158752441","99.0810089111328","98.8575286865234","133.79118347168","92.234001159668","90.7899627685547","96.493782043457","100.472541809082","103.389442443848","101.433471679688","91.8240966796875","","",
"Turkiye","TUR","Trained teachers in preprimary education, male (% of male teachers)","SE.PRE.TCAQ.MA.ZS","","","","","","","","","","","","","","","","","","","","","","","","","","","","","","","","","","","","","","","","","","","","","","","","","","","","","","","","","","","","","","","","","","",
"Turkiye","TUR","School enrollment, preprimary (% gross)","SE.PRE.ENRR","","","","","","","","","","","","0.205970004200935","0.268810003995895","0.277579993009567","0.264450013637543","0.224319994449615","","","0.207120001316071","0.213170006871223","","0.189820006489754","0.222420006990433","0.22503000497818","0.237139999866486","3.18009996414185","4.50614023208618","3.9543399810791","3.88632988929749","3.97365999221802","4.20310020446777","4.51412010192871","5.02715015411377","5.19844007492065","5.52661991119385","5.75713014602661","","6.83936977386475","7.15124988555908","6.80279016494751","6.52913999557495","6.68273019790649","7.38290977478027","8.0675802230835","8.94169044494629","10.860969543457","13.7868299484253","16.1882495880127","17.9324493408203","20.8057994842529","25.4554100036621","28.9796199798584","30.2375202178955","27.6796493530273","26.974100112915","29.1438007354736","30.173210144043","32.7392692565918","36.6724281311035","37.9658088684082","39.7459297180176","","","","","",
"Turkiye","TUR","Female primary school age children out-of-school (%)","SE.LPV.PRIM.SD.FE","","","","","","","","","","","","","","","","","","","","","","","","","","","","","","","","","","","","","","","","","","5.47583770751953","","","","","","","","","","","","","","","","","","","","5.47583770751953","","","","",
"Turkiye","TUR","Female pupils below minimum reading proficiency at end of primary (%). Low GAML threshold","SE.LPV.PRIM.LD.FE","","","","","","","","","","","","","","","","","","","","","","","","","","","","","","","","","","","","","","","","","","23.3490695953369","","","","","","","","","","","","","","","","","","","","11.7918548583984","","","","",
"Turkiye","TUR","School enrollment, tertiary (gross), gender parity index (GPI)","SE.ENR.TERT.FM.ZS","","","","","","","","","","","","0.248630002140999","0.257129997014999","0.261090010404587","0.277339994907379","0.235249996185303","0.212940007448196","0.248820006847382","0.292059987783432","0.326139986515045","0.335889995098114","","0.379610002040863","0.467619985342026","0.548330008983612","0.493519991636276","0.51146000623703","0.534870028495789","0.53013002872467","0.534169971942902","0.53100997209549","0.531229972839355","0.540929973125458","0.552919983863831","0.620829999446869","0.644429981708527","","0.560800015926361","0.675400018692017","0.678659975528717","","0.711440026760101","0.728940010070801","0.756749987602234","0.732020020484924","0.748269975185394","0.765049993991852","0.773819983005524","0.790610015392303","0.806450009346008","0.836399972438812","0.863579988479614","0.869719982147217","0.873910009860992","0.88375997543335","0.889419972896576","0.889379978179932","0.895009994506836","0.910880029201508","0.951300024986267","0.982479989528656","1.01570999622345","1.03682005405426","1.07325994968414","","",
"Turkiye","TUR","Compulsory education, duration (years)","SE.COM.DURS","","","","","","","","","","","","","","","","","","","","","","","","","","","","","","","","","","","","","","","8","8","8","8","8","8","8","8","8","8","8","8","8","8","12","12","12","12","12","12","12","12","12","12","12","12","12","12",
"Turkiye","TUR","Literacy rate, youth total (% of people ages 15-24)","SE.ADT.1524.LT.ZS","","","","","","","","","","","","","","","","80.0500030517578","","","","","84.6900024414062","","","","","90.9000015258789","","","","","92.5400009155273","","","","","","","","","","","","","","95.5999984741211","96.120002746582","96.1800003051758","96.3600006103516","","97.8099975585938","98.2200012207031","98.7099990844727","99.0199966430664","99.2300033569336","99.3600006103516","99.4899978637695","99.620002746582","99.75","99.39","99.9100036621094","","99.9599990844727","92.23","","","",
"Turkiye","TUR","Real effective exchange rate index (2010 = 100)","PX.REX.REER","","","","","","","","","","","","","","","","","","","","","","","","","","","","","","","","","","","","","","","","","","","","","","","","","","","","","","","","","","","","","","","","","","",
"Turkiye","TUR","Coverage of social insurance programs in 2nd quintile (% of population)","per_si_allsi.cov_q2_tot","","","","","","","","","","","","","","","","","","","","","","","","","","","","","","","","","","","","","","","","","","","","","24.0461454175781","24.1353004873037","25.7173344304826","27.9262131685911","28.1165076568359","26.7082332300371","28.4855813350725","31.8071134731499","31.9264873690021","33.4246807968807","33.3761581800756","35.1477443503748","32.072254235477","34.4238992966907","34.0038227476158","32.3550381217289","","","","","","",
"Turkiye","TUR","Adequacy of social insurance programs (% of total welfare of beneficiary households)","per_si_allsi.adq_pop_tot","","","","","","","","","","","","","","","","","","","","","","","","","","","","","","","","","","","","","","","","","","","","","41.8753430005567","43.073018156065","42.4587506967454","43.4113974122514","41.2956682458762","40.4061217612637","42.5772343887365","41.5481112776827","42.4917451568408","42.212868522335","42.6875069903218","42.8525627883291","44.7442915409168","46.339930962964","44.9838450646075","49.2958357573045","","","","","","",
"Turkiye","TUR","Coverage of social safety net programs in 2nd quintile (% of population)","per_sa_allsa.cov_q2_tot","","","","","","","","","","","","","","","","","","","","","","","","","","","","","","","","","","","","","","","","","","","","","31.072089024791","32.7244701007241","33.4229985960713","38.0484117129049","40.7771327457982","22.5170420231389","20.2874086556136","21.8534404917199","18.3592403782426","19.0006447304941","20.5068329158065","20.0340169954359","20.0856781523736","20.6916285760851","19.1319282470799","16.9301647938291","","","","","","",
"Turkiye","TUR","Adequacy of social safety net programs (% of total welfare of beneficiary households)","per_sa_allsa.adq_pop_tot","","","","","","","","","","","","","","","","","","","","","","","","","","","","","","","","","","","","","","","","","","","","","2.67524834352085","1.4604870680518","1.64656535295863","1.7430521683985","1.91188845700224","6.36699742752675","7.76440626466013","7.42128079815082","7.6515104420021","5.97906034244054","5.77356306132734","6.70417504002812","6.50680331929836","6.87567173468738","6.45913249979142","9.40581881330468","","","","","","",
"Turkiye","TUR","Coverage of unemployment benefits and ALMP in 2nd quintile (% of population)","per_lm_alllm.cov_q2_tot","","","","","","","","","","","","","","","","","","","","","","","","","","","","","","","","","","","","","","","","","","","","","","","","","","1.3845343061958","1.18860945534284","1.19974645315296","1.24463197891453","0.860042170111457","1.47022458112365","1.38453844565469","1.61121486031603","1.02321845499967","1.96157536566076","2.94729151351071","","","","","","",
"Turkiye","TUR","Adequacy of unemployment benefits and ALMP (% of total welfare of beneficiary households)","per_lm_alllm.adq_pop_tot","","","","","","","","","","","","","","","","","","","","","","","","","","","","","","","","","","","","","","","","","","","","","","","","","","7.96002533530929","8.61678787390659","11.7753790669035","9.6635868642598","7.6828393607244","6.33201772659192","6.73284518616455","7.50465038941418","7.5909039701378","8.27575318620755","9.94649352418274","","","","","","",
"Turkiye","TUR","PPP conversion factor, households and NPISHs Final consumption expenditure (LCU per international $)","PA.NUS.PRVT.PP","","","","","","","","","","","","","","","","","","","","","","","","","","","","","","","0.001763","0.002742","0.004421","0.007155","0.01464","0.027581","0.045322","0.081094","0.146767","0.221074","0.328554","0.467096","0.657541","0.841977","0.906943","0.966777","1.017596","1.055589","1.057925","1.085677","1.114543","1.148268","1.230462","1.29735","1.369344","1.445683","1.555154","1.707804","1.931269","2.140464","2.53584","3.076474","4.86323","7.696062","12.551671","17.744381",
"Turkiye","TUR","Official exchange rate (LCU per US$, period average)","PA.NUS.FCRF","9.01691666658333E-06","9.02E-06","9.02E-06","9.02E-06","9.03916666575E-06","9.039999999E-06","9.039999999E-06","9.039999999E-06","9.039999999E-06","9.039999999E-06","1.1328499999E-05","1.48666666670833E-05","1.415E-05","1.415E-05","1.39270833330833E-05","1.44420833326667E-05","1.60530833323333E-05","1.8002249999E-05","2.42821666656667E-05","3.1077499999E-05","7.60380833328333E-05","0.000111218583332667","0.000162553416665667","0.00022545708333225","0.000366677833333167","0.000521983083333166","0.00067451175000025","0.000857214166666667","0.00142234583333333","0.00212167916666667","0.00260864166666667","0.00417181583333333","0.00687242333333333","0.0109846283333333","0.0296086758333333","0.0458450608333333","0.0814048916666666","0.151865","0.26072425","0.418782916666667","0.6252185","1.22558808333333","1.50722641666667","1.50088520858333","1.42553725","1.34358310833333","1.42845341333845","1.30293090533794","1.30152170281795","1.54995977566564","1.5028486296723","1.67495455197133","1.79600094441355","1.90376824244752","2.18854241775473","2.72000852790578","3.02013474808043","3.64813263536867","4.82837014720942","5.67381930843574","7.00860541558522","8.85040754928315","16.5488604173067","23.7385661219918","32.8058614432703","39.4548130977983",
"Turkiye","TUR","Net secondary income (Net current transfers from abroad) (current LCU)","NY.TRF.NCTR.CN","","","","","","","","1100","1600","1600","3800","8500","11200","17700","20751","20753","17979","19928","26686","56250","165079","284497","370134","396804","728956","1000120","1241102","1991309","2971280","7270995","11386721","21021800","27048000","40172000","89096000","201428400","333495800","685220900","1435153500","2044162800","2978540900","3660831600","3667081900","1530902900","1592325100","1953569800","2591214500","2698369900","2845126400","3616056200","2216701700","2879246900","2605997400","2431112000","3326584500","3799851900","4705369900","9240720000","3770957100","4941896600","1408729700","8407887200","-6106529500","13222381300","2362022000","-21384508700",
"Turkiye","TUR","Taxes less subsidies on products (current US$)","NY.TAX.NIND.CD","144444444.444444","166666666.666667","177777777.777778","200000000","244444444.444444","344444444.444444","411111111.111111","455555555.555556","511111111.111111","511111111.111111","481818181.818182","466666666.666667","635714285.714286","785714285.714286","1035714285.71429","1421428571.42857","1656250000","1738888888.88889","1729166666.66667","2093548387.09677","928947368.421053","1028828828.82883","940490797.546012","1286222222.22222","1351226158.03815","1885823754.78927","2227555555.55556","3094049008.16803","2985654008.43882","3229971724.78794","5134879264.08586","5322627037.39214","5924476135.04075","7394556213.01775","4589553851.86936","22598132838.9137","21118400589.6444","23977749316.8274","21794842438.7475","22405971350.3175","28556287956.7","21661295720.9111","27971254609.4614","38596935474.7366","51043950525.3108","63555858700.2068","69287010493.1699","76906744179.0855","83858650718.1592","69659789736.5093","93324165035.8752","100032268926.628","102413292642.933","117714597787.125","107756679286.941","102063495414.905","102334503159.627","96815365174.4605","80381950679.0076","75605928916.6609","78773322537.0812","86338957548.6237","94812154952.0632","126277285237.027","151606582939.555","181179673924.614",
"Turkiye","TUR","Gross savings (% of GDP)","NY.GNS.ICTR.ZS","","","","","","","","","","","","","","","32.1490520371117","32.7876202295998","34.0991253644315","31.9309855154786","30.9306530122005","33.7056981390159","28.8243222574848","32.5128464751297","31.8643563790244","28.8058220310949","29.402416682199","34.8227322591215","38.4029166413792","24.1716538257191","28.4258039303692","26.0768212229334","21.6913622900512","18.552669829995","18.3487938187326","18.5139518184645","18.1913193135684","28.5671978386522","29.0220055246417","27.7125434492721","27.1447648260839","22.0235401957254","21.7808217926706","23.2681261301699","23.0727365940066","21.4394238050065","22.7880020234274","24.7258467551369","25.8179668236582","25.2830780835417","26.1091140699053","23.357563501902","24.0439420609212","24.6322351342824","25.4451759921484","26.3399370821622","26.8300125662284","27.7921333695116","27.3477821809118","28.7891671366617","30.6657489976786","29.5729485423088","30.0930836117879","33.6140643281242","33.9528124324798","31.7494652121673","29.9143206230241","",
"Turkiye","TUR","GNI per capita (constant LCU)","NY.GNP.PCAP.KN","","","","","","","","","","","","","","","","","","","","","","","","","","","","","","","","","","","","","","","","","","","","","","","","","","","","","","","","","","","","","","","","","","",
"Turkiye","TUR","GNI per capita, Atlas method (current US$)","NY.GNP.PCAP.CD","","","","","","","","450","490","540","540","520","540","620","820","1080","1270","1370","1480","1770","1810","1810","1520","1360","1270","1270","1400","1680","1800","1850","2220","2490","2830","3030","2570","3030","3410","4250","4150","3930","4180","3480","3500","3860","5170","6710","7780","8930","9830","9610","10460","11260","11950","12640","12670","12080","11350","11140","10760","9970","9330","10230","10870","11980","13430","16300",
"Turkiye","TUR","GNI growth (annual %)","NY.GNP.MKTP.KD.ZG","","","","","","","","","","","","","","","","","","","","","","","","","","","","","","","","","","","","","","","","","","","","","","","","","","","","","","","","","","","","","","","","","","",
"Turkiye","TUR","GNI (current US$)","NY.GNP.MKTP.CD","","","","","","","","15577777777.7778","17411111111.1111","19366666666.6667","17781818181.8182","16080000000","20528571428.5714","25864285714.2857","35238214285.7143","45873642857.1429","51149000000","58342277777.7778","65467333333.3333","88637677419.3548","67705118421.0526","69751369369.3694","62885404907.9755","60334577777.7778","58435920980.9264","65679808429.1188","73797394074.0741","85104560093.3489","88361564697.609","104800543355.325","148147844768.11","148371860019.175","156469077415.6","177668010923.987","127387439629.842","231497772930.527","247440144954.241","260803859348.764","273050647427.931","253136795667.446","270746466438.16","197195079912.662","236224007215.905","309835899152.833","404547783537.011","502944209773.419","553682116527.46","678950481491.345","767812946073.904","646239451018.091","776025665851.992","836942509321.146","878739622695.088","953547642517.366","934138430379.677","855777052355.341","861638017671.396","853144523431.574","777282985438.15","764010143573.491","724982246609.703","828401668759.226","916895476679.36","1129469864595.02","1340642768525.42","1574034229288.06",
"Turkiye","TUR","Gross domestic savings (current LCU)","NY.GDS.TOTL.CN","24000","24700","27900","33200","36800","40100","48200","54300","61300","68300","73600","78400","94600","112600","141000","193600","267600","323500","473600","910600","1427700","2443500","3214000","3940200","6289200","12031700","19640000","17858000","37336900","56943900","80414300","106990300","191794100","356988700","711209600","3018937300","5819752100","10875546000","18878732300","23110469400","36938232300","60127355400","86929375500","108296989400","139643519400","174129691100","212363723300","231210124100","270548981200","244980183700","290350163100","357560150100","413816898300","496459579800","567961365300","676781242200","742262848500","937202737500","1216983777100","1364069219000","1606486943000","2592501547500","5361948790800","8867648303900","13941888678400","19808405012027.9",
"Turkiye","TUR","GDP per capita, PPP (constant 2021 international $)","NY.GDP.PCAP.PP.KD","","","","","","","","","","","","","","","","","","","","","","","","","","","","","","","12184.1995945303","12057.9354364382","12451.0451197948","13174.467116412","12343.0041848988","13099.2575267612","13826.9201097072","14631.2958814739","14704.3385744207","14066.1896257233","14856.914625257","13872.1287284566","14587.894621656","15255.7177960689","16583.8837094062","17902.5966004487","18972.0089563632","19909.083519675","19839.5845462269","18612.1925231905","19897.4464836887","21760.4291923634","22517.7148287875","24117.3121099839","24888.8521742576","25984.8027306177","26489.6436816046","28194.688309381","28780.3036458151","28741.0535082701","28976.7179161611","32105.5474400506","33520.8111384208","35069.1701714685","36154.490436557","37300.7485739354",
"Turkiye","TUR","GDP per capita (constant 2015 US$)","NY.GDP.PCAP.KD","2449.49172113529","2410.64315192164","2477.15779671441","2630.46192631855","2702.27677562415","2709.66882095403","2937.88808573302","2998.05906252199","3121.39879143887","3170.16461269859","3196.68555963572","3295.46998829981","3456.20727498748","3487.3522082994","3601.7966810353","3780.9371520204","4092.05544946496","4145.06343835049","4123.30032361003","4017.92426432571","3842.04482389031","3949.28850759335","4003.50315441713","4104.90632975913","4280.87525403423","4364.45011849922","4572.10668339085","4904.82484018353","4919.41900099648","4837.93436492876","5188.18244439241","5134.41760877172","5301.80855982172","5609.85056730997","5255.80339736897","5577.82539654281","5887.67309798528","6230.18622126407","6261.28870069222","5989.55700860592","6326.25746472488","5906.92348536699","6211.70542960394","6496.07277294612","7061.62219794984","7623.14640948457","8078.5153787571","8477.53328393352","8447.93976396947","7925.30110421185","8472.57809050119","9265.85910238578","9588.32066531438","10269.4489140773","10597.9801881716","11064.6494504662","11279.6169531569","12005.6459824832","12255.0082146169","12238.2950220128","12338.643833135","13670.938029516","14273.5747654873","14932.8851363122","15395.0278894893","15883.1187401807",
"Turkiye","TUR","GDP, PPP (constant 2021 international $)","NY.GDP.MKTP.PP.KD","","","","","","","","","","","","","","","","","","","","","","","","","","","","","","","682505591964.96","687421536684.635","722037575720.223","777282585537.199","740997888983.529","799375680239.613","856593380523.765","919620342574.22","937171946463.8","908562237208.12","972027916852.394","918960943249.084","978100755969.014","1034821730499.14","1137531983651.84","1241179091458.81","1328900988579.59","1396783711390.71","1409635772832.29","1340807571289.78","1455342015326.93","1615138023254.75","1692787834404.26","1836476014441.7","1920968501406.7","2032491746703.96","2100044965183.79","2264391487395.45","2342924050076.82","2373420103722.98","2416214350889.36","2701595710002.02","2848595614232.43","2992310786629.76","3091883611271.66","3203334425248.63",
"Turkiye","TUR","GDP (constant 2015 US$)","NY.GDP.MKTP.KD","69393850611.6073","70196091673.8763","74107016788.7045","80825785366.5437","85238110897.4404","87644834140.8987","97472287281.1582","102085173261.739","109004502232.61","113453134702.055","117121651992.719","123641456553.195","132822809399.576","137155933758.934","144829087364.853","155219289299.975","171457057859.695","177298033677.47","179962704353.859","178839532694.647","174462702629.743","182935743325.048","189454160609.63","198872079969.436","212220405223.885","221221385068.134","236733497412.287","259188945262.461","265204038481.014","265973777472.869","290619297801.216","292712567686.886","307452503997.471","330976510465.766","315526039205.892","340384022644.803","364748025041.481","391585682738.779","399059372123.491","386877005103.984","413901474163.049","391304902374.343","416487363949.901","440639854394.832","484375146822.671","528509363515.706","565862429106.909","594767729617.936","600240295872.955","570932398858.345","619702577582.152","687745688381.755","720809935556.199","781994134596.37","817972077517.761","865460050683.656","894225044186.927","964205820086.089","997645953748.995","1010631549472.6","1028853867659.94","1150372769727.98","1212967141770.11","1274162834489.99","1316562171166.78","1364019302183.26",
"Turkiye","TUR","Mineral rents (% of GDP)","NY.GDP.MINR.RT.ZS","","","","","","","","","","","0.214782947317114","0.118608920405928","0.0948054454215406","0.205143058308503","0.163568603393556","0.0704190476909267","0.0939006952725564","0.0794472810207793","0.0499470930886876","0.0497731679215065","0.0709133592086129","0.0695498667851352","0.0800217205847813","0.0643707365347918","0.049232745977924","0.0566403173147087","0.0249108681834291","0.0225918540583707","0.145595392561239","0.191837757735386","0.0864863034355728","0.0417071682155979","0.0828862244445745","0.0597204414206675","0.0592598038081694","0.0447394419281665","0.0321485472750097","0.0274117032736885","0.027666914470034","0.0253134318083509","0.0238700694895731","0.0161729848083937","0.0130253454645276","0.0103377338342424","0.017471477056129","0.0402695485674776","0.109189191503533","0.147316890892937","0.151035515619601","0.1216038121696","0.725044673354386","0.777896769623353","0.494959706015113","0.433052378760757","0.330649721209624","0.13485248192782","0.262367105043267","0.214531276060355","0.279763045970501","0.147280208232673","0.19878196382086","0.63423420953124","","","","",
"Turkiye","TUR","Gross value added at basic prices (GVA) (current LCU)","NY.GDP.FCST.CN","66800","70400","78700","91400","98400","104600","123200","136700","152900","170600","191200","235500","280200","353000","481300","624700","796700","1025000","1540400","2713200","5160000","7786800","10338900","13616400","21501200","34111100","49575700","72070300","124978900","220469900","379663300","607910900","1052655000","1900637900","3732537000","9723793000","18661979400","36423271800","66286608000","98107442400","153924025600","221260039900","320747872400","415438911200","511928632000","597569760300","700486364500","792601248900","900077032000","905540353900","1035795840900","1246434912200","1406114919300","1607642686100","1826528160800","2076445500800","2320923956900","2798333824300","3418365420100","3973075954900","4589619498800","6669664907700","13756824413200","24093827394800","39613640953600","55872495652060",
"Turkiye","TUR","GDP deflator: linked series (base year varies by country)","NY.GDP.DEFL.ZS.AD","","","","","","","","","","","","","","","","","","","","","","","","","","","","","","","0.10560789547204","0.168089863628543","0.277683510531697","0.467561907652121","0.957328971898505","1.78070409371192","3.14768818381735","5.76356407885482","10.1593232994269","15.651445361806","23.3790582611154","35.6743724771031","49.0851262830098","60.5162629970376","67.9990881989993","72.7948427268321","79.587013998625","84.5601944812786","94.7147549450347","100","106.905064723667","115.817265701763","124.264298226205","131.952560547135","142.030678509985","153.224032628886","165.677480117358","184.123036004355","214.933229774473","245.368437391499","281.52079580504","364.022997339074","711.757895853495","1197.74445703307","1907.76827656108","2602.67938524398",
"Turkiye","TUR","Coal rents (% of GDP)","NY.GDP.COAL.RT.ZS","","","","","","","","","","","0.0681314372295","0.0910380411855537","0.07273894436552","0.0657991730834617","0.104361080085868","0.260306534600585","0.270655728963899","0.234816186474659","0.191797211828026","0.116470834504256","0.203798919738827","0.39255758812641","0.498543320720706","0.295746953016655","0.218647349241707","0.261038969147868","0.110936197648833","0.0512860382536795","0.052578850020964","0.0608373431237279","0.0916217434536764","0.0783726973269313","0.0498176354357153","0.013994422181323","0.0152068413552776","0.0300077854751618","0.0200434490531842","0.0105597970523499","0.0104237276966542","0.00286586000907352","0.0163299373783943","0.0669832853392418","0.0208900073928248","0.0158208744072334","0.0910117911446375","0.0518150541094461","0.0609969514288379","0.0884930759300957","0.269621038571002","0.106215923660071","0.153528250747308","0.174773590035299","0.06808750317779","0.0271953145935112","0.0238619620578174","0.0162128322535002","0.0215533089036783","0.0298082732253323","0.0401708928121365","0.0322436421155324","0.0244307938802644","0.0473618807971925","","","","",
"Turkiye","TUR","Adjusted net savings, including particulate emission damage (% of GNI)","NY.ADJ.SVNG.GN.ZS","","","","","","","","","","","","","","","","","","","","","","","","","","","","","","","5.93148063052939","2.60068500627678","2.89830255093433","4.35889174749601","2.25931599109512","3.59514977671773","6.37895528698475","5.40683958647266","11.2927917326227","6.00607176378911","5.63726174632372","3.88861485975354","4.57830190973333","4.20543711632953","7.18588404183424","9.09364319208173","10.164286056759","9.70885353708358","10.661816085234","7.31531459869554","8.55924838309323","10.5681118522997","10.953490177332","12.0602292803924","12.4791789001271","12.5416085317059","12.1247044813303","12.5913289159743","15.1427731032331","12.4007959234132","13.0553078261866","","","","","",
"Turkiye","TUR","Adjusted net national income per capita (current US$)","NY.ADJ.NNTY.PC.CD","","","","","","","","","","","394.977451901211","368.597366183351","444.588801957244","549.414238857268","745.052428934965","919.573778462554","1030.63284527947","1159.05266188527","1258.11511889282","1682.28852453265","1260.09788441089","1270.51389172684","1127.14445405393","1050.32227305165","997.057628107596","1095.61526013583","1208.21898161874","1338.26665340543","1352.58907892117","1593.38025965236","2230.68110060121","2173.38773661434","2262.75315330867","2546.26428603116","1765.38370727854","2284.82806898572","2422.5787731472","2507.67594752696","3613.11762117998","3270.85510114989","3462.85770869955","2427.77849288129","2865.1920204052","3764.39676339232","4897.89768823018","6059.75663652958","6615.69629619718","8093.66040175514","9024.59580737861","7429.9722239224","8905.31661201184","9534.73734440973","9895.72876831683","10665.1872018902","10269.2934082314","9294.2728117552","9193.57420566561","8921.21121974112","8063.60119778653","7621.52312657109","7197.80195462463","","","","","",
"Turkiye","TUR","Adjusted savings: net national savings (% of GNI)","NY.ADJ.NNAT.GN.ZS","","","","","","","","","","","","","","","17.1044057284462","17.9284767410741","19.5113390598906","17.3160942941383","16.2848239288873","19.1715285784539","14.2648919809139","18.1182973225527","17.4954291924993","14.3656230335036","14.9965506822467","20.5158814762797","24.2234890405515","8.06731071845668","11.9724004498787","10.5086061865245","6.6674358650585","3.13400217849992","3.02610727330268","3.59039236987697","1.97523005636713","3.95769069159618","6.35233766428939","5.29245366516799","10.3946848292055","5.74062340561547","5.64904836564499","3.9161833397604","4.4791632007168","3.72874558024325","6.01720186078794","7.86480003457039","9.13969928191742","8.41067760354536","9.1313993340152","5.79021935703743","6.85866002988223","8.75702904325477","8.94388170611296","9.90557257016423","10.4493876564384","10.6611730886612","10.0278163303745","10.9467320310925","13.9177546577826","10.878195092935","11.7160386650491","15.4276393038891","","","","",
"Turkiye","TUR","Adjusted savings: particulate emission damage (% of GNI)","NY.ADJ.DPEM.GN.ZS","","","","","","","","","","","","","","","","","","","","","","","","","","","","","","","1.22912607076738","1.27167875388334","1.21232442743068","1.08522664812891","1.10145946990499","0.995800354459459","0.845848718132444","0.73130754300626","0.67248844824628","0.670125818622972","0.602198194029593","0.599703367462604","0.499478044838241","0.435782901128867","0.371838148766133","0.325325536645918","0.298348093575289","0.285896823739675","0.299450128509457","0.337676682786597","0.323924989133271","0.300611651082651","0.286862365405851","0.274544185705053","0.273314337927595","0.271928389610581","0.27015210439496","0.256886017354181","0.25759743094041","0.2576670370205","0.258209546345293","0.237621533215239","","","","",
"Turkiye","TUR","Adjusted savings: mineral depletion (% of GNI)","NY.ADJ.DMIN.GN.ZS","","","","","","","","","","","0.113443208666466","0.0579781976586091","0.0429397278253173","0.113044675314345","0.0779327405631688","0.0258795808394223","0.0319891859352188","0.0232457971736469","0.0168338879167146","0.0253917969823821","0.0267262492340844","0.0237789929235832","0.0218817492023338","0.0199307647806543","0.0164048276507787","0.0179476230800578","0.00618007064051947","0.0105739674172276","0.0690080801300705","0.0889843435450024","0.0356031686865197","0.0148707853119272","0.0203932686035172","0.0172519754831087","0.0276192171430264","0.021225226266351","0.0132741549928672","0.0100646667649597","0.00560296476580228","0.00698225345426753","0.0084468014898573","0.00446320330051641","0.00531699445080036","0.00465546789605078","0.00845882685077408","0.0144377013974872","0.0603142395945075","0.0700061893291399","0.0661771769692525","0.0688309013638732","0.245946680064124","0.291778961255512","0.163675965155496","0.128223095875775","0.090249050528387","0.0581020580656628","0.0502398844635301","0.0429421742306262","0.0624504826822405","0.0822579426832805","0.103303775902956","0.279977316523648","","","","",
"Turkiye","TUR","Adjusted savings: net forest depletion (% of GNI)","NY.ADJ.DFOR.GN.ZS","","","","","","","","","","","0","0","0","0","0","0","0","0","0","0","0","0","0","0","0","0","0","0","0","0","0","0","0","0","0","0","0","0","0","0","0","0","0","0","0","0","0","0","0","0","0","0","0","0","0","0","0","0","0","0","0","","","","","",
"Turkiye","TUR","Adjusted savings: education expenditure (% of GNI)","NY.ADJ.AEDU.GN.ZS","","","","","","","","","","","1.8591363","1.8591363","1.8591363","1.8591363","1.8591363","1.8591363","1.8591363","1.8591363","3.5","2.6","1.8591363","1.9","1.5","2.3","1.7","1.5","1.3712387","1.0282591","1.1377709","1.0494792","1.9090909","2.1437579","2.527174","3.2","3.3","2.3","2.6627173","2.6627173","2.8104924","2.34714886671866","2.18664343443807","2.63","2.46529926933258","2.47968692261458","2.86","2.74999999999999","2.64","2.84605752898068","3.05211505796148","3.25817258694219","3.4642301159229","3.67028764490373","3.73313114490758","3.7270931869328","3.70725763246023","3.68073782157082","4.01208405010471","3.82806641270622","3.74457277388191","4.11688261049072","4.11688261049072","4.11688261049072","","","","",
"Turkiye","TUR","Services, value added (annual % growth)","NV.SRV.TOTL.KD.ZG","","","","","","","","","","5.60369331988669","4.26307122919722","6.94778172120756","9.43473756981057","6.10134079167625","6.89848807574226","9.3563295820052","10.9537574668585","6.21136683949157","1.42363401938003","-0.622840828717116","-1.47448058409418","7.41349902318863","5.71550999839847","5.26813064561931","7.51855303735087","2.61434530072573","3.85446659771222","13.183444209808","2.30100404165216","0.206786254845099","10.4203473531716","-0.0498157898380214","6.46582829654498","9.80228170965907","-4.33993498560447","8.14239036583977","6.09074256421947","7.49584863446829","3.94071724535942","-1.48185885253784","6.83293590044296","-2.50128441760218","5.83366366130014","5.21677570735784","9.05666459492956","7.9781373168517","5.27082162003649","5.44745497020381","1.50428380889649","-2.59302494036149","5.30566555420704","8.99433924266684","5.84219710085503","7.25995747081956","6.04139095744547","5.18534992106578","3.021270465726","8.26872254865938","5.6971286186015","3.25718883840678","0.380796623792662","14.0775199687059","10.1568534180565","5.3152310014579","3.13150519227466","",
"Turkiye","TUR","Services, value added per worker (constant 2015 US$)","NV.SRV.EMPL.KD","","","","","","","","","","","","","","","","","","","","","","","","","","","","","","","","24997.1823190575","25376.3954796839","27517.6765748798","24661.7981404226","25803.0022394014","26783.4494083428","28222.1781126623","27746.0209377204","25894.1426845372","27115.2204045805","26700.3637254625","26909.7334923112","27710.6282356281","29367.0455406108","29811.9219782937","30105.449122612","31213.7710168915","31089.9023390036","28802.4950815968","29412.9763967014","30475.0327454078","30759.9651221328","31844.2137259261","33111.3101633218","32941.9645703556","32267.8802760503","33616.6005403471","34216.6450225384","34966.7635663152","37228.8987437801","39513.2290301153","39877.0025138308","40136.7154906137","39943.5492740801","",
"Turkiye","TUR","Machinery and transport equipment (% of value added in manufacturing)","NV.MNF.MTRN.ZS.UN","","","","6.16541353383459","6.08317815021726","5.51977920883165","6.12244897959184","6.35668040023543","6.47519582245431","5.81066488404381","6.87574545709675","9.42670805684504","11.1360167874857","11.6063307258505","8.46715328467153","10.4843304843305","11.8101839509464","11.811825402213","12.0218579234973","11.2433862433862","9.66019417475728","8.97726492204135","9.64527110365583","10.1938711694809","10.4366193107838","9.47246649568797","8.26603962336149","9.42516567815658","9.66841915463017","9.08633455538782","10.9653258256862","11.2220062148882","16.0592016019637","16.4359907318491","13.6494299175652","14.0816109218077","14.6695233642659","14.5393616971207","13.6826583247977","12.8721576162156","14.6221219646996","12.7068647094569","14.7191993283578","17.8177529734813","19.2381642691316","19.9122313581763","20.0002521167837","19.9686489453954","20.0889572116815","17.7612279131195","17.5309333479949","18.0259993595052","18.1768992047076","17.7567571222088","18.1963898597218","18.6741552748257","18.9117118543897","19.3120385721801","20.4349471917046","21.7331551592164","21.6825531913216","19.9382767078643","20.4580228624922","23.6149179026157","22.5329551487836","",
"Turkiye","TUR","Industry (including construction), value added (constant LCU)","NV.IND.TOTL.KN","","","","","","","","","32825014829.6705","35882761246.3092","37211249849.565","39499287499.1788","43633995496.8691","48495788111.5485","51312384382.7477","55045025572.7181","60443195631.1015","63682486797.6914","63154586260.0373","60984816538.1633","60395992959.9777","65008290519.8004","66281426108.2948","71801464721.988","79169090063.2576","85275009817.0106","94699375878.7174","104482672860.564","104693170349.127","109861702563.108","117100588138.266","119922301500","127111049800","137458731000","130646148300","142071665100","151748859000","165769192300","167698145400","160156931600","171775986800","154292449800","164670155100","180140325800","205510958800","227556268500","256558671200","275697314600","273697706500","243783756200","271727215900","324282971100","339633996200","376530347000","395373013700","413638792500","434017669500","472906258300","476382839600","464771850300","470240538000","538718056500","537228676800","554079075400","565450967500","",
"Turkiye","TUR","Industry (including construction), value added (current US$)","NV.IND.TOTL.CD","1311111111.11111","1377777777.77778","1522222222.22222","1755555555.55556","2000000000","2311111111.11111","2766666666.66667","3200000000","3755555555.55556","4300000000","3918181818.18182","3673333333.33333","4900000000","6164285714.28571","7985714285.71429","10385714285.7143","12300000000","13722222222.2222","15104166666.6667","22980645161.2903","16169736842.1053","19000900900.9009","17883435582.8221","16457777777.7778","15358038147.139","17726628352.4904","23449481481.4815","27372228704.7841","29825738396.6245","35324882186.6164","46795208892.2959","47637631831.256","49607377764.8428","53805361857.0778","41914086933.0271","79980425346.2755","83261895460.9668","87646715833.1413","85620021555.3612","72594727818.4644","73643216376.9815","51603927910.5213","59308119021.3014","78353982150.5312","103192282557.38","128573728679.211","146045248181.074","181113373770.368","203245782783.541","157283901649.075","191791098972.685","226644892250.837","236236895469.435","267014694437.558","265723653738.425","242011167940.988","246776875537.021","250823588339.57","230083443895.145","210007872387.188","203929969858.481","258873799705.053","286072458930.706","321753796661.517","346625057903.525","383721031217.943",
"Turkiye","TUR","Manufacturing, value added (constant 2015 US$)","NV.IND.MANF.KD","","","","","","","","","10739967401.2392","11996543562.5464","12188488106.6632","13248886661.7328","14693015188.1418","16588414573.7818","17799368816.7933","19347913541.9311","21089225855.9633","22481114706.5954","23200510351.3339","21785279299.2845","20931296340.6858","22907210756.4546","24377853943.5112","26196441441.9078","28619612514.0185","30250930364.988","33427278021.8528","36790062049.904","37368793950.0296","38497526801.8061","42224389982.3623","43229476980.7545","45723528882.0749","49973931794.8493","46155096400.5696","52577089854.4374","56235555062.4616","62196111646.8388","62410968600.9449","59320527454.5991","63775376507.5393","58495743919.1636","61066474035.9395","66989721637.9558","76054820954.7649","83429321642.0858","91502996248.7472","97700405809.2151","97946831477.5385","88675278048.1963","96939118346.76","116725891250.231","119368238933.081","131054512216.676","138350498274.333","145128753323.978","151934101967.664","165209443197.08","167543759211.487","164506565162.82","169260632867.373","202306618635.398","209149101827.687","216197241959.314","215073408454.827","",
"Turkiye","TUR","Financial intermediary services indirectly Measured (FISIM) (constant LCU)","NV.FSM.TOTL.KN","","","","","","","","","","","","","","","","","","","","","","","","","","","","","","","","","","","","","","","","","","","","","","","","","","","","","","","","","","","","","","","","","","",
"Turkiye","TUR","Agriculture, forestry, and fishing, value added (annual % growth)","NV.AGR.TOTL.KD.ZG","","","","","","","","","","-1.2196875996494","2.83511990885457","5.17441689523959","1.144347667389","-7.75584234348618","6.29873766135107","3.13202129249402","6.98108509650035","-1.85192551718816","2.77910442873409","-0.042032613650008","1.12804250901206","-1.88033676242806","3.12686326631973","-0.932554717450941","0.478243379734039","-0.455714026748026","4.61866349734541","0.449741140513254","7.82739400554479","-7.5521010077313","6.81553626362643","-0.902530613011379","4.28663772266577","-1.28383556885727","-0.724201153357612","1.9639806897422","4.71039490347141","-1.2232265515151","5.72118654363905","-4.66495421792605","6.40509998320672","-8.91266997791672","8.65753540927965","-1.57028159068464","4.00571119122495","8.04370500830483","1.5975775808823","-6.20281798146787","4.5354798050071","4.2896963042907","7.66511825119834","3.45210963854892","2.19791474900714","2.36479322145937","0.559497378390603","9.44646994324442","-1.39505601841813","5.75332094324345","3.09789511335994","3.79772342649794","5.34877161947674","-2.52502316417824","1.2094321034849","0.360979343076991","5.13935140317886","-8.80120851773299",
"Turkiye","TUR","Agriculture, forestry, and fishing, value added per worker (constant 2015 US$)","NV.AGR.EMPL.KD","","","","","","","","","","","","","","","","","","","","","","","","","","","","","","","","3972.77456607414","4394.55045865337","4819.48689256804","4272.86673724791","4241.72596674649","4361.5471713089","4525.22834203815","4733.98172852044","4617.88774512161","5536.77308939956","4839.56345747581","5713.70113491229","5852.11132067278","7335.74794554564","8824.74614419297","9440.86265960384","9026.51634690026","9125.81595553255","9747.41066103448","9529.95345544695","9065.51119309543","9255.84606938846","9455.93404302239","9633.29026424939","10568.8078191809","10635.5226230875","10962.5180975329","11608.5860674958","12502.158390072","14311.7846587342","13475.9782264955","14025.680432951","14684.9123449167","15074.5893181703","13844.895944299",
"Turkiye","TUR","External balance on goods and services (current LCU)","NE.RSB.GNFS.CN","-1100","-1200","-1900","-2600","-1000","-900","-2000","-1200","-2200","-2000","-3800","-7100","-7300","-7500","-27500","-43900","-47800","-72800","-49700","-74000","-353900","-368800","-330800","-568000","-894600","-1089900","-1424900","-1626400","1422900","-3586800","-16558800","-17603900","-32286000","-112361600","37849100","70500500","-108324700","46877300","670734000","-5362900","-4307920100","11521423500","8810080200","100193700","-7510859000","-14145750700","-28735024500","-32607999800","-29454052600","4830192000","-44259919700","-94325051300","-54000062700","-78065876000.0001","-55108781700","-30917179100","-42231793000","-96331547700","24002703400","153248727000","-149615779200","37047751400","-554160131000","-502823927200","239718892400","-148183817340",
"Turkiye","TUR","Imports of goods and services (annual % growth)","NE.IMP.GNFS.KD.ZG","","","","","","","","","","","","","","","","","","","","","","","","","","","","","-4.51362973667418","6.89276742257026","33.1091126348808","-5.2848210112336","10.915171029051","35.7855325058832","-21.8757784783879","29.5841674993395","20.0631158592121","20.9736347303673","2.12471024478191","-3.23297057068086","21.6685779633506","-24.1501086193526","21.3606075741785","23.3424949012179","21.1317782628774","12.1927926751404","7.18237851185614","9.69959393151554","-2.93449793534359","-14.3754552538762","19.3374589872977","14.5166652767738","0.34021920892539","10.4762446075252","-0.00564388784069081","2.13366114808716","2.92381803269357","10.6865411580672","-5.91113013648177","-5.35535516788532","6.84269637741485","2.13627596855648","8.2541011308704","12.0500498032488","-4.39654039521656","4.93432527820291",
"Turkiye","TUR","Gross capital formation (% of GDP)","NE.GDI.TOTL.ZS","9.98531571218796","10.0139082058414","10.7098381070984","11.6952789699571","10.934393638171","11.3277623026927","12.8447596532703","12.6420454545455","13.3968253968254","13.3561643835616","14.7073791348601","13.7319587628866","16.8107921134556","15.467032967033","17.8902783380395","18.7092770710518","20.3231292517007","20.6664773265171","15.1463430052469","14.5027176847486","18.1642641379574","17.869889887356","16.9525933550638","16.2852910296423","16.1803146778439","16.5132281916485","18.8475566423189","25.6665047328829","25.14260066783","23.4725869123308","24.5492675167824","22.7120396231239","23.3622714401738","26.6156090890252","21.3205329264016","27.4023252690356","29.0861159032907","27.0279861254657","25.2997631419224","21.5049637841958","24.011318241332","19.6143621979648","21.525989356389","22.8567811256469","25.167773403717","27.5674708715615","30.1577149171837","29.5493413273707","29.7262007474574","23.6948756749495","28.4520777825517","31.958286232969","29.421538205313","31.3649431990856","30.2115390664919","30.062899150791","29.8288300175216","32.7946921972451","31.3408009091416","27.5058303832163","34.1540560799477","34.3761444701623","38.602139717568","34.5882765114043","30.7311559549208","31.6666169240923",
"Turkiye","TUR","CPIA business regulatory environment rating (1=low to 6=high)","IQ.CPA.BREG.XQ","","","","","","","","","","","","","","","","","","","","","","","","","","","","","","","","","","","","","","","","","","","","","","","","","","","","","","","","","","","","","","","","","","",
"Turkiye","TUR","Patent applications, nonresidents","IP.PAT.NRES","","","","","","","","","","","","","","","","","","","","","527","368","385","","447","461","552","760","747","886","1090","1057","1063","1057","1216","1520","735","1327","2276","2744","3156","2875","1424","348","235","218","160","211","176","177","177","228","232","269","331","489","618","380","310","217","238","242","","","","",
"Turkiye","TUR","Public private partnerships investment in water and sanitation (current US$)","IE.PPN.WATR.CD","","","","","","","","","","","","","","","","","","","","","","","","","","","","","","","","","","","","","942000000","","","","","","","","","","","","","","","","","","","","","","","","","","","","","",
"Turkiye","TUR","Investment in water and sanitation with private participation (current US$)","IE.PPI.WATR.CD","","","","","","","","","","","","","","","","","","","","","","","","","","","","","","","","","","","","","942000000","","","","","","","","","","","","","","","","","","","","","","","","","","","","","",
"Turkiye","TUR","Number of visits or required meetings with tax officials (average for affected firms)","IC.TAX.METG","","","","","","","","","","","","","","","","","","","","","","","","","","","","","","","","","","","","","","","","","","","","","","","","","2.440554619","","","","","1.490167856","","","","","","1.468920588","","","","","1.546438813","",
"Turkiye","TUR","Firms offering formal training (% of firms)","IC.FRM.TRNG.ZS","","","","","","","","","","","","","","","","","","","","","","","","","","","","","","","","","","","","","","","","","","","21.4","","26.7","33.3","","","28.74528313","","","","","28.78511047","","","","","","30.74918365","","","","","14.61405277","",
"Turkiye","TUR","Firms visited or required meetings with tax officials (% of firms)","IC.FRM.METG.ZS","","","","","","","","","","","","","","","","","","","","","","","","","","","","","","","","","","","","","","","","","","","","","","","","","54.11660767","","","","","55.84426498","","","","","","36.53606033","","","","","59.34560013","",
"Turkiye","TUR","Firms with female participation in ownership (% of firms)","IC.FRM.FEMO.ZS","","","","","","","","","","","","","","","","","","","","","","","","","","","","","","","","","","","","","","","","","","","","","9","11.4","","","40.68376923","","","","","25.10108566","","","","","","11.33591843","","","","","15.83649349","",
"Turkiye","TUR","Time required to obtain an operating license (days)","IC.FRM.DURS","","","","","","","","","","","","","","","","","","","","","","","","","","","","","","","","","","","","","","","","","","","","","","56","","","36.01618576","","","","","37.56895447","","","","","","17.91784096","","","","","22.04067421","",
"Turkiye","TUR","Firms monitoring own CO2 emissions (% of firms)","IC.FRM.CO2.ZS","","","","","","","","","","","","","","","","","","","","","","","","","","","","","","","","","","","","","","","","","","","","","","","","","","","","","","","","","","","","","","","","","7.673810005","",
"Turkiye","TUR","Firms using banks to finance investment (% of firms)","IC.FRM.BNKS.ZS","","","","","","","","","","","","","","","","","","","","","","","","","","","","","","","","","","","","","","","","","","","12.8","","14.8","32.6","","","51.90368271","","","","","45.25691986","","","","","","28.66904449","","","","","26.67569923","",
"Turkiye","TUR","Time to obtain an electrical connection (days)","IC.ELC.DURS","","","","","","","","","","","","","","","","","","","","","","","","","","","","","","","","","","","","","","","","","","","2.7","","6.4","11.1","","","7.422062874","","","","","7.100881577","","","","","","6.897175789","","","","","14.32414722","",
"Turkiye","TUR","New business density (new registrations per 1,000 people ages 15-64)","IC.BUS.NDNS.ZS","","","","","","","","","","","","","","","","","","","","","","","","","","","","","","","","","","","","","","","","","","","","","","","1.16807625877671","1.23035765891696","1.08554410719206","0.968746945878687","1.10377562863902","1.14930100986526","0.835004997466412","1.01611915745998","1.15562584456541","1.2647218289286","1.19153331488179","1.35751931207814","1.54133229788795","1.50960383437571","1.78277601073046","1.93518564950675","2.45785641220813","2.2087594776202","1.97668934775281","",
"Turkiye","TUR","B-READY: Utility Services: Overall Score","IC.BRE.US.OS","","","","","","","","","","","","","","","","","","","","","","","","","","","","","","","","","","","","","","","","","","","","","","","","","","","","","","","","","","","","","","","","","","",
"Turkiye","TUR","B-READY: Taxation: Overall Score","IC.BRE.TX.OS","","","","","","","","","","","","","","","","","","","","","","","","","","","","","","","","","","","","","","","","","","","","","","","","","","","","","","","","","","","","","","","","","","",
"Turkiye","TUR","B-READY: Market Competition Pillar 3:  Implementation of Key Services Promoting Market Competition","IC.BRE.MC.P3","","","","","","","","","","","","","","","","","","","","","","","","","","","","","","","","","","","","","","","","","","","","","","","","","","","","","","","","","","","","","","","","","","",
"Turkiye","TUR","B-READY: Labor Pillar 3: Operational Efficiency of Labor Regulations and Public Services in Practice","IC.BRE.LB.P3","","","","","","","","","","","","","","","","","","","","","","","","","","","","","","","","","","","","","","","","","","","","","","","","","","","","","","","","","","","","","","","","","","",
"Turkiye","TUR","B-READY: International Trade Pillar 3: Efficiency of Importing Goods, Exporting Goods, and Engaging in Digital Trade","IC.BRE.IT.P3","","","","","","","","","","","","","","","","","","","","","","","","","","","","","","","","","","","","","","","","","","","","","","","","","","","","","","","","","","","","","","","","","","",
"Turkiye","TUR","B-READY: Financial Services Pillar 3: Operational Efficiency of Receiving Financial Services","IC.BRE.FS.P3","","","","","","","","","","","","","","","","","","","","","","","","","","","","","","","","","","","","","","","","","","","","","","","","","","","","","","","","","","","","","","","","","","",
"Turkiye","TUR","B-READY: Dispute Resolution Pillar 3:  Ease of Resolving a Commercial Dispute","IC.BRE.DR.P3","","","","","","","","","","","","","","","","","","","","","","","","","","","","","","","","","","","","","","","","","","","","","","","","","","","","","","","","","","","","","","","","","","",
"Turkiye","TUR","B-READY: Business Location Pillar 3: Operational Efficiency of Establishing a Business Location","IC.BRE.BL.P3","","","","","","","","","","","","","","","","","","","","","","","","","","","","","","","","","","","","","","","","","","","","","","","","","","","","","","","","","","","","","","","","","","",
"Turkiye","TUR","B-READY: Business Insolvency Pillar 3: Operational Efficiency of Resolving Judicial Insolvency Proceedings","IC.BRE.BI.P3","","","","","","","","","","","","","","","","","","","","","","","","","","","","","","","","","","","","","","","","","","","","","","","","","","","","","","","","","","","","","","","","","","",
"Turkiye","TUR","B-READY: Business Entry Pillar 3: Operational Efficiency of Business Entry","IC.BRE.BE.P3","","","","","","","","","","","","","","","","","","","","","","","","","","","","","","","","","","","","","","","","","","","","","","","","","","","","","","","","","","","","","","","","","","",
"Turkiye","TUR","Human capital index plus (HCI+): overall score, total (scale 0–325)","HD_HCIP_OVRL_TO","","","","","","","","","","","","","","","","","","","","","","","","","","","","","","","","","","","","","","","","","","","","","","","","","","","165.144129219096","","","","","191.313308601757","","","","","209.64583721933","","","","","228.232515594739",
"Turkiye","TUR","Human capital index plus (HCI+): on-the-job learning pillar score, male (scale -30–87)","HD_HCIP_OTJL_MA","","","","","","","","","","","","","","","","","","","","","","","","","","","","","","","","","","","","","","","","","","","","","","","","","","","39.2336304956126","","","","","46.6666670528893","","","","","45.5215621979954","","","","","51.5787689074135",
"Turkiye","TUR","Human capital index plus (HCI+): health pillar score, female (scale 0–50)","HD_HCIP_HLTH_FE","","","","","","","","","","","","","","","","","","","","","","","","","","","","","","","","","","","","","","","","","","","","","","","","","","","45.9567686498165","","","","","46.6859801030159","","","","","47.412782971859","","","","","46.8530074667931",
"Turkiye","TUR","Voice and Accountability - Governance score (0-100)","GOV_WGI_VA_SC","","","","","","","","","","","","","","","","","","","","","","","","","","","","","","","","","","","","","51.4893244","","43.6083527","","47.6431455","","51.8230514","55.6602848","57.7311093","58.7754006","58.4611609","56.0252275","56.9109427","57.799628","56.3736705","53.466157","53.4263424","51.5118589","48.3717566","46.5962376","44.2562861","43.1206983","40.2016087","40.9941354","40.158031","39.2912763","37.673761","37.8996709","37.6897898","",
"Turkiye","TUR","Rule of Law - Governance score (0-100)","GOV_WGI_RL_SC","","","","","","","","","","","","","","","","","","","","","","","","","","","","","","","","","","","","","54.7642049","","53.7260192","","56.2126818","","54.8214219","56.7498726","59.3324591","59.7745298","59.5054577","59.1166765","58.7472573","58.1371844","57.8159363","55.4513991","55.1371299","54.9868288","50.7499237","48.7487819","47.5698504","46.3736394","44.7632614","46.6891064","44.7460611","43.620488","43.5432566","43.2093397","42.4489468","",
"Turkiye","TUR","Government Effectiveness - Governance score (0-100)","GOV_WGI_GE_SC","","","","","","","","","","","","","","","","","","","","","","","","","","","","","","","","","","","","","54.1290757","","45.6754166","","45.9089821","","49.8564079","48.9666126","52.9190452","52.3095685","52.8800113","55.0674616","53.8712791","55.8382459","56.4736084","57.6042976","58.8220358","57.1877853","60.6603143","57.8182771","55.4087042","56.9298118","52.2695935","55.4219261","52.7193901","51.8281987","50.8583854","49.1222075","49.9654888","",
"Turkiye","TUR","Primary government expenditures as a proportion of original approved budget (%)","GF.XPD.BUDG.ZS","","","","","","","","","","","","","","","","","","","","","","","","","","","","","","","","","","","","","","","","","","","","","","","","99.5508","102.0118","103.4972","102.5707","100.6508","103.1168","101.0343","102.8228","107.0542","102.3777","105.1378","108.9224","104.0078","109.7589","145.732","114.1236","","","",
"Turkiye","TUR","Subsidies and other transfers (% of expense)","GC.XPN.TRFT.ZS","","","","","","","","","","","","","","","","","","","","","","","","","","","","","","","","","","","","","","31.3537652554854","25.7781226932988","","","","","","","","","","50.4181985458603","52.1440764851672","50.1236001712311","49.9187933942159","51.198076131586","50.9655914260354","48.1099227304246","49.379768650394","50.6928180201652","48.9818640857962","46.4677947042415","45.9818140268061","49.7872582815814","48.2534195311602","38.856279100151","41.981631793347","","",
"Turkiye","TUR","Other expense (% of expense)","GC.XPN.OTHR.ZS","","","","","","","","","","","","","","","","","","","","","","","","","","","","","","","1.36258318626905","0.0760774405634681","","","","","","3.79811572767293","1.115626693993","","","","","","","","","","5.16315833696146","6.2665151712337","7.44079091305858","8.11487279563843","4.2293830525482","6.18061153253973","6.73387715855411","7.70242657346884","6.90829130862928","12.2683301671532","13.7594787781156","16.5183346563539","8.81577329491598","10.8098891492145","21.0149779486359","29.2360893047176","","",
"Turkiye","TUR","Interest payments (current LCU)","GC.XPN.INTP.CN","","","","","","","","","","","","","1500","2000","2300","3300","4100","5100","7200","14900","28000","77300","","181400","374900","595900","1084300","1912500","3368400","6178700","12486500","18597600","27006000","69027000","177463000","211272000","495886000","2279258000","6176594000","","","","","","","","","","52203351633.2319","44491742949.1159","39408121498.289","40011768167.2911","41048029907.6122","39622402483.86","42585668300.0703","43870276197.8137","48076526912.9924","61117870393.217","100248756007.493","98217590714.5016","145745039227.32","218044184636.573","651283609049.085","988038106925.678","1647879587445.1","",
"Turkiye","TUR","Compensation of employees (current LCU)","GC.XPN.COMP.CN","","","","","","","","","","","","","20000","25000","32700","43100","56400","75000","123900","212200","394100","463700","","752000","998100","1404900","2023000","3310200","5476800","13729100","28548500","55845700","106376000","189790000","302028000","515605000","998723000","2134145000","3970569000","","","","","","","","","","64207405452.57","72568753293.05","84619765612.65","97821019772.3622","115047088620.81","127818910017.59","148749923118.98","169184449789.37","201587596792.73","218373895958.6","278239420607.09","350569917685.61","410028166937.19","497077980797.2","870680477237.9","1866952512166.69","3653924131891.25","",
"Turkiye","TUR","Tax revenue (% of GDP)","GC.TAX.TOTL.GD.ZS","","","","","","","","","","","","","13.420961604981","14.3131868131868","13.1706333198871","14.7223084083152","16.2657920310982","16.6619331629272","16.5117896200771","14.5927072459595","14.3386991932092","15.268953297051","","13.9380690071769","10.8009692186697","11.3456141100711","11.7281951788689","12.1419557050878","11.0271659012029","11.2491911321247","11.5583312683401","12.4951735146288","12.968826598181","13.3427715713127","15.2014676965386","10.0832780937914","11.0165176964637","13.7113156263269","14.6634178347771","","","","","","","","","","17.4414983022934","18.0494564965647","18.814982327029","18.5508150286553","18.1051408438041","18.3984701714655","17.9488969703643","18.1419244166015","18.3280078863935","17.7025349976444","17.1432984711192","16.5299780625183","17.4856241853484","17.4752698156496","17.1801094099965","18.2219303847288","17.6239296509985","",
"Turkiye","TUR","Taxes on international trade (% of revenue)","GC.TAX.INTT.RV.ZS","","","","","","","","","","","","","13.9240506329114","14.6711635750422","14.2458100558659","13.2352941176471","16.9102296450939","15.8908507223114","16.2663006177076","10.8516206965975","5.95578123347086","5.34118462071354","","7.19246462366525","9.10063055422398","7.51789233482004","6.63036971580058","7.44976845834657","6.60264654605733","6.28609706223598","6.03107564246739","4.64140373666744","4.40747572870303","4.28482191595806","3.19379820021261","3.69884912312783","2.33457035140659","2.32823085294141","1.70401687065495","","","","","","","","","","0.919375391247304","0.798102780533275","0.906285748076415","1.11203479633949","1.09716104445819","1.20486777184182","1.09936527929809","1.20916113589728","1.20241465997528","1.43720920365035","1.43548896089168","1.40341702974754","1.75287578977308","1.66535056347732","1.94615469720527","1.64906135908758","1.66183963978623","",
"Turkiye","TUR","Alternative and nuclear energy (% of total energy use)","EG.USE.COMM.CL.ZS","","","","","","","","","","","","","","","","","","","","","","","","","","","","","","","4.77","4.8","5.29","6.17","5.82","6.09","6.29","6.03","6.35","5.6","4.75","4.47","5.46","5.42","6.49","5.75","5.62","4.61","4.6","5.4","6.76","6.79","7.24","8.09","7.29","9.83","10.58","10.34","11.94","14.53","14.86","13.44","14.83","15.29","15.68","",
"Turkiye","TUR","Renewable energy consumption (% of total final energy consumption)","EG.FEC.RNEW.ZS","","","","","","","","","","","","","","","","","","","","","","","","","","","","","","","24.4","24","24","23.6","24","21.9","21","20.7","21.5","20.5","17.3","18.1","17.5","16.3","16.8","15.3","14.2","12.5","12.5","13.1","14.2","12.7","13","13.8","11.5","13.3","13.2","11.4","11.8","14.1","13.7","12","","","","",
"Turkiye","TUR","Electricity production from oil sources (% of total)","EG.ELC.PETR.ZS","","","","","","","","","","","","","","","","","","","","","","","","","","","","","","","6.85052916949064","5.46758291006872","7.83018027382614","7.01008020810752","7.08366849248605","6.69240669240669","6.89422529569269","6.92863228004957","7.13642341157608","6.93833734111989","7.45345095339492","8.44734161743736","8.30293663060278","6.54213585050611","5.08964949767084","3.3854874163353","2.46172695250682","3.40680107330417","3.78947474523481","2.46596718887954","1.03215787280785","0.394083516061955","0.684353809666967","0.724118690506925","0.851315470922318","0.849558603881841","0.701874580916008","0.403327536270885","0.107939278414441","0.11056377654271","0.104987561256329","0.0839500123983114","0.375785296867339","0.363885634217933","0.294636075722618","",
"Turkiye","TUR","Electricity production from hydroelectric sources (% of total)","EG.ELC.HYRO.ZS","","","","","","","","","","","","","","","","","","","","","","","","","","","","","","","40.2273082738126","37.6506324071308","39.4523477176205","45.9990786906568","39.0521060762758","41.2083898570385","42.6672429423795","38.5455390334572","38.0366053574967","29.7810030917211","24.7186244216391","19.5640660012222","26.0301391035549","25.1314188972905","30.5803660300734","24.427004865519","25.0960016789658","18.715480428904","16.7676319688738","18.4577952076874","24.5236922843832","22.8158662208524","24.1611550923606","24.7424569234741","16.131336743887","25.6494883166592","24.5003789976969","19.5837552181972","19.6646336462151","29.2276659526089","25.4624180396018","16.7081437487116","20.3429573754716","19.3273098433329","21.4577033863086","",
"Turkiye","TUR","Access to electricity, urban (% of urban population)","EG.ELC.ACCS.UR.ZS","","","","","","","","","","","","","","","","","","","","","","","","","","","","","","","","","","","","","","","","","99.6","99.5","99.5","99.5","99.4","99.4","99.5","99.5","99.6","99.7","100","100","100","100","100","100","100","100","100","100","100","100","100","100","100","",
"Turkiye","TUR","Access to clean fuels and technologies for cooking, urban (% of urban population)","EG.CFT.ACCS.UR.ZS","","","","","","","","","","","","","","","","","","","","","","","","","","","","","","","","","","","","","","","","","97.7","98","98.3","98.5","98.6","98.8","99","99.1","99.2","99.3","99.4","99.4","99.5","99.5","99.5","99.5","99.6","99.5","99.6","99.6","99.6","99.6","99.5","99.5","","",
"Turkiye","TUR","Public and publicly guaranteed debt service (% of exports of goods, services and primary income)","DT.TDS.DPPG.XP.ZS","","","","","","","","","","","","","","","11.5455520989433","12.9977215708622","12.2849183156238","15.9153150327082","16.6129527720666","24.1465948366453","28.6732840931373","28.73418700947","28.9234183438446","29.0741164988674","23.2068628928754","31.1192352842253","31.1176447633001","31.9291207294896","34.3278144945698","32.3518172857294","29.6345658946218","30.5183540611126","29.493263737258","25.2256314986495","25.4451869243044","23.937330107959","17.9241032159137","16.2883764765666","18.6312687656808","17.7988997470313","18.3036247551185","21.8384368013506","17.5940540535677","17.1246760390664","12.8471151807675","11.4025419138843","8.65131925003827","7.83476793894541","7.08748847542166","7.62244927598189","6.65992248619299","6.04768693188574","4.86671665518586","4.0581287892216","4.77522348196942","4.97073328614629","6.22634058620026","7.23656309296736","6.35046706152142","7.17911408987739","8.65380928223971","8.00551793099788","6.07104620047586","6.65822181891498","7.71989012171505","",
"Turkiye","TUR","IMF repurchases and charges (TDS, current US$)","DT.TDS.DIMF.CD","","","","","","","","","","","27000000","27084000","97995000","11471000","","6910000","20500000","26320000","110698000","125448000","206370000","202840000","277370000","333240000","394680000","412000000","498590000","533449808.1","485944081.5","249576387.8","52977925.6","","","","3810718.4","24413868.4","29699166.3","56637113.1","248153246","304782287.4","145412550.5","1539516954.6","7181795048.3","2310483594.4","5643023747.2","8736257739.4","8298549055.5","5733277277.6","2376434092.2","902081280.2","2305957076","2881475318.2","2033909841.9","860297004.6","814522.7","751329.9","1258003","794601.1","1434438.5","14706636.9","4679312.6","4186798.8","97527868.2","282422189.3","282883261.2","",
"Turkiye","TUR","Net ODA received (% of central government expense)","DT.ODA.ODAT.XP.ZS","","","","","","","","","","","","","7.55252882388794","2.10686020755941","1.15379307187837","0.892977124862089","1.73984467684966","0.995350795750386","1.65930709238128","3.47741193428472","7.59068016385697","6.49562151227679","","3.43700621154283","2.2877921671464","1.60146162418294","3.28658991180558","3.00849280347862","2.14733818650775","0.902693787013484","5.65815426913965","5.54246869002947","1.18681824834066","1.08203019958086","0.692120306161967","0.88372181346167","0.538699599099154","0.0129127536953357","0.0465911871667294","","","","","","","","","","0.478054940116164","0.587272277079878","0.406216066358358","1.29216711148726","1.19482281883604","1.02100870092301","1.24957081327675","0.857773725788716","1.35416032976838","1.15904415221599","0.457690269576593","0.25913241804806","0.221477394202068","0.418118979066855","0.29777141478386","0.411329291093431","","",
"Turkiye","TUR","Net ODA received (% of GNI)","DT.ODA.ODAT.GN.ZS","","","","","","","","1.26930810381444","1.00298024501935","0.888898419431071","0.988650323910705","1.26610694239982","1.13261653552391","0.320596513218789","0.142430595999458","0.127502413228034","0.246397776651151","0.159421273352576","0.268240650212857","0.658207660552668","1.4074711261113","1.0424167756988","1.02965068118355","0.589811014609656","0.411527689973487","0.274209091669137","0.460666661364551","0.445181779568117","0.318894306301167","0.138272187359557","0.880100535803813","1.08513166114437","0.227693544883235","0.252003727996867","0.155706093693283","0.135448386215229","0.0994503142877492","0.00259198627112413","0.0102874687964261","0.00491828925006267","0.12135708053618","0.0675777481699122","0.115754535563139","0.054104952531475","0.0714072770021877","0.0793981381757925","0.10281382815024","0.11718922381036","0.145540653642637","0.20986570584865","0.133710784390566","0.392890729605449","0.354162588303747","0.298657321015624","0.368978427074074","0.250212907969912","0.418863670013141","0.370310035215228","0.1538596716039","0.0918151888240677","0.0749701564760712","0.12803464228529","0.0874080603669591","0.137268881015002","","",
"Turkiye","TUR","Net official aid received (current US$)","DT.ODA.OATL.CD","","","","","","","","","","","","","","","","","","","","","","","","","","","","","","","","","","","","","","","","","","","","","","","","","","","","","","","","","","","","","","","","","","",
"Turkiye","TUR","Net official flows from UN agencies, WHO (current US$)","DT.NFL.WHOL.CD","","","","","","","","","","","","","","","","","","","","","","","","","","","","","","","","","","","","","","","","","","","","","","","","","","","","980000.019073486","60304.9993515015","171430.006623268","444047.98746109","1013017.0583725","1030136.94286346","825829.029083252","1294283.0324173","981585.97946167","328446.000814438","1387599.94506836","482212.007045746","995078.027248383","","",
"Turkiye","TUR","Net official flows from UN agencies, UNTA (current US$)","DT.NFL.UNTA.CD","","","","","","","","","","280000.001192093","230000.004172325","239999.994635582","200000.002980232","259999.990463257","280000.001192093","340000.003576279","189999.997615814","540000.021457672","219999.998807907","349999.994039536","280000.001192093","610000.014305115","699999.988079071","850000.023841858","839999.973773956","850000.023841858","1159999.9666214","1210000.03814697","689999.997615814","879999.995231628","899999.976158142","1009999.99046326","1330000.04291534","1580000.04291534","1100000.02384186","1450000.04768372","1049999.95231628","1240000.00953674","1279999.97138977","1470000.02861023","860000.014305115","759999.990463257","920000.016689301","860000.014305115","850000.023841858","860000.014305115","1009999.99046326","850000.023841858","639999.985694885","","","","","","","","","","","","","","","","","",
"Turkiye","TUR","Net official flows from UN agencies, UNIDIR (current US$)","DT.NFL.UNID.CD","","","","","","","","","","","","","","","","","","","","","","","","","","","","","","","","","","","","","","","","","","","","","","","","","","","","","","","","","","","","","","","","","","",
"Turkiye","TUR","Net official flows from UN agencies, UNDP (current US$)","DT.NFL.UNDP.CD","","","","","","","","","","3190000.05722046","3759999.99046326","4320000.17166138","4190000.05722046","4039999.96185303","3470000.02861023","4019999.98092651","3660000.08583069","4059999.94277954","5380000.11444092","6789999.96185303","6179999.82833862","6699999.80926514","4469999.79019165","2529999.97138977","2329999.92370605","2210000.03814697","3019999.98092651","2859999.89509583","4599999.90463257","4559999.94277954","2920000.07629395","2400000.09536743","2740000.00953674","2220000.02861023","800000.011920929","1059999.94277954","2000000","879999.995231628","1039999.96185303","620000.004768372","1070000.05245209","750000","850000.023841858","850000.023841858","70000.0002980232","740000.009536743","1169999.95708466","870000.004768372","1139999.98569489","1169999.95708466","1009999.99046326","540000.021457672","533946.990966797","383738.01112175","244105.994701385","2709914.92271423","446471.989154816","150000.005960464","143487.006425858","297540.009021759","231703.996658325","454270.005226135","412463.992834091","","","",
"Turkiye","TUR","Net official flows from UN agencies, UNICEF (current US$)","DT.NFL.UNCF.CD","","","","","","","","","","","740000.009536743","319999.992847443","289999.99165535","239999.994635582","200000.002980232","300000.011920929","129999.995231628","219999.998807907","519999.980926514","370000.004768372","319999.992847443","209999.993443489","150000.005960464","209999.993443489","150000.005960464","330000.013113022","349999.994039536","129999.995231628","409999.996423721","1019999.98092651","1279999.97138977","4030000.20980835","5039999.96185303","3279999.97138977","1769999.98092651","2259999.99046326","2859999.89509583","1820000.05245209","1769999.98092651","1220000.02861023","1049999.95231628","910000.026226044","800000.011920929","870000.004768372","1360000.01430511","1779999.97138977","2000000","1220000.02861023","1570000.05245209","1259999.99046326","970000.028610229","1179999.94754791","870016.992092133","836939.990520477","939347.982406616","1187476.0389328","869153.97644043","1044000.0295639","2254903.07807922","2411000.01335144","1557000.041008","1245000.00476837","2167999.98283386","3405999.89891052","","",
"Turkiye","TUR","Net bilateral aid flows from DAC donors, Hungary (current US$)","DC.DAC.HUNL.CD","","","","","","","","","","","","","","","","","","","","","","","","","","","","","","","","","","","","","","","","","","","","","","","","90000.0035762787","19999.9995529652","140000.000596046","310000.002384186","370000.004768372","419999.986886978","540000.021457672","211959.004402161","824678.003787994","11808070.1828003","3852601.05133057","4811625.95748901","5226209.16366577","5895567.89398193","5483229.16030884","6489128.11279297","35003814.6972656","","",
"Turkiye","TUR","Net bilateral aid flows from DAC donors, Finland (current US$)","DC.DAC.FINL.CD","","","","","","","","","","","","39999.9991059303","50000.0007450581","29999.9993294477","29999.9993294477","9999.99977648258","29999.9993294477","","19999.9995529652","","2019999.98092651","209999.993443489","-200000.002980232","-170000.001788139","-159999.996423721","-180000.007152557","-109999.999403954","560000.002384186","5460000.03814697","1240000.00953674","2900000.09536743","9279999.73297119","2390000.10490417","-370000.004768372","270000.010728836","-129999.995231628","-1210000.03814697","300000.011920929","-870000.004768372","-3059999.94277954","259999.990463257","689999.997615814","1129999.99523163","680000.007152557","769999.980926514","490000.009536743","469999.998807907","500000","579999.983310699","340000.003576279","340000.003576279","1000000","244290.992617607","1481845.97492218","4234872.81799316","2815805.91201782","9062336.92169189","14080791.4733887","7420599.93743896","5310767.17376709","5196067.81005859","3000138.0443573","383893.996477127","9131320.95336914","","",
"Turkiye","TUR","Net bilateral aid flows from DAC donors, Germany (current US$)","DC.DAC.DEUL.CD","31319999.6948242","22299999.2370605","23079999.9237061","28750000","16530000.6866455","23280000.6866455","11840000.1525879","11689999.5803833","20870000.8392334","29290000.9155273","34729999.5422363","12810000.4196167","37270000.4577637","28969999.3133545","9689999.5803833","12050000.1907349","19290000.9155273","31469999.3133545","156919998.168945","342079986.572266","326700012.207031","293850006.103516","79629997.253418","42900001.5258789","17680000.3051758","38060001.373291","89059997.5585938","248830001.831055","185850006.103516","133250000","241539993.286133","174000000","60349998.4741211","50470001.2207031","25750000","13430000.3051758","82819999.6948242","24270000.4577637","-12140000.3433228","5579999.92370605","-20959999.0844727","66250000","-71040000.9155273","-11359999.6566772","-46180000.3051758","-33560001.373291","-52779998.7792969","-55549999.2370605","-50069999.6948242","6699999.80926514","-10250000","58650001.5258789","28954475.402832","228747253.417969","343873138.427734","319534088.134766","241192443.847656","516266479.492188","242843154.907227","279716186.523438","365846801.757813","144197174.072266","101379013.061523","38301025.390625","","",
"Turkiye","TUR","Net bilateral aid flows from DAC donors, Canada (current US$)","DC.DAC.CANL.CD","","","","","","","","50000.0007450581","920000.016689301","449999.988079071","3279999.97138977","5320000.17166138","519999.980926514","5280000.20980835","4130000.11444092","4769999.98092651","","","","","1279999.97138977","18290000.9155273","6210000.03814697","70000.0002980232","170000.001788139","-1549999.95231628","-1279999.97138977","-810000.002384186","-910000.026226044","-1769999.98092651","1639999.98569489","140000.000596046","-230000.004172325","159999.996423721","300000.011920929","319999.992847443","4579999.92370605","-1220000.02861023","-1309999.94277954","70000.0002980232","5130000.11444092","-9999.99977648258","1120000.00476837","-2740000.00953674","-2400000.09536743","-2420000.07629395","-2250000","-1730000.01907349","-2319999.9332428","-2299999.95231628","-2619999.88555908","-2039999.96185303","105123.996734619","2443006.03866577","410075.008869171","18833498.0010986","-2214219.09332275","226210.996508598","-656729.996204376","-2607443.09425354","230413.004755974","146674.007177353","3441.99989922345","22836027.1453857","","",
"Turkiye","TUR","Stocks traded, turnover ratio of domestic shares (%)","CM.MKT.TRNR","","","","","","","","","","","","","","","","","","","","","","","","","","","","","","","","","","43.698236868146","100.286692098981","244.990304125032","119.533646962569","71.5070440263308","169.919148393593","60.3191086541164","238.080404045736","135.735726985147","188.578810824668","143.505754690768","149.099371299518","124.83167830437","140.773902190339","114.153414793279","188.150531937286","134.981259424512","133.330255068771","183.21802327912","113.873490696453","191.19255960494","168.247803447503","185.153664405243","168.596475284957","165.761357636772","247.7567","187.939","365.7665","388.8815","270.9851","322.9828","253.1102","",
"Turkiye","TUR","Market capitalization of listed domestic companies (% of GDP)","CM.MKT.LCAP.GD.ZS","","","","","","","","","","","","","","","","","","","","","","","","","","","","","","","","","","20.293510076937","16.5365373127816","8.85034214376611","12.1069486858693","23.1580609902353","12.1888690121245","43.9140180457483","25.3726332782831","23.9313389538437","14.9697932250799","21.6805768350615","23.9659573401427","31.4760431216549","28.7447336658677","41.5234987865206","15.1640356197685","35.4302517826673","38.6486250975244","23.3447298189659","35.6023603010825","20.3442218520113","23.3208565533503","21.8221383934257","19.7245502231899","26.3362113489672","18.9334987440389","23.8403441910817","32.3697487020909","16.4768268498906","35.6345879593311","29.5804723476915","27.8827608424366","25.3144659093366",
"Turkiye","TUR","Personal remittances, received (current US$)","BX.TRF.PWKR.CD.DT","","","","","","","","","","","","","","","1426000000","1312000000","982000000","982000000","983000000","1694000000","2071000000","2490000000","2140000000","1513000000","1807000000","1714000000","1634000000","2021000000","1776000000","3063000000","3246000000","2819000000","3008000000","2919000000","2627000000","3327000000","3542000000","4197000000","5356000000","4533000000","4560000000","2786000000","1936000000","729000000","804000000","1368000000","1833000000","2096000000","2439000000","1834000000","1819000000","1883000000","1881000000","1901000000","1739000000","1401000000","1201000000","1056000000","1147000000","856000000","816000000","726000000","696000000","1029000000","982000000","",
"Turkiye","TUR","Foreign direct investment, net inflows (% of GDP)","BX.KLT.DINV.WD.GD.ZS","","","","","","","","","","","0.324681933842239","0.278350515463918","0.208232445520581","0.303846153846154","0.1807180314643","0.247595408004964","0.0194363459669582","0.0460096563476285","0.0515835387824768","0.0836902919261366","0.0261537873284136","0.133464118466017","0.0854444253826652","0.0744293747932517","0.188529397056885","0.147249647390691","0.165184331030378","0.131895736055962","0.389545326157192","0.618890490617133","0.474592695978886","0.536300486465289","0.530468058329858","0.37579865975877","0.465363886338255","0.377077718996453","0.288376703171623","0.305135116508485","0.340536066432393","0.305056291376802","0.357417831801301","1.65780492583561","0.449376588359619","0.539644361182156","0.679008638958041","1.97338571270823","3.60660172381881","3.21746696332257","2.56004537243285","1.31290302296241","1.16274364749147","1.91686136260632","1.55241965245755","1.40962960980578","1.41530142282668","2.225752648523","1.58873607703875","1.29532700760314","1.57923380202967","1.22536076199392","1.02531493703228","1.50891969619413","1.48839623728753","0.933806495534912","0.860701598247461","",
"Turkiye","TUR","Exports of goods, services and primary income (BoP, current US$)","BX.GSR.TOTL.CD","","","","","","","","","","","","","","","2082000000","2018000000","2541000000","2293000000","2821000000","2969000000","3672000000","6019000000","7928000000","7946000000","9755000000","11417000000","10921000000","14517000000","17955000000","18878000000","21959000000","22974000000","25310000000","27398000000","30081000000","38070000000","46727000000","53428000000","56598000000","47832000000","53189000000","52716000000","57236000000","72748000000","94569000000","110456000000","124113000000","151471000000","184451000000","149941000000","160969000000","186701000000","215432000000","237178000000","246082000000","219905000000","207830000000","232146000000","249214000000","258619000000","211742000000","292049000000","352202000000","364547000000","384176000000","",
"Turkiye","TUR","Insurance and financial services (% of service exports, BoP)","BX.GSR.INSF.ZS","","","","","","","","","","","","","","","1.07468123861566","1.2012987012987","2.22413793103448","1.68539325842697","0.749464668094218","0.356083086053412","0.421940928270042","2.23892405063291","3.73826903023983","2.90871583290356","","","","","","","","","1.62644838949718","1.63349605707848","1.22210906397556","1.51307681774613","2.4369618696187","1.84141105881136","2.20073071136901","2.13494830855814","2.05867215645908","2.34936976176335","1.77287290850837","2.78424847476428","2.43448126489062","2.4009776435914","3.06212394128694","3.45930813837233","4.30319034274628","3.20247933884297","3.32245054734012","3.30384195855048","2.8114308714027","2.32794289265091","2.68644226746115","2.60230240882268","2.59818613522245","3.10734463276836","2.79975561325798","2.46145259192074","3.41603831261463","2.21911140098309","1.68686327077748","3.24729471070934","2.48914147232249","",
"Turkiye","TUR","ICT service exports (% of service exports, BoP)","BX.GSR.CCIS.ZS","","","","","","","","","","","","","","","","","","","","","","","","","","","","","","","","","","","","","","","","","","","","1.24237382140876","1.49880875027074","1.480842498742","1.6364542214387","1.92294874358462","1.98857512394913","1.79807907080634","1.31416499766797","1.12956005332687","0.869390219360032","1.85811066822267","1.81645049126401","1.77033955693141","2.05130201237788","1.98755032308265","2.18420650679701","2.04004744296379","5.38261667006318","4.12166139064314","3.18713136729223","3.67085489036709","4.55332838406335","",
"Turkiye","TUR","Net capital account (BoP, current US$)","BN.TRF.KOGT.CD","","","","","","","","","","","","","","","","","","","","","","","","","","","","","","","","","","","","","","","","","","","","","","","","-8000000","-61000000","-43000000","-51000000","-25000000","-58000000","-96000000","-70000000","-21000000","22000000","15000000","80000000","34000000","-36000000","-63000000","-35000000","-204000000","-126000000","",
"Turkiye","TUR","Foreign direct investment, net (BoP, current US$)","BN.KLT.DINV.CD","","","","","","","","","","","","","","","-64000000","-114000000","-10000000","-27000000","-34000000","-75000000","-18000000","-95000000","-55000000","-46000000","-113000000","-99000000","-125000000","-106000000","-354000000","-663000000","-700000000","-783000000","-779000000","-622000000","-559000000","-772000000","-612000000","-554000000","-573000000","-138000000","-112000000","-2855000000","-939000000","-1222000000","-2005000000","-8967000000","-19261000000","-19941000000","-17302000000","-7032000000","-7617000000","-13812000000","-9638000000","-9927000000","-6287000000","-14167000000","-10697000000","-8487000000","-8845000000","-6496000000","-4271000000","-6224000000","-8850000000","-4694000000","-5085000000","",
"Turkiye","TUR","Net primary income (BoP, current US$)","BN.GSR.FCTY.CD","","","","","","","","","","","","","","","-177000000","-164000000","-300000000","-341000000","-440000000","-976000000","-1118000000","-1426000000","-1488000000","-1466000000","-1503000000","-1553000000","-1877000000","-2085000000","-2513000000","-2327000000","-2508000000","-2663000000","-2625000000","-2745000000","-3264000000","-3204000000","-2927000000","-3013000000","-2985000000","-3537000000","-4002000000","-5000000000","-4554000000","-5557000000","-5609000000","-5370000000","-5986000000","-6278000000","-7603000000","-7655000000","-6520000000","-7250000000","-6588000000","-8620000000","-8205000000","-9683000000","-9180000000","-10730000000","-11074000000","-11843000000","-8604000000","-10688000000","-8816000000","-11420000000","-15866000000","",
"Turkiye","TUR","Personal remittances, paid (current US$)","BM.TRF.PWKR.CD.DT","","","","","","","","","","","","","","","","","","","","","","","","","","","","","","","","","","","","","","","","","","","","","","108000000","124000000","124000000","126000000","157000000","190000000","268000000","404000000","689000000","815000000","850000000","1108000000","631000000","627000000","678000000","521000000","631000000","731000000","994000000","1534000000","",
"Turkiye","TUR","Travel services (% of service imports, BoP)","BM.GSR.TRVL.ZS","","","","","","","","","","","","","","","36.6120218579235","32.7981651376147","37.5241779497099","36.8267831149927","22.9032258064516","22.6158038147139","18.2776801405975","22.008547008547","14.4519883608147","10.9777015437393","21.3734567901235","24.3060765191298","21.9187675070028","26.4306784660767","18.5974025974026","22.920892494929","16.9325952458483","18.3965195773773","21.4068965517241","23.6575481256332","22.8979375991539","18.1329617834395","19.6856520385932","20.1739948271808","17.7926557110976","16.4375907922673","21.0106709186802","28.50114791735","30.5890009762447","29.4264012572027","26.2146237805467","25.9748953974895","24.5221100992698","22.9294960412216","21.0063722258844","26.7700409596255","26.3601299228583","23.2889779176802","19.311791059003","20.7000996856069","19.013634426928","22.8097082167095","19.1523728943927","18.783424891767","17.8839402491912","15.0564052875632","4.65378354689261","6.55453788509575","11.8639909719837","15.8563979141596","13.1816553206736","",
"Turkiye","TUR","Service imports (BoP, current US$)","BM.GSR.NFSV.CD","","","","","","","","","","","","","","","366000000","436000000","517000000","687000000","310000000","367000000","569000000","468000000","1031000000","1166000000","1296000000","1333000000","1428000000","1695000000","1925000000","2465000000","3071000000","3218000000","3625000000","3948000000","3782000000","5024000000","6426000000","8506000000","9858000000","8949000000","8153000000","6098000000","6146000000","7636000000","10353000000","11950000000","12189000000","15914000000","18204000000","17090000000","19704000000","20967000000","20982000000","26082000000","28164000000","26081000000","26002000000","27487000000","29054000000","28898000000","23959000000","30025000000","40762000000","49860000000","55820000000","",
"Turkiye","TUR","Primary income payments (BoP, current US$)","BM.GSR.FCTY.CD","","","","","","","","","","","","","","","178000000","165000000","301000000","347000000","506000000","1010000000","1169000000","1478000000","1608000000","1568000000","1649000000","1851000000","2218000000","2467000000","2887000000","3011000000","3425000000","3598000000","3637000000","3880000000","4154000000","4693000000","4504000000","4913000000","5466000000","5887000000","6838000000","7753000000","7040000000","7803000000","8260000000","9495000000","10228000000","12364000000","14036000000","12048000000","10048000000","10304000000","10382000000","12420000000","11683000000","12701000000","12983000000","14544000000","15909000000","16597000000","12712000000","15201000000","14416000000","19434000000","25402000000","",
"Turkiye","TUR","Surface area (sq. km)","AG.SRF.TOTL.K2","","785350","785350","785350","785350","785350","785350","785350","785350","785350","785350","785350","785350","785350","785350","785350","785350","785350","785350","785350","785350","785350","785350","785350","785350","785350","785350","785350","785350","785350","785350","785350","785350","785350","785350","785350","785350","785350","785350","785350","785350","785350","785350","785350","785350","785350","785350","785350","785350","785350","785350","785350","785350","785350","785350","785350","785350","785350","785350","785350","785350","785350","785350","785350","","",
"Turkiye","TUR","Cereal production (metric tons)","AG.PRD.CREL.MT","","12729100","14728000","17487100","14454700","14756700","16511200","16962300","15963700","17185300","15989280","20915700","18719180","15708780","17066800","22211050","24459800","24322000","24363200","25750608","24418700","25526400","26558000","24491750","26314243","26493152","29358150","29282150","30893702","23498600","30201369","31129155","29139250","31733450","27000400","28168560","29329100","29747175","33175972","28876920","32240094","29563560","30822650","30798600","34145410","36464200","34636645","29250013","29279920","33569627","32764875","35195055","33370865","37475610","32708005","38632438","35276615","36126157","34395628","34398698","37184688","31864404","38667033","42193311","39017292","",
"Turkiye","TUR","Average precipitation in depth (mm per year)","AG.LND.PRCP.MM","","593","593","593","593","593","593","593","593","593","593","593","593","593","593","593","593","593","593","593","593","593","593","593","593","593","593","593","593","593","593","593","593","593","593","593","593","593","593","593","593","593","593","593","593","593","593","593","593","593","593","593","593","593","593","593","593","593","593","593","593","593","593","","","",
"Turkiye","TUR","Land area where elevation is below 5 meters (% of total land area)","AG.LND.EL5M.ZS","","","","","","","","","","","","","","","","","","","","","","","","","","","","","","","0.572584849103871","","","","","","","","","","0.5725848491037","","","","","","","","","","","","","","","0.572584849103025","","","","","","","","","","",
"Turkiye","TUR","Rural land area where elevation is below 5 meters (sq. km)","AG.LND.EL5M.RU.K2","","","","","","","","","","","","","","","","","","","","","","","","","","","","","","","3937.78643175","","","","","","","","","","3850.28619871","","","","","","","","","","","","","","","3767.66566553","","","","","","","","","","",
"Turkiye","TUR","Arable land (hectares per person)","AG.LND.ARBL.HA.PC","","0.790302273706475","0.773194489250237","0.777658855331077","0.755284710379509","0.737079543747113","0.723378059798771","0.700020713400284","0.689886547281053","0.705017305630688","0.676693196617271","0.665749592915367","0.665439837049077","0.649461055131267","0.625736224265693","0.606726026173987","0.593365381714704","0.585949673555684","0.575617455861118","0.579145170674495","0.558349738921837","0.550136989140391","0.511367881929828","0.489107673660986","0.494250330752555","0.485231799047943","0.474296190264811","0.472412305958311","0.459769466773893","0.452555165938137","0.440002207955251","0.432661794260353","0.422727196381977","0.414938061752635","0.411517931321264","0.404001651598867","0.395698971386061","0.386568869319548","0.383450797664425","0.375882910313725","0.364167367751771","0.359286799174122","0.357858780310668","0.344558512660668","0.348011215259508","0.343720644284515","0.328087450888424","0.313278099615908","0.303370738126691","0.296380279371763","0.292362201548628","0.276717809095538","0.273718305752726","0.270185711900873","0.268184694740025","0.264004110844446","0.257095408179136","0.249001720749065","0.242275855586442","0.237105022751426","0.234887271858572","0.236264214624167","0.237856209619796","0.237641613546357","","",
"Turkiye","TUR","Fertilizer consumption (kilograms per hectare of arable land)","AG.CON.FERT.ZS","","3.2496849606744","3.2047468764861","4.56735718769617","4.04419912693083","6.25158340673629","7.92604166666667","11.7005789562007","15.7749045326249","17.675201141453","17.3738555237365","19.7994234926736","24.7683103272983","28.2895509532944","20.7763204960057","35.778464750281","47.4214866060655","50.2303794438016","61.654698881503","50.395492280239","57.4267571191922","50.8935368677157","60.3231951733543","70.2082629979743","62.8908660517509","58.01585688148","61.8576024106198","71.216631950008","65.117727749536","72.2738745980707","76.5821398141762","71.7937646963431","78.6306600310027","90.1515460969732","61.0134385751872","68.9700657094183","73.3988741127519","75.1409639050088","89.2303285731822","90.3394291362906","87.6694367497692","70.1918406789631","72.7959489872468","84.2946688345028","85.6275396925139","86.7593369702056","91.837343892781","90.3404613494699","71.9724889816748","104.566156151937","98.3756546950991","89.9411363747018","100.346406181659","112.381355108389","105.330788927001","106.670024213075","137.733294083014","132.229872987299","109.727627642854","125.96608784474","149.642040232819","129.527991549721","114.46534408549","139.557478917","","",
"Turkiye","TUR","Net bilateral aid flows from DAC donors, Estonia (current US$)","DC.DAC.ESTL.CD","","","","","","","","","","","","","","","","","","","","","","","","","","","","","","","","","","","","","","","","","","","","","","","","","","","","140000.000596046","90000.0035762787","168614.000082016","","221852.004528046","3058984.99488831","69890.9983038902","1750265.95592499","3357.99995809793","70655.0031900406","63072.0034241676","","111374.996602535","","",
"Turkiye","TUR","Net bilateral aid flows from DAC donors, Czechia (current US$)","DC.DAC.CZEL.CD","","","","","","","","","","","","","","","","","","","","","","","","","","","","","","","","","","","","","","","","","","","","","","119999.997317791","200000.002980232","1169999.95708466","1610000.01430511","889999.985694885","870000.004768372","639999.985694885","150000.005960464","857541.024684906","35413.9991104603","437404.990196228","427397.99618721","","5355974.1973877","3894938.94577026","3831903.93447876","2385493.04008484","2075541.0194397","2345772.02796936","","",
"Turkiye","TUR","Net bilateral aid flows from DAC donors, Belgium (current US$)","DC.DAC.BELL.CD","","","-639999.985694885","300000.011920929","1299999.95231628","3200000.04768372","1440000.05722046","2240000.00953674","1259999.99046326","1809999.94277954","1500000","1029999.97138977","1049999.95231628","1500000","2210000.03814697","2710000.03814697","2539999.96185303","-579999.983310699","7309999.94277954","6019999.98092651","9279999.73297119","7139999.8664856","59999.9986588955","10180000.3051758","3680000.0667572","3650000.09536743","6079999.92370605","-779999.971389771","7789999.96185303","3640000.10490417","2549999.95231628","6519999.98092651","-2769999.98092651","-2849999.90463257","-2990000.00953674","230000.004172325","-4530000.20980835","-4289999.96185303","-4639999.8664856","-3759999.99046326","-170000.001788139","-4329999.92370605","-5389999.8664856","-4090000.15258789","3490000.00953674","6150000.09536743","9659999.84741211","-6070000.17166138","-6079999.92370605","-5780000.20980835","-5050000.19073486","-4679999.82833862","-3839999.91416931","-3390000.10490417","-3000000","3386353.96957397","65552268.9819336","6539315.22369385","8575090.4083252","7879406.92901611","9045286.17858887","13095859.5275879","11646393.7759399","8022770.88165283","","",
"Turkiye","TUR","Stocks traded, total value (% of GDP)","CM.MKT.TRAD.GD.ZS","","","","","","","","","","","","","","","","","","","","","","","","","","","","","","","","5.48046129218245","5.24578857255745","8.86790610228103","16.5839462587023","21.6824801341184","14.4718773001064","16.5596448679321","20.7112224242126","26.4885442594032","60.4072678259793","32.4833769062793","28.2298580467673","31.1128754084667","35.7330917200634","39.2920728925692","40.4650832556621","47.4004918064589","28.5312136817539","47.82420007352","51.5303104231023","42.7717525141605","40.5416504451709","38.8966384905679","39.2368288961549","40.4044888870113","32.3612694140806","43.6757323172448","46.9090078065434","44.8053040177224","118.397690303086","64.0753331634572","96.5644127419669","95.5398236226668","70.5741192993154","61.1720191436707",
"Turkiye","TUR","Market capitalization of listed domestic companies (current US$)","CM.MKT.LCAP.CD","","","","","","","","","","","","","","","","","","","","","","","","","","","","","","","","","","36612690000","21605060000","20771720000","30311800000","61095030000","33645590000","112715840000","69710920000","48387990000","36043970000","68379000000","98298000000","159997200000","160875110000","284530840000","117584350000","231676450000","302443140000","197074460000","315197530000","195745520000","219762560000","188861890000","171764937097.968","227511820000","149263560000","184966060000","237473620000","138395240000","330011020000","337585030000","378961230000","404346250000",
"Turkiye","TUR","Personal transfers, receipts (BoP, current US$)","BX.TRF.PWKR.CD","","","","","","","","","","","","","","","1426000000","1312000000","982000000","982000000","983000000","1694000000","2071000000","2490000000","2140000000","1513000000","1807000000","1714000000","1634000000","2021000000","1776000000","3040000000","3246000000","2819000000","3008000000","2919000000","2627000000","3327000000","3542000000","4197000000","5356000000","4533000000","4560000000","2786000000","1936000000","729000000","804000000","851000000","1111000000","1209000000","1613000000","1129000000","1055000000","1168000000","1113000000","1094000000","1092000000","958000000","772000000","752000000","816000000","542000000","625000000","538000000","439000000","568000000","473000000","",
"Turkiye","TUR","Foreign direct investment, net inflows (BoP, current US$)","BX.KLT.DINV.CD.WD","","","","","","","","","","","58000000","45000000","43000000","79000000","64000000","114000000","10000000","27000000","34000000","75000000","18000000","95000000","55000000","46000000","113000000","99000000","125000000","115000000","354000000","663000000","715000000","810000000","844000000","678000000","608000000","885000000","722000000","805000000","940000000","783000000","982000000","3352000000","1082000000","1702000000","2785000000","10031000000","20185000000","22047000000","19851000000","8585000000","9099000000","16182000000","13744000000","13563000000","13337000000","19263000000","13835000000","11190000000","12450000000","9507000000","7522000000","12674000000","13784000000","10657000000","11698000000","",
"Turkiye","TUR","Charges for the use of intellectual property, receipts (BoP, current US$)","BX.GSR.ROYL.CD","","","","","","","","","","","","","","","","","","","","","","","","","","","","","","","","","","","","","","","","","","","","","","","","","","","","","","102000000","98000000","81000000","89000000","112000000","167000000","195000000","260000000","391000000","373000000","599000000","554000000","",
"Turkiye","TUR","Exports of goods and services (BoP, current US$)","BX.GSR.GNFS.CD","","","","","","","","","","","","","","","2081000000","2017000000","2540000000","2287000000","2755000000","2935000000","3621000000","5967000000","7808000000","7844000000","9609000000","11119000000","10580000000","14135000000","17581000000","18194000000","21042000000","22039000000","24298000000","26263000000","29191000000","36581000000","45150000000","51528000000","54117000000","45482000000","50353000000","49963000000","54750000000","70502000000","91918000000","106331000000","119871000000","145385000000","178018000000","145548000000","157441000000","183647000000","211638000000","233378000000","242604000000","216887000000","204027000000","228332000000","244379000000","253865000000","207634000000","287536000000","346602000000","356533000000","374640000000","",
"Turkiye","TUR","ICT service exports (BoP, current US$)","BX.GSR.CCIS.CD","","","","","","","","","","","","","","","","","","","","","","","","","","","","","","","","","","","","","","","","","","","","224000000","346000000","412000000","427000000","577000000","738000000","644000000","479000000","466000000","432000000","1226000000","1259000000","1098000000","1054000000","1175000000","1430000000","1462000000","2113000000","2591000000","2972000000","3874000000","5336000000","",
"Turkiye","TUR","Net secondary income (BoP, current US$)","BN.TRF.CURR.CD","","","","","","","","","","","","","","","1490000000","1437000000","1120000000","1107000000","1099000000","1810000000","2171000000","2558000000","2277000000","1760000000","1988000000","1916000000","1840000000","2323000000","2089000000","3427000000","4365000000","5039000000","3920000000","3652000000","3010000000","4398000000","4097000000","4511000000","5505000000","4881000000","4764000000","2987000000","2433000000","1020000000","1117000000","1454000000","1814000000","2071000000","2186000000","2333000000","1475000000","1719000000","1451000000","1277000000","1520000000","1397000000","1558000000","2533000000","781000000","871000000","201000000","950000000","-369000000","557000000","72000000","",
"Turkiye","TUR","Net errors and omissions (BoP, current US$)","BN.KAC.EOMS.CD","","","","","","","","","","","","","","","-170000000","-351000000","-830000000","-634000000","-874000000","651000000","1434000000","649000000","-75000000","409000000","469000000","-837000000","-118000000","-506000000","515000000","994000000","-468000000","948000000","-1190000000","-2222000000","1769000000","2353000000","1499000000","-987000000","-713000000","1302000000","-2661000000","-2127000000","-758000000","4489000000","838000000","1495000000","-2661000000","140000000","5578000000","617000000","-6772000000","12089000000","-5547000000","-5561000000","-7365000000","3251000000","5419000000","-14539000000","15771000000","-9721000000","-7730000000","9722000000","28821000000","-9733000000","-10886000000","",
"Turkiye","TUR","Net financial account (BoP, current US$)","BN.FIN.TOTL.CD","","","","","","","","","","","","","","","-731000000","-1999000000","-2859000000","-3774000000","-2139000000","-762000000","-1974000000","-1287000000","-1027000000","-1514000000","-970000000","-1850000000","-1583000000","-1312000000","2111000000","1932000000","-3093000000","1198000000","-2164000000","-8655000000","4400000000","15000000","-938000000","-3625000000","1287000000","377000000","-12581000000","1633000000","-1384000000","-3065000000","-13360000000","-19485000000","-33823000000","-36814000000","-33909000000","-10784000000","-51448000000","-62339000000","-47401000000","-54986000000","-39545000000","-18124000000","-16724000000","-49665000000","1248000000","5327000000","-38746000000","3438000000","-17497000000","-51406000000","-21423000000","",
"Turkiye","TUR","Secondary income, other sectors, payments (BoP, current US$)","BM.TRF.PRVT.CD","","","","","","","","","","","","","","","18000000","12000000","14000000","16000000","17000000","19000000","13000000","","1000000","21000000","16000000","20000000","15000000","22000000","19000000","36000000","25000000","25000000","","","","","","","","","","","","","","","315000000","522000000","619000000","468000000","523000000","563000000","576000000","733000000","727000000","678000000","700000000","951000000","1000000000","877000000","2795000000","1841000000","1960000000","2544000000","3032000000","",
"Turkiye","TUR","Transport services (% of service imports, BoP)","BM.GSR.TRAN.ZS","","","","","","","","","","","","","","","45.2732240437158","49.2660550458716","43.8297872340426","34.8762736535662","50.7096774193548","52.8065395095368","50.4920913884007","56.0470085470085","30.0775945683802","27.2898799313894","35.3395061728395","37.059264816204","38.1652661064426","36.4601769911504","29.7662337662338","27.0993914807302","29.3064148485835","26.8178993163456","26.8965517241379","30.2431610942249","25.1983077736647","28.1050955414013","27.0930594460006","21.9844815424406","24.8833434773788","24.2820426863337","31.2400343431866","34.8146933420794","32.6391148714611","36.5505500261917","42.5963488843813","43.0627615062761","38.7234391664616","43.8167651124796","44.5176884201274","37.9929783499122","40.9967519285424","41.1503791672628","42.5984176913545","24.3616287094548","22.2553614543389","20.2216172692765","27.1248365510345","28.558955142431","32.5325256419082","33.1337808844903","33.3486372553112","36.2864279766861","41.7104165644473","36.8471720818291","38.3160157649588","",
"Turkiye","TUR","Goods imports (BoP, current US$)","BM.GSR.MRCH.CD","","","","","","","","","","","","","","","3589000000","4502000000","4872000000","5506000000","4369000000","4815000000","7513000000","8567000000","8518000000","8895000000","10237000000","11162000000","10580000000","13484000000","13636000000","15891000000","22453000000","20947000000","22942000000","29655000000","22524000000","35089000000","42331000000","47158000000","44779000000","38802000000","52882000000","38092000000","47109000000","65883000000","91271000000","111445000000","134672000000","162210000000","193823000000","134494000000","177317000000","231552000000","227315000000","249282000000","239865000000","203874000000","192568000000","227789000000","219635000000","198981000000","206252000000","253994000000","342938000000","337279000000","313437000000","",
"Turkiye","TUR","Communications, computer, etc. (% of service imports, BoP)","BM.GSR.CMCP.ZS","","","","","","","","","","","","","","","15.0273224043716","14.6788990825688","15.6673114119923","25.764192139738","21.9354838709677","20.4359673024523","27.0650263620387","17.9487179487179","53.3462657613967","60.0343053173242","43.287037037037","38.6346586646662","39.9159663865546","37.1091445427729","51.6363636363636","49.9797160243408","53.7609899055682","54.7855811062772","42.4275862068965","36.6008105369808","43.0195663670016","45.859872611465","44.5689386865857","48.2718081354338","46.3481436396835","48.5417365068723","34.5271679136514","19.7113807805838","20.3547022453628","20.1807228915663","19.2601178402395","20.2092050209205","22.7500205102962","19.1278119894433","20.165897604922","22.100643651258","21.2393422655298","21.5767634854772","24.4733581164808","38.2792730618818","43.9958812668655","42.3028258118937","40.9353126682563","40.4664022992687","39.40937564535","43.387085611461","50.8577152635753","47.6203164029975","38.0231588243953","37.7617328519856","38.4879971336439","",
"Turkiye","TUR","Livestock production index (2014-2016 = 100)","AG.PRD.LVSK.XD","","27.89","28.28","28.39","28.46","28.92","30.26","30.52","30.85","31.89","31.84","32.37","32.57","33.7","35.13","37.37","37.48","38.87","39.59","38.73","39.19","42.06","41.11","40.47","47.69","47.06","50.88","47.98","48.97","49.43","49.22","44.91","44.36","45.13","46.76","42.51","44.71","47.49","48.65","49.72","48.66","53.48","52.53","59.29","58.47","60.72","62.32","66.04","67.08","70.37","73.38","79.15","89.19","94.72","99.04","100.02","100.94","109.93","115.1","123.04","126.77","131.85","137.31","","","",
"Turkiye","TUR","Urban land area (sq. km)","AG.LND.TOTL.UR.K2","","","","","","","","","","","","","","","","","","","","","","","","","","","","","","","10117.1582532431","","","","","","","","","","13051.678934934","","","","","","","","","","","","","","","15460.688239453","","","","","","","","","","",
"Turkiye","TUR","Agricultural irrigated land (% of total agricultural land)","AG.LND.IRIG.AG.ZS","","","","","","","","","","","","","","","","","","","","","","","","","","","","","","","9.57733699624468","7.7195697207178","7.75110264635124","7.74935484679177","7.70380333258612","7.83176765502747","7.85743318768418","7.8818612710871","7.74819008492197","7.67455709394075","7.64099903653746","8.55789884788127","8.51053500339839","8.62611947642949","8.50764377578258","8.50496082284162","8.65828661744005","8.87482597139603","8.96170952405296","9.01030556911927","8.98697836563109","9.18503412032316","8.93587106517041","9.30692553939047","9.14561394407844","9.31493346476097","10.0918388645377","10.2755241808029","10.1714195016137","10.8574610244989","11.6995921826174","11.9798366982593","12.1269577413574","12.4676065097958","","",
"Turkiye","TUR","Urban land area where elevation is below 5 meters (% of total land area)","AG.LND.EL5M.UR.ZS","","","","","","","","","","","","","","","","","","","","","","","","","","","","","","","0.0614398453619301","","","","","","","","","","0.0727978272430848","","","","","","","","","","","","","","","0.0835223988957505","","","","","","","","","","",
"Turkiye","TUR","Permanent cropland (% of land area)","AG.LND.CROP.ZS","","2.79874745007341","2.88060496602263","2.89099957122254","2.946870574172","2.99494562322155","3.09759234957057","3.1365721190702","3.26000805581903","3.26390603276899","3.35875680521809","3.42502241336746","3.44711094941725","3.56534958356613","3.59523407351585","3.57834284006601","3.69138417161493","3.72386731286462","3.79662954926393","3.9161675090628","4.06039265621143","3.9369567194626","3.7576497797643","3.79662954926393","3.78233696711407","3.81352078271377","3.80052752621389","3.84990190091343","3.86809246001325","3.92006548601276","3.9369567194626","3.92786143991269","3.91356885776282","3.9681405350623","3.98373244286215","3.19764042461962","3.21193300676949","3.33536894351831","3.28729389446877","3.27819861491886","3.31717838441849","3.31328040746852","3.35875680521809","3.44970960071723","3.5367644192664","3.60692800436573","3.76154775671427","3.77973831581409","3.83301066746359","3.82391538791367","3.91226953211283","4.01621558411185","4.17473331341034","4.19942050076011","4.20721645466003","4.26698543455946","4.32545508880891","4.35014227615867","4.49176877200733","4.57232696230656","4.62429998830607","4.66587840910567","4.76982446110469","4.7997089510544","","",
"Turkiye","TUR","Arable land (hectares)","AG.LND.ARBL.HA","","23013000","23131000","23895000","23824000","23841000","24000000","23836000","24092000","25231000","24793000","24978000","25573000","25543000","25161000","24908000","24862000","25063000","25123000","25778000","25354000","25483000","24199000","23696000","24502000","24595000","24558000","24964000","24786000","24880000","24647000","24666000","24514000","24481000","24705000","24654000","24514000","24297000","24439000","24279000","23826000","23801000","23994000","23372000","23871000","23830000","22981000","21979000","21555000","21351000","21384000","20539000","20577000","20574000","20699000","20650000","20382000","19998000","19723000","19580000","19586000","19881000","20213000","20277000","","",
"Turkiye","TUR","Fertilizer consumption (% of fertilizer production)","AG.CON.FERT.PT.ZS","","239.710878902494","121.564800997065","173.948454758451","163.872778297474","212.570776581331","279.045034472642","414.707587991257","469.109424180707","465.893942876246","302.641748050306","269.656488549618","234.505738615328","311.465517241379","140.767180094787","174.26800865894","207.901539785432","297.402121864273","245.14109907084","218.324653084135","117.824738697387","109.296322546011","117.622776787132","118.449653797547","115.028608752449","103.865191439802","116.907726643066","120.810818157108","107.917090131051","136.970755993224","120.696148826526","143.132934642831","128.850934687206","139.33432662441","144.074435516014","127.762074142198","133.44161141518","128.263313193761","154.276618323311","194.538795986029","259.050467920241","236.606178027229","181.39640668813","152.160884048222","169.742324074251","166.44875771772","207.986305811259","199.206521989945","160.702136387367","205.394594365842","161.861970690931","142.490940533803","165.223778842553","177.689979695946","166.48508062176","159.225333379596","221.413180302423","188.941794821046","149.39229250035","141.652389909113","125.05846736772","115.988319850174","133.832873763079","181.314111684437","","",
"Turkiye","TUR","Refugees under the mandate of the UNHCR by country or territory of origin","SM.POP.RHCR.EO","","","","","","","","","","","","","250","","","","","70","60","60","","","300","540","1040","810","850","1085","150","2764","5508","6452","10089","16767","28872","44866","50355","47339","45019","44012","47154","47085","193697","185086","174572","170557","227236","221937","214365","146378","146785","139763","135353","66558","63882","59545","57915","61383","68900","83239","93730","105019","93537","127738","139640","149405",
"Turkiye","TUR","Net migration","SM.POP.NETM","14948","-26187","-34353","-44317","-69978","-113911","-50999","-65993","-78973","-110578","-150924","-94891","-119850","-130985","-153311","-193829","-135377","-151825","-182818","-218509","-151969","-213889","23728","39871","21787","8960","-29134","-40772","-27659","-33519","-27193","-69982","-49923","-35245","-37762","-149737","-179423","-208465","-231744","-219778","-195996","-166759","-129444","-121383","-146574","-174177","-190194","-186402","47915","24276","55532","68849","258623","438618","1033384","1063140","352063","659846","187570","-15690","37934","20283","-301544","-318070","-275952","-258205",
"Turkiye","TUR","Asylum-seekers by country or territory of asylum","SM.POP.ASYS.EA","","","","","","","","","","","","","","","","","","","","","","","","","","","","","","","","","","","","","","","","","5200","4168","2577","3448","3929","4870","6202","5166","7107","5969","6699","10936","23785","52448","106357","212368","245926","308838","311699","328257","322188","304970","272336","222069","154083","102497",
"Turkiye","TUR","Unemployment, total (% of total labor force) (modeled ILO estimate)","SL.UEM.TOTL.ZS","","","","","","","","","","","","","","","","","","","","","","","","","","","","","","","","8.21","8.509","8.962","8.577","7.644","6.629","6.841","6.888","7.687","6.495","8.381","10.358","10.542","10.838","10.636","10.227","10.285","10.965","14.026","11.879","9.789","9.21","9.713","9.901","10.304","10.899","10.919","10.956","13.73","13.148","11.969","10.465","9.388","8.8","8.52",
"Turkiye","TUR","Unemployment, female (% of female labor force) (modeled ILO estimate)","SL.UEM.TOTL.FE.ZS","","","","","","","","","","","","","","","","","","","","","","","","","","","","","","","","7.122","7.77","9.355","8.089","7.324","5.965","7.805","6.807","7.586","6.269","7.472","9.453","10.101","10.992","11.188","11.111","10.98","11.602","14.323","12.998","11.291","10.791","11.925","11.904","12.664","13.743","14.099","13.894","16.502","14.976","14.715","13.467","12.719","11.926","11.649",
"Turkiye","TUR","Share of youth not in education, employment or training, male (% of male youth population)","SL.UEM.NEET.MA.ZS","","","","","","","","","","","","","","","","","","","","","","","","","","","","","","","","","","","","","","","","","21.765","23.588","25.844","26.333","26.648","26.778","25.559","26.461","25.511","23.987","21.922","19.37","19.895","17.49","14.694","14.287","14.563","14.602","15.643","18.337","21.218","17.464","16.359","15.615","16.22","",
"Turkiye","TUR","Unemployment with intermediate education (% of total labor force with intermediate education)","SL.UEM.INTM.ZS","","","","","","","","","","","","","","","","","","","","","","","","","","","","","","","","","","","","","","","","","10.64","13.269","14.698","12.772","15.191","13.775","12.975","12.977","12.937","16.872","14.595","11.844","10.959","11.255","11.297","11.337","12.494","12.564","12.197","15.678","14.967","13.497","12.062","11.225","10.408","",
"Turkiye","TUR","Unemployment with basic education, male (% of male labor force with basic education)","SL.UEM.BASC.MA.ZS","","","","","","","","","","","","","","","","","","","","","","","","","","","","","","","","","","","","","","","","","6.08","8.382","10.71","10.951","10.456","10.56","10.023","10.068","10.939","14.387","11.766","9.259","8.623","8.986","9.187","9.728","9.625","9.359","9.639","12.96","12.841","10.831","8.774","7.532","7.052","",
"Turkiye","TUR","Unemployment with advanced education, female (% of female labor force with advanced education)","SL.UEM.ADVN.FE.ZS","","","","","","","","","","","","","","","","","","","","","","","","","","","","","","","","","","","","","","","","","","","","","16.978","14.086","12.984","13.866","14.29","16.269","15.923","15.198","14.73","15.105","15.453","16.262","16.884","18.354","17.112","18.486","16.77","16.81","15.23","13.992","13.068","",
"Turkiye","TUR","Unemployment, youth male (% of male labor force ages 15-24) (national estimate)","SL.UEM.1524.MA.NE.ZS","","","","","","","","","","","","","","","","","","","","","","","","","","","","","16.898","17.174","16.633","","","","","","","","","","13.666","17.153","20.334","21.441","20.481","19.533","18.253","19.569","20.108","25.412","21.013","17.116","16.302","16.959","16.64","16.507","17.357","17.842","17.608","22.469","22.627","19.38","16.404","14.279","13.072","11.7",
"Turkiye","TUR","Labor force, female (% of total labor force)","SL.TLF.TOTL.FE.ZS","","","","","","","","","","","","","","","","","","","","","","","","","","","","","","","29.8938169422832","29.7651035740127","29.0672127465347","25.5336585192077","28.4894822422917","28.46428409165","28.376340593861","27.3736614756184","27.7014317838194","28.4760384930916","26.6307475013056","27.2934913069224","28.2262591217277","27.594518980019","25.1151199435742","25.0292265699882","25.4628955396477","25.5193353036139","26.1008288550347","27.149508966696","28.2350452827293","28.8312848014521","29.5140154007141","30.278014096127","30.0098503078391","30.7732681673359","31.2985475687558","31.9116975527027","32.2424355619722","32.5686265423637","31.427985883351","32.0955466642628","33.2107714375806","33.7733158299225","34.1864210708542","34.4237068126991",
"Turkiye","TUR","Labor force with intermediate education (% of total working-age population with intermediate education)","SL.TLF.INTM.ZS","","","","","","","","","","","","","","","","","","","","","","","","","","","","","","","","","","","","","","","","","55.323","55.992","55.149","53.291","54.837","55.415","55.399","55.168","56.118","57.626","57.448","57.782","57.384","58.334","58.547","59.208","59.677","60.086","60.336","59.279","55.013","57.181","60.152","60.837","61.425","",
"Turkiye","TUR","Labor force participation rate, total (% of total population ages 15+) (national estimate)","SL.TLF.CACT.NE.ZS","79.695","","","","","74.624","","","","","67.804","","","","","66.815","","","","","65.471","","","","","63.785","","","58.472","58.699","56.614","","","","","","","","","","49.941","49.814","49.578","48.332","46.308","46.433","46.266","46.234","46.886","47.882","48.801","49.868","49.957","50.839","50.514","51.298","52.001","52.832","53.21","52.952","49.335","51.356","53.084","53.338","54.202","53.5",
"Turkiye","TUR","Ratio of female to male labor force participation rate (%) (national estimate)","SL.TLF.CACT.FM.NE.ZS","69.7992661802978","","","","","61.3367247537612","","","","","60.0623361904087","","","","","55.4910520956472","","","","","54.6746933803267","","","","","53.2298405521753","","","44.2244872896967","46.3276415807944","42.8490771991017","","","","","","","","","","36.0372827546909","37.2534486308421","38.9926389451483","37.7520304424377","33.188735599488","33.0125706835221","33.7564759424106","33.8508960573477","34.9031181829847","36.8972360028349","39.0195302563523","40.1964203507108","41.5205089946792","43.0265900158057","42.4720394044428","44.013076095612","45.090712082905","46.357990615512","47.0338866407906","47.7363339584636","45.3072060311826","46.7144869988472","49.1593050441697","50.354699594027","51.1338687713643","50.7713884992987",
"Turkiye","TUR","Labor force with basic education, male (% of male working-age population with basic education)","SL.TLF.BASC.MA.ZS","","","","","","","","","","","","","","","","","","","","","","","","","","","","","","","","","","","","","","","","","76.077","75.01","73.836","72.5","71.578","71.77","70.926","70.775","70.938","70.491","70.501","70.991","70.211","69.97","69.756","69.609","69.726","70.078","70.159","68.844","64.143","65.945","66.359","65.322","65.617","",
"Turkiye","TUR","Labor force with advanced education, female (% of female working-age population with advanced education)","SL.TLF.ADVN.FE.ZS","","","","","","","","","","","","","","","","","","","","","","","","","","","","","","","","","","","","","","","","","","","","","70.282","69.089","68.809","69.403","70.004","70.813","70.979","70.832","70.86","72.19","71.319","71.575","71.338","72.667","71.616","71.521","65.564","67.575","68.818","68.917","68.714","",
"Turkiye","TUR","Labor force participation rate for ages 15-24, total (%) (modeled ILO estimate)","SL.TLF.ACTI.1524.ZS","","","","","","","","","","","","","","","","","","","","","","","","","","","","","","","54.706","55.367","52.997","48.102","51.162","48.618","48.551","47.038","46.014","46.644","42.528","42.111","40.857","38.395","37.776","37.723","37.404","37.672","38.133","38.687","38.326","39.254","38.205","39.643","40.845","42.012","42.426","43.328","43.978","44.422","39.051","41.685","43.819","45.519","47.014","47.321",
"Turkiye","TUR","Labor force participation rate for ages 15-24, female (%) (modeled ILO estimate)","SL.TLF.ACTI.1524.FE.ZS","","","","","","","","","","","","","","","","","","","","","","","","","","","","","","","38.83","40.003","37.456","30.991","35.536","33.92","33.871","31.963","31.463","32.885","27.785","28.148","28.641","26.399","24.51","24.008","23.911","23.951","24.709","25.321","25.882","26.333","25.572","27.288","27.455","29.558","30.227","31.01","31.202","32.491","27.496","29.7","31.001","33.076","34.372","34.784",
"Turkiye","TUR","Average working hours of children, working only, ages 7-14 (hours per week)","SL.TLF.0714.WK.TM","","","","","","","","","","","","","","","","","","","","","","","","","","","","","","","","","","","","","","","","","","","","","","","45.4","","","","","","","","","","","","","","","","","","","",
"Turkiye","TUR","Average working hours of children, working only, female, ages 7-14 (hours per week)","SL.TLF.0714.WK.FE.TM","","","","","","","","","","","","","","","","","","","","","","","","","","","","","","","","","","","","","","","","","","","","","","","46.6","","","","","","","","","","","","","","","","","","","",
"Turkiye","TUR","Average working hours of children, study and work, male, ages 7-14 (hours per week)","SL.TLF.0714.SW.MA.TM","","","","","","","","","","","","","","","","","","","","","","","","","","","","","","","","","","","","","","","","","","","","","","","15.7","","","","","","","","","","","","","","","","","","","",
"Turkiye","TUR","Children in employment, female (% of female children ages 7-14)","SL.TLF.0714.FE.ZS","","","","","","","","","","","","","","","","","","","","","","","","","","","","","","","","","","","","","","","","3.8463579373","","","","","","","1.8","","","","","","","","","","","","","","","","","","","",
"Turkiye","TUR","Child employment in services (% of economically active children ages 7-14)","SL.SRV.0714.ZS","","","","","","","","","","","","","","","","","","","","","","","","","","","","","","","","","","","","","","","","6.7209794954","","","","","","","27.12","","","","","","","","","","","","","","","","","","","",
"Turkiye","TUR","Children in employment, self-employed, male (% of male children in employment, ages 7-14)","SL.SLF.0714.MA.ZS","","","","","","","","","","","","","","","","","","","","","","","","","","","","","","","","","","","","","","","","","","","","","","","2.29","","","","","","","","","","","","","","","","","","","",
"Turkiye","TUR","Child employment in manufacturing, female (% of female economically active children ages 7-14)","SL.MNF.0714.FE.ZS","","","","","","","","","","","","","","","","","","","","","","","","","","","","","","","","","","","","","","","","10.2157117917","","","","","","","17.2","","","","","","","","","","","","","","","","","","","",
"Turkiye","TUR","GDP per person employed (constant 2021 PPP $)","SL.GDP.PCAP.EM.KD","","","","","","","","","","","","","","","","","","","","","","","","","","","","","","","","35635.4178977004","37294.8188322951","42244.3626473205","37315.8444727336","39245.9096770481","40893.139639396","43936.4246246947","43582.9871732248","41768.9435598457","45584.2068227559","43221.0069252536","46355.9188665891","49507.1506142164","56017.2773429677","59833.3975027674","62998.2184530261","65872.9551764736","64872.1629656488","61367.1483248039","62432.6091262629","64927.27453186","66289.9570660681","69779.0365397938","72219.3913488509","74170.6563600224","74788.5839730779","78129.1890317527","79009.088365638","81669.732509391","87565.2962580847","91634.5087235411","90689.4498626247","92879.6081132764","93114.9478117046","94941.9657873127",
"Turkiye","TUR","Children in employment, unpaid family workers (% of children in employment, ages 7-14)","SL.FAM.0714.ZS","","","","","","","","","","","","","","","","","","","","","","","","","","","","","","","","","","","","","","","","","","","","","","","63.8","","","","","","","","","","","","","","","","","","","",
"Turkiye","TUR","Wage and salaried workers, male (% of male employment) (modeled ILO estimate)","SL.EMP.WORK.MA.ZS","","","","","","","","","","","","","","","","","","","","","","","","","","","","","","","","52.5054324173016","52.6203529710884","52.6499145564987","52.8213696763549","52.9409585691604","53.1694462259633","53.3291635103575","53.7305278410853","53.9297561868967","54.2174500996274","53.2460219870008","55.6056914484875","56.2400317699115","58.6699231325691","60.6511138370209","62.6215561250443","64.2002125785295","64.7881306749225","64.2875690628239","65.7882756839204","66.7064675042406","67.4880121466841","68.221656462826","68.4655089110889","68.9138077721224","69.3163160068923","68.9349055410223","69.1500380767004","69.2676295329911","70.1754736420438","70.3199695141982","70.547731638751","70.8513271492542","70.6719655043417","70.8424145674758",
"Turkiye","TUR","Vulnerable employment, female (% of female employment) (modeled ILO estimate)","SL.EMP.VULN.FE.ZS","","","","","","","","","","","","","","","","","","","","","","","","","","","","","","","","62.8221426572387","62.905586754273","64.6119799622084","62.5869408122037","62.2543548634673","61.9111716705914","62.6036890050282","61.9308105558594","60.8083680872093","60.8896290460142","63.024239961043","58.9664456550667","58.2149523310193","51.4858275993734","48.5006285939206","45.1537823236776","43.5221935205775","42.9596883640257","44.8624246334003","45.3333705729832","44.6288189791476","42.0040690372883","39.7293793317782","39.2152116857547","37.4537773187059","35.8235131061703","35.8679278186277","33.9812803485591","32.4591731114148","29.7928474640355","29.0755084011818","27.3375245450981","25.7604759863558","26.1391671304025","25.5886355425069",
"Turkiye","TUR","Employment to population ratio, 15+, male (%) (national estimate)","SL.EMP.TOTL.SP.MA.NE.ZS","","","","","","","","","","","","","","","","","","","","","","","","","","","","","77.144","76.09","73.486","","","","","","","","","","68.86","66.507","63.929","62.885","62.73","63.188","62.941","62.75","62.602","60.73","62.67","65.112","64.977","65.239","64.82","64.964","65.078","65.634","65.716","63.07","59.782","62.765","65.044","65.733","66.851","66.4",
"Turkiye","TUR","Self-employed, total (% of total employment) (modeled ILO estimate)","SL.EMP.SELF.ZS","","","","","","","","","","","","","","","","","","","","","","","","","","","","","","","","52.3503033139397","52.1612180125881","51.925320062388","51.8210852065302","51.632135559196","51.3776008665637","51.2077700442987","50.842615573087","50.514084217609","50.0380538471433","51.4440577365359","48.8634751701623","47.9849772591186","44.1397418946716","41.9285105977627","39.696677888265","38.1366983862901","37.6052787617714","38.5717975729528","37.6985869916336","36.8851425247826","35.6610920015105","34.5155938425109","34.1803491337769","33.4158115266322","32.686467115859","32.9756771183048","32.2487489880457","31.7758616924409","30.4026180122076","30.0903497672047","29.301633496343","28.5985052872496","28.840981976646","28.5488317037487",
"Turkiye","TUR","Employers, male (% of male employment) (modeled ILO estimate)","SL.EMP.MPYR.MA.ZS","","","","","","","","","","","","","","","","","","","","","","","","","","","","","","","","6.84275762135156","6.79005409417823","6.5127996179547","6.78717445103425","6.78955218362012","6.79663826002852","6.68932219516606","6.73010574323324","6.7638787038235","6.63157626717665","6.9471943958951","7.24996524438353","6.5060730034065","6.36743274715939","6.69574688772717","7.04908733506453","7.10264406835703","7.37302808950581","7.18686878043179","6.76282761347119","6.59915057504719","6.39019866341701","5.93927160711055","5.93606678752692","5.96829716193571","5.98188581532112","6.02583632095384","5.95326233873161","5.88704739121667","5.69515268000132","5.76047859841765","5.81936633939778","6.0868321791862","6.0643827589749","6.08811763861256",
"Turkiye","TUR","Employment to population ratio, ages 15-24, male (%) (modeled ILO estimate)","SL.EMP.1524.SP.MA.ZS","","","","","","","","","","","","","","","","","","","","","","","","","","","","","","","","58.026","55.907","52.614","54.726","52.273","53.526","53.047","51.24","50.731","49.153","46.236","42.143","39.467","40.342","41.079","41.235","40.965","40.821","38.53","39.754","42.849","42.165","42.831","44.833","45.134","44.834","45.434","46.455","43.456","38.908","42.967","47.024","49.325","51.443","51.759",
"Turkiye","TUR","Employment in agriculture (% of total employment) (modeled ILO estimate)","SL.AGR.EMPL.ZS","","","","","","","","","","","","","","","","","","","","","","","","","","","","","","","","46.0643317300978","43.271593418516","40.983206515108","42.5223501490278","42.5802244876106","42.1630530806047","40.17236167515","39.5170834599997","38.1787552353042","34.5627038720382","36.1225483899779","33.5004524942635","32.498450061555","27.7551771733255","24.4026215551137","22.7896056265476","22.24131439534","22.4412019453167","21.7915429760761","22.4925355881987","22.9217284270958","22.3508091104442","21.7295159344578","21.222512872229","20.5502429665069","19.6510699696138","19.5336685744718","18.5875285525291","18.2798017789929","17.7174904432592","17.1660738349434","15.6680732596853","14.6426868701889","14.5510565552189","14.2199829949572",
"Turkiye","TUR","Child employment in agriculture, male (% of male economically active children ages 7-14)","SL.AGR.0714.MA.ZS","","","","","","","","","","","","","","","","","","","","","","","","","","","","","","","","","","","","","","","","52.7120519945","","","","","","","49.35","","","","","","","","","","","","","","","","","","","",
"Turkiye","TUR","Survey mean consumption or income per capita, total population (2021 PPP $ per day)","SI.SPR.PCAP","","","","","","","","","","","","","","","","","","","","","","","","","","","","","","","","","","","","","","","","","","","","","","","","","","","","","","","","","","","24.14","","","","","39.43","","",
"Turkiye","TUR","Average transaction cost of sending remittances to a specific country (%)","SI.RMT.COST.IB.ZS","","","","","","","","","","","","","","","","","","","","","","","","","","","","","","","","","","","","","","","","","","","","","","","","","","","","","","","","","8.29247","3.8813275","2.908945","2.94042","2.61558","2.3091675","2.43916675","2.34041675","","",
"Turkiye","TUR","Poverty headcount ratio at national poverty lines (% of population)","SI.POV.NAHC","","","","","","","","","","","","","","","","","","","","","","","","","","","","","","","","","","","","","","","","","","","","","","18.5","16.3","16.7","17.1","16.9","16.1","16.3","15","15","14.7","14.3","13.5","13.9","14.4","15","14.4","14.4","13.5","13.6","13","",
"Turkiye","TUR","Poverty headcount ratio at $4.20 a day (2021 PPP) (% of population)","SI.POV.LMIC","","","","","","","","","","","","","","","","","","","","","","","","","","","","20.6","","","","","","","20.7","","","","","","","","17.7","19.8","13.9","13.2","11.2","9.5","8.2","7","6.5","5.7","5","4.2","4","4.1","3","2.8","2.6","3","3","2.3","1.2","0.4","","",
"Turkiye","TUR","Income share held by lowest 20%","SI.DST.FRST.20","","","","","","","","","","","","","","","","","","","","","","","","","","","","6.1","","","","","","","5.8","","","","","","","","5.8","5.5","5.4","5.2","5.6","5.8","5.7","5.9","5.9","5.8","5.8","5.8","5.8","5.6","5.7","5.4","5.4","5.2","5.3","5.2","5.4","5.5","","",
"Turkiye","TUR","Income share held by highest 20%","SI.DST.05TH.20","","","","","","","","","","","","","","","","","","","","","","","","","","","","47.7","","","","","","","47.6","","","","","","","","47.7","48.4","47","48.3","45.6","44.7","45.1","45.4","45.2","46.5","46.6","46.6","47.7","49.2","48.3","49.4","48.3","49.6","48.8","50.1","50.5","49.7","","",
"Turkiye","TUR","UHC service coverage sub-index on reproductive, maternal, newborn and child health","SH_UHC_SCI_RMNCH","","","","","","","","","","","","","","","","","","","","","","","","","","","","","","","","","","","","","","","","","57","58","59","59","62","63","64","65","65","66","67","68","68","69","69","70","70","71","71","71","71","71","71","72","","",
"Turkiye","TUR","UHC service coverage index","SH_UHC_SCI","","","","","","","","","","","","","","","","","","","","","","","","","","","","","","","","","","","","","","","","","64","65","65","66","66","67","68","69","69","70","71","72","74","74","74","75","75","76","75","76","77","77","77","77","","",
"Turkiye","TUR","Proportion of population further impoverished due to out-of-pocket health expenditure, based on the societal poverty line (%)","SH_UHC_FH40_FURTHER","","","","","","","","","","","","","","","","","","","","","","","","","","","","","","","","","","","","","","","","","","","10.75","8.77","9.69","10.25","10.19","10.19","11.44","12.01","12.52","13.11","11.6","13.75","13.53","11.43","10.75","","","","","","","","","",
"Turkiye","TUR","Domestic private health expenditure (% of current health expenditure)","SH.XPD.PVTD.CH.ZS","","","","","","","","","","","","","","","","","","","","","","","","","","","","","","","","","","","","","","","","","38.32403564","32.74863434","30.02564049","28.79286957","28.29535866","32.25496292","31.14850235","31.216259","27.30695724","19.50121117","22.00160408","20.87317085","20.82859039","21.64912224","22.39443779","21.86684418","21.55761147","22.2894249","22.617733","22.31467247","21.15462494","21.19816589","24.84132004","24.07653999","","",
"Turkiye","TUR","Domestic general government health expenditure per capita, PPP (current international $)","SH.XPD.GHED.PP.CD","","","","","","","","","","","","","","","","","","","","","","","","","","","","","","","","","","","","","","","","","264.06407349362","295.688905038447","323.565501799056","337.460260146657","377.634254315123","389.791619625911","478.148494185781","531.096260174002","603.966886654789","678.980008832083","677.272691535876","721.38678107804","725.619679142522","763.656218441163","800.245862959466","813.246379532633","871.164396617424","885.202416374953","870.284312125714","932.528822548857","1011.08359033541","1093.2730079685","1062.36170483098","1343.25856259595","","",
"Turkiye","TUR","Domestic general government health expenditure (% of current health expenditure)","SH.XPD.GHED.CH.ZS","","","","","","","","","","","","","","","","","","","","","","","","","","","","","","","","","","","","","","","","","61.67596436","67.25136566","69.9743576","71.20713043","71.70464325","67.74803925","68.85150146","68.78373718","72.69304657","80.49878693","77.99839783","79.12835693","79.17140961","78.34962463","77.60512543","78.13336182","78.44212341","77.71027374","77.38227081","77.68532562","78.84537506","78.80183411","75.15867615","75.92346191","","",
"Turkiye","TUR","Current health expenditure per capita, PPP (current international $)","SH.XPD.CHEX.PP.CD","","","","","","","","","","","","","","","","","","","","","","","","","","","","","","","","","","","","","","","","","428.14746386797","439.677178431923","462.405801315857","473.913584390073","526.652459743728","575.372111403113","694.463456352896","772.124718326201","830.845515993442","843.466123168682","868.316172682507","911.680488963861","916.517323310264","974.66536298297","1031.17203598621","1040.8461041687","1110.57942653774","1139.10260447613","1124.65599319441","1200.39248868231","1282.36257299233","1387.36998882255","1413.49171545905","1769.22721909599","","",
"Turkiye","TUR","Incidence of tuberculosis (per 100,000 people)","SH.TBS.INCD","","","","","","","","","","","","","","","","","","","","","","","","","","","","","","","","","","","","","","","","","54","49","49","47","44","48","47","44","40","38","35","32","28","25","23","21","20","19","18","17","16","16","15","14","13","",
"Turkiye","TUR","Adolescents out of school, male (% of male lower secondary school age)","SE.SEC.UNER.LO.MA.ZS","","","","","","","","","","","","","","","30.1322498321533","","","","","","","","","","","","","","","","","","","","","","","25.9681491851807","","15.2143096923828","1.49891996383667","","","","","","","","","1.04975998401642","1.03096997737884","1.30935001373291","0.839119970798492","0.833620011806488","0.416999995708466","0.615019977092743","0.889140009880066","0.431580007076263","","","","","","0.0164500009268522","","",
"Turkiye","TUR","Secondary education, teachers","SE.SEC.TCHR","","","","","","","","","","","","47452","50692","53750","57199","","","","88764","91107","95827","112178","117644","129268","132217","","138640","146799","144543","150004","155661","159401","170611","178802","188545","202603","","218829","","","","","","","","","","","","","","","432297","524654","559445","594443","658370","657390","687819","725432","752221","752907","766054","788294","","",
"Turkiye","TUR","Trained teachers in upper secondary education, female (% of female teachers)","SE.SEC.TCAQ.UP.FE.ZS","","","","","","","","","","","","","","","","","","","","","","","","","","","","","","","","","","","","","","","","","","","","","","","","","","","","","","","","","","","","","","","","","","",
"Turkiye","TUR","Trained teachers in lower secondary education, female (% of female teachers)","SE.SEC.TCAQ.LO.FE.ZS","","","","","","","","","","","","","","","","","","","","","","","","","","","","","","","","","","","","","","","","","","","","","","","","","","","","","","","","","","","","","","","","","","",
"Turkiye","TUR","Progression to secondary school, female (%)","SE.SEC.PROG.FE.ZS","","","","","","","","","","","","","","","","","","","","","","","","","","37.66442","36.53786","38.85591","39.65882","39.43095","42.20687","45.55066","","","","","","","","","","","","95.99765","95.72618","97.1187","97.71525","97.65204","98.62693","","100","98.84116","89.90143","","99.35761","99.52535","","","","","","","","","","",
"Turkiye","TUR","School enrollment, secondary (% net)","SE.SEC.NENR","","","","","","","","","","","","","","","24.23338","","","","","","","","","","","","38.65903","39.98554","41.61897","43.23052","44.26098","46.12145","47.58777","50.81063","","","","54.59374","","57.91036","64.45987","72.65051","72.07506","72.13827","74.05944","76.35578","78.89809","80.55242","79.85273","76.51685","80.94061","84.20113","81.2314","86.87212","87.44485","86.64416","85.28003","87.22819","","","","","","","","",
"Turkiye","TUR","Secondary education, vocational pupils (% female)","SE.SEC.ENRL.VO.FE.ZS","","","","","","","","","","","","33.92096","33.98003","34.78944","35.91735","34.13845","30.97252","28.02207","27.2614","27.86835","27.31865","","29.2146","28.85773","28.19128","","28.25824","29.32502","30.5552","32.01664","32.86497","34.10186","35.10884","36.11629","38.64237","37.35718","","39.21677","","31.88159","31.29312","30.03145","28.7455","28.38352","31.27625","37.32262","37.5012","38.39194","40.68538","42.15851","42.23587","42.28146","44.11272","45.3008","45.44524","46.33385","46.64916","44.95388","","","","","","","","",
"Turkiye","TUR","Pupil-teacher ratio, lower secondary","SE.SEC.ENRL.LO.TC.ZS","","","","","","","","","","","","","","","","","","","","","","","","","","","","","","","","","","","45.55136","41.23547","","19.21385","","","","","","","","","","","","","","","20.0621","20.63689","19.50969","17.82753","","17.12476","","","","","","","","",
"Turkiye","TUR","Secondary education, pupils","SE.SEC.ENRL","","","","","","","","","","","","1308779","1429654","1489759","1516880","","1746160","1887524","2028476","2074796","2225533","2217909","2310113","2393477","2540636","","2927692","3088483","3288309","3512135","3620982","3808142","3987423","4299810","4476086","4725551","","4760892","","5522936","5658333","6419272","6736387","6851036","6585557","6345057","6631883","6822949","6708970","7100959","7530640","7965619","7757880","10562609","10898577","10969178","11019149","11404385","11279561","11276669","11332216","11531571","11836666","12313798","","",
"Turkiye","TUR","Educational attainment, at least completed upper secondary, population 25+, female (%) (cumulative)","SE.SEC.CUAT.UP.FE.ZS","","","","","","","","","","","","","","","","","","","","","","","","","","","","","","","","","","","","","","","","","9.13864220201789","8.92266081332105","9.62119033910808","10.463430955702","14.8416795730591","15.6406402587891","16.7111797332764","17.3812503814697","20.6875","21.7169399261475","23.5827598571777","25.1279907226562","26.1064701080322","27.1220893859863","28.5405807495117","30.4469699859619","31.2161102294922","32.6171913146973","27.7396284814501","35.9632682800293","30.9713276717015","32.2902627518299","33.872866363674","35.7886920356514","","",
"Turkiye","TUR","Educational attainment, at least completed lower secondary, population 25+, total (%) (cumulative)","SE.SEC.CUAT.LO.ZS","","","","","","","","","","","","","","","","9.04734039306641","","","","","12.3000001907349","","","","","15.439920425415","","","","","","","","","","","","","","","","","","","28.9969692230225","30.5533294677734","31.7194004058838","32.3178291320801","34.9197311401367","36.4313812255859","46.585880279541","49.7481307983398","51.1371307373047","52.6753196716309","54.9677581787109","56.3549003601074","58.8644409179688","60.8933181762695","","66.0219192504883","","","","54.3120565948814","","",
"Turkiye","TUR","Lower secondary completion rate, male (% of relevant age group)","SE.SEC.CMPT.LO.MA.ZS","","","","","","","","","","","","","","","","","31.3164196014404","31.6966705322266","","","","","26.2581195831299","24.7938995361328","29.115270614624","","34.3714904785156","36.1498184204102","34.9866905212402","39.000659942627","40.9302406311035","44.5844383239746","48.817569732666","","","","","","","","","","","","94.4913787841797","98.9150466918945","95.5593032836914","96.9255218505859","97.3620834350586","97.8327789306641","107.037551879883","97.4609298706055","96.4945602416992","95.3848724365234","98.1490478515625","98.3717422485352","95.9048080444336","98.7349014282227","95.825813293457","96.8654708862305","130.194717407227","93.6526718139648","92.3946914672852","92.5113296508789","","",
"Turkiye","TUR","Children out of school, male (% of male primary school age)","SE.PRM.UNER.MA.ZS","","","","","","","","","","","","","","","18.1387500762939","","","","","","","","","","","","","","","","","","","","9.19118022918701","10.5526599884033","","9.20732021331787","","","","","","","","","","","","","","","","","0.349480003118515","1.45991003513336","2.00241994857788","0.905730009078979","","","","","","","","",
"Turkiye","TUR","Children out of school, primary","SE.PRM.UNER","","","","","","","","","","","","","","","1250106","","","","","","","","","","","662362","642714","691637","614601","631138","515717","549628","528967","692938","777516","866162","","784142","","","","","","","","","","","","","","","","411","13915","67914","92179","36009","10494","10253","11545","11341","13955","32563","","",
"Turkiye","TUR","Primary education, teachers (% female)","SE.PRM.TCHR.FE.ZS","","","","","","","","","","","","34.0828285217285","34.9230613708496","35.475269317627","36.9059791564941","37.6624603271484","39.0716400146484","","41.192569732666","41.8308601379395","","40.5754585266113","41.5305786132812","","41.2229309082031","41.1652603149414","41.7714614868164","41.7653884887695","41.5808601379395","41.8738403320312","42.2041893005371","43.3040199279785","42.3363914489746","42.7717514038086","43.0317306518555","43.5730400085449","","","","","","","","","","","","","","","","","55.0000190734863","57.8301887512207","58.1683082580566","58.6204299926758","59.4971008300781","61.1298904418945","61.9484710693359","64.0227813720703","63.641040802002","64.1099014282227","64.7616424560547","61.3630790710449","","",
"Turkiye","TUR","Trained teachers in primary education, female (% of female teachers)","SE.PRM.TCAQ.FE.ZS","","","","","","","","","","","","","","","","","","","","","","","","","","","","","","","","","","","","","","","","","","","","","","","","","","","","","","","","","","","","","","","","","","",
"Turkiye","TUR","Persistence to last grade of primary, total (% of cohort)","SE.PRM.PRSL.ZS","","","","","","","","","","","","","","","","","","","","","","","","","93.2579803466797","97.5180969238281","95.9664535522461","97.0651016235352","96.3904190063477","96.5584335327148","95.5843200683594","97.5205078125","92.1886596679688","89.0133438110352","93.0803833007812","","","","","","","","","94.8894271850586","96.612922668457","97.842170715332","97.5021133422852","94.2315216064453","91.8130722045898","99.2185668945312","95.0054092407227","90.0246505737305","","93.8545074462891","87.9880676269531","95.5900421142578","99.9151992797852","99.9728698730469","99.8543701171875","99.8551330566406","99.8254623413086","99.6131134033203","98.9628677368164","","","",
"Turkiye","TUR","Persistence to grade 5, male (% of cohort)","SE.PRM.PRS5.MA.ZS","","","","","","","","","","","","","","","","","","","","","","","","","93.1889877319336","97.9113693237305","96.5936737060547","97.5573120117188","96.8349914550781","97.0751266479492","96.2782897949219","97.9999237060547","91.8086624145508","88.0816268920898","","","","","","","","","","","96.9136428833008","97.5326919555664","97.0440216064453","94.0021362304688","90.6847229003906","98.4876403808594","94.6082305908203","90.7751007080078","","","0","","","","","","","","","","","",
"Turkiye","TUR","Over-age students, primary, male (% of male enrollment)","SE.PRM.OENR.MA.ZS","","","","","","","","","","","","","","","21.29086","","","","","","","","","","","","","","","","","","","","7.30418","7.40456","","6.85212","","7.48666","4.63601","4.37245","4.73711","4.17181","3.41501","3.38393","3.05034","2.62328","2.83782","4.73708","5.10073","5.60506","5.92548","5.61974","4.77311","3.54313","3.54179","2.07032","","","","","","","","",
"Turkiye","TUR","Net intake rate in grade 1, female (% of official school-age population)","SE.PRM.NINT.FE.ZS","","","","","","","","","","","","","","","","","","","","","","","","","","","","","","","","","","","","","","","","","","","","","","","","","","","","","","","","","","","","","","","","","","",
"Turkiye","TUR","Gross intake ratio in first grade of primary education, total (% of relevant age group)","SE.PRM.GINT.ZS","","","","","","","","","","","","","","","","","","","","","","","","","118.65757","89.83528","94.56095","97.65633","105.0568","95.73993","97.68184","95.68785","96.83966","95.34418","92.74989","94.9434","","","","","","","","","100.27379","101.42321","101.2029","103.01662","100.83859","94.16804","102.52839","100.12928","101.64616","","100.74281","93.1765","90.34224","95.19447","","","","","","","","",
"Turkiye","TUR","School enrollment, primary, female (% gross)","SE.PRM.ENRR.FE","","","","","","","","","","","","85.1268463134766","86.3562164306641","88.5049591064453","89.4105529785156","89.7962112426758","90.4175567626953","90.1541900634766","88.4865188598633","89.1077880859375","","88.1288909912109","91.4290771484375","","100.349189758301","99.9639587402344","100.250930786133","99.3936614990234","100.496528625488","97.560661315918","98.0501937866211","97.8534927368164","97.8317337036133","95.4135131835938","93.0460205078125","92.0406265258789","","92.2523422241211","","96.9436569213867","101.65950012207","104.008796691895","104.928726196289","101.818412780762","102.24584197998","102.7470703125","103.410263061523","104.149971008301","102.199951171875","101.680648803711","104.545227050781","105.980278015137","104.680419921875","115.074432373047","112.405212402344","107.572982788086","105.592681884766","97.5539016723633","100.87230682373","103.790626525879","102.976020812988","102.186958312988","102.141120910645","101.200180053711","","",
"Turkiye","TUR","Primary education, pupils","SE.PRM.ENRL","","","","","","","","","","","","5011926","5099694","5243681","5324707","5377708","5463684","5499456","5454356","5570935","","5656494","5859711","6038169","6497308","6522438","6635858","6703528","6880304","6766829","6848083","6861711","6878923","6707725","6526356","6466648","","6389060","","6583231","6562090","6694754","6755124","6575666","6617912","6678265","6705994","6769452","6760145","6591608","6635156","6580999","6429549","5593910","5574916","5434150","5360703","4972430","5104599","5267378","5279945","5328391","5433901","5535531","","",
"Turkiye","TUR","Educational attainment, at least completed primary, population 25+ years, female (%) (cumulative)","SE.PRM.CUAT.FE.ZS","","","","","","","","","","","","","","","","","","","","","","","","","","","","","","","","","","","","","","","","","65.2141975630011","65.6727893540126","67.4215755689912","69.5157268764268","69.5435791015625","68.6361465454102","68.5430603027344","69.6406097412109","72.6383285522461","74.7516021728516","77.9736480712891","79.6150131225586","80.3199462890625","80.7942428588867","81.4578323364258","82.0068817138672","82.905403137207","83.6428909301758","","85.7307662963867","","76.8506669524896","77.2250366985633","","","",
"Turkiye","TUR","Primary school starting age (years)","SE.PRM.AGES","","","","","","","","","","","6","6","6","6","6","6","6","6","6","6","6","6","6","6","6","6","6","6","6","6","6","6","6","6","6","6","6","6","6","6","6","6","6","6","6","6","6","6","6","6","6","6","6","6","6","6","6","6","6","6","6","6","6","6","6","6",
"Turkiye","TUR","School enrollment, preprimary, male (% gross)","SE.PRE.ENRR.MA","","","","","","","","","","","","0.224710002541542","0.277049988508224","0.292890012264252","0.288610011339188","0.246959999203682","","","0.223210006952286","0.241720005869865","","0.209649994969368","0.240439996123314","0.24753999710083","0.253960013389587","3.2255699634552","4.62449979782104","4.1121301651001","4.03822994232178","4.15602016448975","4.41050004959106","4.70029020309448","5.24590015411377","5.39525985717773","5.78788995742798","5.95836019515991","","7.14768981933594","7.46111011505127","7.03364992141724","6.72738981246948","6.8790397644043","7.60176992416382","8.28717994689941","9.14976978302002","11.1229400634766","14.0734195709229","16.5545597076416","18.3435897827148","21.3329696655273","25.9967193603516","29.5221405029297","30.7473297119141","28.2850799560547","27.6953201293945","29.9636993408203","30.934440612793","33.4751815795898","37.3782691955566","38.6303787231445","40.3477897644043","","","","","",
"Turkiye","TUR","Preprimary education, duration (years)","SE.PRE.DURS","","","","","","","","","","","","","","","","","","","","","","","","","","","","","","","","","","","","","","","","","","","","","","","","","","","","","","6","6","6","6","6","6","6","6","6","6","6","6","6",
"Turkiye","TUR","Learning poverty: Share of Male Children at the End-of-Primary age below minimum reading proficiency adjusted by Out-of-School Children (%)","SE.LPV.PRIM.MA","","","","","","","","","","","","","","","","","","","","","","","","","","","","","","","","","","","","","","","","","","34.979434967041","","","","","","","","","","","","","","","","","","","","20.3583717346191","","","","",
"Turkiye","TUR","Learning poverty: Share of Female Children at the End-of-Primary age below minimum reading proficiency adjusted by Out-of-School Children (%)","SE.LPV.PRIM.FE","","","","","","","","","","","","","","","","","","","","","","","","","","","","","","","","","","","","","","","","","","27.5463504791259","","","","","","","","","","","","","","","","","","","","16.6219902038574","","","","",
"Turkiye","TUR","School enrollment, primary and secondary (gross), gender parity index (GPI)","SE.ENR.PRSC.FM.ZS","","","","","","","","","","","","0.637419998645782","0.649739980697632","0.667770028114319","0.685620009899139","","0.703939974308014","0.705839991569519","0.706789970397949","0.716350018978119","","","0.749650001525879","","0.771640002727509","","0.775020003318787","0.77403998374939","0.777090013027191","0.77649998664856","0.782260000705719","0.785009980201721","0.789849996566772","0.791509985923767","0.802479982376099","0.796209990978241","","0.804830014705658","","0.797439992427826","0.818560004234314","0.818979978561401","0.819890022277832","0.822210013866425","0.853450000286102","0.889800012111664","0.897780001163483","0.907270014286041","0.926840007305145","0.944050014019012","0.947820007801056","0.94989001750946","0.964730024337769","0.976890027523041","0.980539977550507","0.980279982089996","0.981840014457703","0.964049994945526","0.979900002479553","0.970019996166229","0.977119982242584","","","","","",
"Turkiye","TUR","Literacy rate, adult male (% of males ages 15 and above)","SE.ADT.LITR.MA.ZS","","","","","","","","","","","","","","","","77.5","","","","","81.4499969482422","","","","","87.620002746582","","","","","89.8499984741211","","","","","","","","","","","","","","95.2699966430664","96","96","96.1999969482422","","96.379997253418","97.3000030517578","97.9300003051758","98.2600021362305","98.4000015258789","98.5","98.5800018310547","98.6800003051758","98.8199996948242","","99.0800018310547","","99.2600021362305","","","","",
"Turkiye","TUR","Literacy rate, youth (ages 15-24), gender parity index (GPI)","SE.ADT.1524.LT.FM.ZS","","","","","","","","","","","","","","","","0.75","","","","","0.800000011920929","","","","","0.899999976158142","","","","","0.920000016689301","","","","","","","","","","","","","","0.949999988079071","0.959999978542328","0.959999978542328","0.959999978542328","","0.980000019073486","0.980000019073486","0.980000019073486","0.990000009536743","0.990000009536743","0.990000009536743","0.990000009536743","1","1","0.987999975681305","1","","1","0.992438137531281","","","",
"Turkiye","TUR","Coverage of social insurance programs in 4th quintile (% of population)","per_si_allsi.cov_q4_tot","","","","","","","","","","","","","","","","","","","","","","","","","","","","","","","","","","","","","","","","","","","","","36.5903448327264","40.8749290184718","36.2275165911742","39.1075821837074","42.3766175147738","40.2490035617326","39.5574335262672","42.6371055231023","42.544846354275","43.0826325058803","41.4608266221001","42.6337412167761","43.8623458561151","40.8204408747188","45.4367385611869","44.2641266554531","","","","","","",
"Turkiye","TUR","Coverage of social insurance programs (% of population)","per_si_allsi.cov_pop_tot","","","","","","","","","","","","","","","","","","","","","","","","","","","","","","","","","","","","","","","","","","","","","29.4103890069505","31.0197357780177","30.7501041037207","32.3792771655451","34.6211254576984","33.1210817543388","33.4871904449015","34.1954473522408","35.4201415930258","36.5297373925331","37.1057306544455","36.5347534385449","36.0602768561565","36.2965123406439","37.8227784554463","37.1726479744503","","","","","","",
"Turkiye","TUR","Coverage of social safety net programs in 4th quintile (% of population)","per_sa_allsa.cov_q4_tot","","","","","","","","","","","","","","","","","","","","","","","","","","","","","","","","","","","","","","","","","","","","","24.377348260371","25.0641811830607","31.5990458974964","30.6156002796706","31.0424384330788","8.97396851571914","7.74588457348212","6.76268387561137","6.2683676746405","6.23689120017189","6.6461061380637","5.48062555954012","5.47117780317793","4.87016121291199","5.37210023068242","4.8610250602424","","","","","","",
"Turkiye","TUR","Coverage of social safety net programs (% of population)","per_sa_allsa.cov_pop_tot","","","","","","","","","","","","","","","","","","","","","","","","","","","","","","","","","","","","","","","","","","","","","27.2196844619737","27.6037286042508","30.5047557594026","33.1635525705489","37.0521849845735","17.9661078849414","18.4449513769333","18.3921538609493","15.8607450082164","16.6905692574899","17.6757640256123","17.1004145992724","17.960378362579","16.5630940122622","15.5255708265927","14.4578637026272","","","","","","",
"Turkiye","TUR","Coverage of unemployment benefits and ALMP in 4th quintile (% of population)","per_lm_alllm.cov_q4_tot","","","","","","","","","","","","","","","","","","","","","","","","","","","","","","","","","","","","","","","","","","","","","","","","","","1.50325884557548","1.28885905803653","0.802386162209639","1.13505192373585","0.723187016639132","1.69026585634783","2.08606825026743","1.55402487717464","1.58033956107489","1.29358220059351","1.90000074204025","","","","","","",
"Turkiye","TUR","Coverage of unemployment benefits and ALMP (% of population)","per_lm_alllm.cov_pop_tot","","","","","","","","","","","","","","","","","","","","","","","","","","","","","","","","","","","","","","","","","","","","","","","","","","1.13946823961092","1.04459968346321","0.853320370913091","0.840863243694171","0.827594921782599","1.27874983400007","1.47963546563522","1.33637949819189","1.51898242942811","1.44903742578804","1.82680596815021","","","","","","",
"Turkiye","TUR","Benefit incidence of social protection and labor programs to poorest quintile (% of total SPL benefits)","per_allsp.ben_q1_tot","","","","","","","","","","","","","","","","","","","","","","","","","","","","","","","","","","","","","","","","","","","","","3.129408332766","3.64374106102905","4.50743389665885","4.15585061983183","5.2274511743737","5.85054392610972","5.5820661978825","5.22652273094031","6.72311444143727","6.50290093526483","6.48728790292341","5.60527385232666","6.09190829034667","6.71318229738168","6.42814695253824","5.5713169019451","","","","","","",
"Turkiye","TUR","PPP conversion factor, GDP (LCU per international $)","PA.NUS.PPP","","","","","","","","","","","","","","","","","","","","","","","","","","","","","","","0.001186","0.001822","0.002916","0.004779","0.009659","0.017711","0.030976","0.055376","0.128873","0.196465","0.281594","0.414949","0.591251","0.736506","0.79215","0.834589","0.841811","0.851116","0.87996","0.904655","0.920469","0.966176","1.019856","1.070294","1.104504","1.162141","1.241052","1.38398","1.63261","1.837125","2.111056","2.751633","4.517801","7.350289","11.554529","16.203626",
"Turkiye","TUR","Terms of trade adjustment (constant LCU)","NY.TTF.GNFS.KN","","","","","","","","","","","","","","","","","","","","","","","","","","","","-4887173639.30763","-6894894404.94472","-10623360649.8041","-7597540441.44525","-7585522405.08543","-8611795590.96986","-4949067669.37558","-5299099395.56079","8952532159.78441","3725261234.38011","12576235911.0577","8113055047.94582","10582429424.1817","-1547530134.72507","-4563569944.3757","-825576589.396545","4925437927.35016","9847389520.10754","9878491279.68787","-18367469.1429443","4484772586.6478","-3026724192.11337","0","-6589327006.78387","-28186428952.2127","-36480032328.0142","-32151213642.6127","-36202635616.7758","-31286655284.8885","-18183264140.5009","-43145698076.1197","-56476548009.3801","-63032679112.9475","-39412167437.5854","-88773231183.6349","-151483811412.659","-75284961491.7508","-60964818785.2526","-50052788164.2231",
"Turkiye","TUR","Taxes less subsidies on products (constant LCU)","NY.TAX.NIND.KN","","","","","","","","","20303982523.2642","21119003472.7001","20983911589.1325","20921266271.2613","23831341515.2892","25133577221.2873","24441867592.8081","27031053909.7375","32878114085.1132","32952830940.4463","35017860745.2147","37373982182.773","30147223799.5348","31317673762.4773","31357314824.1683","34125554719.9935","36419186908.0096","40567522285.4417","45574985795.0632","50126124418.7067","48671982597.5512","48595797151.9771","57985537076.0086","59849750600","63969622500","74321741900","60712908500","64410956500","75402319600","83993882100","75729557200","72363421600","77987404400","73918882900","79213954400","84892801300","93578259200","104168735400","111763193000","118517886000","117916658400","107969887700","129618402900","140339220500","143473812500","162000523000","161157672400","176861934800","183333600200","190986400300","191207745500","191450504100","209728120600","214443164400","215794627700","243056605700","258675253400","276552750211.6",
"Turkiye","TUR","Net primary income (Net income from abroad) (current LCU)","NY.GSR.NFCY.CN","","","","","","","","-600","-800","-900","-900","-1300","-1700","-1900","-2465","-2369","-4816","-6139","-10684","-30332","-85011","-158598","-241879","-330520","-551117","-810640","-1266059","-1787292","-3574355","-4937147","-6542473","-11109500","-18112500","-30184000","-96614400","-146789000","-238257800","-457674700","-778189500","-1481295600","-2502124400","-6127940400","-6863909100","-8340419100","-7995838400","-7215041300","-8550722100","-8179800200","-9895469500","-11864942100","-9798573100","-12143420500","-11832054200","-16410482200","-17956990500","-26337842600","-27724837000","-39144463200","-53469371000","-67195042100","-60596402400","-102107151900","-152282613600","-279474139000","-606285125300","-917679497800",
"Turkiye","TUR","Gross savings (current LCU)","NY.GNS.ICTR.CN","","","","","","","","","","","","","","","159395","211349","280704","337287","489292","936378","1507685","2568840","3343272","4005680","6467679","12221212","19615941","18061519","36733103","59278847","85260112","116903508","200619840","366921920","703718290","3073774610","5915010585","11102934315","19535828420","23673253623","37414651216","57660246356","83732547258","101487473000","133240005829","168868219482","206404214942","225728694001","263498638792","236731298280","282768292275","348295977245","404590841551","482480209336","553330958640","654243252173","719243381830","907298995189","1167285363070","1301816073249","1547299270205","2498802283200","5203559647860","8601396546162","13337965575092","",
"Turkiye","TUR","Net financial flows, RDB concessional (NFL, current US$)","DT.NFL.RDBC.CD","","","","","","","","","","","-17089000","316946.4","-52041779.4","","","","","","","","","","","","","","","","","","","","","","","","","","","","","","","","","","","","","","","","","","","","","","","","","","","","","",
"Turkiye","TUR","PNG, bonds (NFL, current US$)","DT.NFL.PNGB.CD","","","","","","","","","","","","","","","","","","","","","","","","","","","","","","16000000","","","50000000","-16000000","99450000","","25000000","-50000000","670000000","552020000","454106000","-124450000","200000000","-430978000","527758000","1975000000","1726971000","750000000","150000000","-200000000","1880000000","1562804000","6561000000","6669511000","7134127000","516757000","1275354000","3289142000","-1436269000","-1887736000","-4587047000","740983000","-5611122000","361107000","7205497000","",
"Turkiye","TUR","PPG, official creditors (NFL, US$)","DT.NFL.OFFT.CD","","","","","","","","","","","240628575.5","250966048.6","172593881.7","283091969.2","160684481.1","164699628.5","262790199.6","237291763.8","644309828.6","972454501","1238454156.2","1142241186.1","762546663.3","327387310.1","1061007236.9","423777651.5","628640232.5","479844042","503796009.2","-554793353.7","218872631.5","436408311.9","-508972360.1","-739707319","-605512821.2","-1182794307.2","-843631379.7","-203709048.5","-735314691.5","-775924293.1","306414072.6","251593628.4","407373788","-515580499.5","650604604.5","-601523610.6","722641443","1603612965.6","2281093073.2","3006660205.2","4022787269.1","2584828714.8","2007132596.8","2103556617.7","2147295141.2","934747014.9","779846749.6","843693237.3","921270956.5","193304322.4","-1606168774.1","-441018794.7","547657127.2","-148267400.7","3055510586.4","",
"Turkiye","TUR","Net financial flows, IDA (NFL, current US$)","DT.NFL.MIDA.CD","","","","","","","","","","","7233000","4922000","3796000","3010000","13327000","16731000","19812000","17702000","7428000","1826000","-863000","-1233000","-1656000","-2596000","-2946000","-3541000","-3902000","-3655000","-3715000","-4614000","-4184000","-4424000","-5270000","-5886000","-5886000","-5886000","-5886000","-5886000","-5886000","-5886000","-5886000","-5886000","-5886000","-5886000","-5886000","-5886000","-5886000","-5886000","-5886000","-5886000","-5886000","-5886000","-5883000","-4926000","-4402000","-3518000","-2978000","-2978000","-2978000","-2553000","-2553000","-2193000","-924000","","","",
"Turkiye","TUR","Net official flows from UN agencies, ILO (current US$)","DT.NFL.ILOG.CD","","","","","","","","","","","","","","","","","","","","","","","","","","","","","","","","","","","","","","","","","","","","","","","","","","","","","433017.998933792","715162.992477417","547680.020332336","1018239.97497559","885349.988937378","830569.982528687","959197.998046875","1392220.02029419","495346.993207932","536499.977111816","415556.013584137","1086122.98965454","","",
"Turkiye","TUR","Net flows on external debt, private nonguaranteed (PNG) (NFL, current US$)","DT.NFL.DPNG.CD","","","","","","","","","","","-2200000","6600000","21500000","45100000","27300000","15900000","104800000","218400000","122000000","73000000","46000000","14000000","13000000","5000000","26000000","-92000000","101719000","155577000","23000000","163185000","259703000","-319366000","1503480000","2576902000","-136346000","743861000","1024000000","1127000000","3270000000","4075366000","1404619000","-1141450000","7134198000","17231540000","11251781000","16811433000","30712126000","34105715000","22036972000","-13341595000","-5437000000","9654078000","16475000000","23482511000","26491127000","-7216179000","14269939000","12881046000","-4427342000","-14644194000","-14634194000","-4489381000","-8170898000","7263926000","3509094000","",
"Turkiye","TUR","Present value of external debt (% of GNI)","DT.DOD.PVLX.GN.ZS","","","","","","","","","","","","","","","","","","","","","","","","","","","","","","","","","","","","","","","","","","","","","","","","","","","","","","","","","","","","","","","","","11.3962250657416","",
"Turkiye","TUR","PPG, IDA (DOD, current US$)","DT.DOD.MIDA.CD","","","","","","","","","","","82997000","87919000","99384000","113463000","126789000","143521000","163333000","181035000","188465000","190294000","189432000","188203000","186547000","183950000","180997000","177457000","173558000","169903000","166191000","161575000","157393000","152970000","147701000","141818000","135929000","130045000","124162000","118276000","112390000","106506000","100620000","94737000","88851000","82967000","77080000","71196000","65311000","59427000","53539000","47656000","41771000","35887000","30003000","25077000","20675000","17157000","14178000","11201000","8223000","5669000","3117000","924000","0","","","",
"Turkiye","TUR","Short-term debt (% of total reserves)","DT.DOD.DSTC.IR.ZS","","","","","","","","","","","178.280792384445","120.290892107724","67.9457571503852","50.3201704118687","59.3966592709158","100.038378657235","116.482525433494","492.358925773787","440.827497402692","140.152246419348","75.8471087266645","90.7443482027217","63.1901936920122","83.8299017438153","130.407013266455","205.346637651595","217.990884705815","209.961527219139","164.015529656304","91.2165767805916","124.572195909058","137.798106531137","168.621780961331","236.198739400902","131.005694490663","113.030829867674","97.337530637827","91.1271162468614","103.157366154626","96.0681161698371","122.953767742727","82.0889337078632","65.8917034342088","76.7683386890548","98.3939541055601","82.98671881306","78.002250672778","67.7080026119858","76.5133914601434","74.9068169263429","108.191914185526","110.240433657581","96.1909338819893","108.279423164092","111.836040155395","94.4160775826807","85.808757330023","101.448869323589","98.968807952514","90.3655349310513","118.845662902446","106.160523329354","114.801772712514","124.128025657617","114.519671079131","",
"Turkiye","TUR","External debt stocks, long-term (DOD, current US$)","DT.DOD.DLXF.CD","","","","","","","","","","","1888323200.2","2280225317.4","2539569347.9","3003209180","3309821915.4","3370839386.7","3895984289.8","4950164698.7","7046662075.5","11671362760.8","15575434135","15712311774.6","16489927709.2","16469391416.4","16996790063.2","19927287741","25499523354","32550291463.8","34277055799.5","35784490329.7","39924152195.2","41756488639.5","43893858153.6","50071763966","54595390455.6","57395573773.5","62617636165.8","66131656111.2","75348512178.4","77267572287.5","83564736677.6","82343477817.5","90840174051.8","96810160529.2","107087797097.5","119887077403.2","157264178519.3","209564239867","229378238006.9","220232112244.3","216368807227.7","219519701923.9","236241877605.7","258623874329.7","269748534439","293654426589.2","307565015434.3","336190366273.6","332235603967.2","317415431130.3","316519087646","309089644050.1","300805112036.2","317528965149.4","329635182803.6","",
"Turkiye","TUR","Net ODA provided, total (constant 2023 US$)","DC.ODA.TOTL.KD","","","","","","","","","","","","","","","","","","","","","","","","","","","","","","","","","","","","","","","","","","","","","","","","","","","","","","","","","","","","","","","","","","",
"Turkiye","TUR","Net ODA provided, to the least developed countries (current US$)","DC.ODA.TLDC.CD","","","","","","","","","","","","","","","","","","","","","","","","","","","","","","","","","","","","","","","","","","","","","","","","","","","","","","","","","","","","","","","","","","",
"Turkiye","TUR","Net bilateral aid flows from DAC donors, Slovenia (current US$)","DC.DAC.SVNL.CD","","","","","","","","","","","","","","","","","","","","","","","","","","","","","","","","","","","","","","","","","","","","","","","","","1080000.04291534","200000.002980232","9999.99977648258","219999.998807907","150000.005960464","100000.001490116","78708.0004811287","50514.0013992786","1661612.98751831","2593292.95158386","1365975.9759903","941987.991333008","945892.989635468","513139.009475708","492828.011512756","1246688.00830841","","",
"Turkiye","TUR","Net bilateral aid flows from DAC donors, New Zealand (current US$)","DC.DAC.NZLL.CD","","","","","","","","","","","","","","","","","","","","","","","","","","","","","","","","","","","","","","70000.0002980232","90000.0035762787","170000.001788139","100000.001490116","","19999.9995529652","70000.0002980232","","","","","","","","200000.002980232","","","","","9999.99977648258","9999.99977648258","6821.00001722574","5900.0002220273","17704.0006965399","","","2986041.06903076","","",
"Turkiye","TUR","Net bilateral aid flows from DAC donors, Lithuania (current US$)","DC.DAC.LTUL.CD","","","","","","","","","","","","","","","","","","","","","","","","","","","","","","","","","","","","","","","","","","","","","","","9999.99977648258","","","","","19999.9995529652","","","","13973.9997684956","1679949.04518127","15703.0001282692","1374529.9577713","938129.007816315","925104.975700378","627016.007900238","560878.992080688","1514423.96640778","","",
"Turkiye","TUR","Net bilateral aid flows from DAC donors, Iceland (current US$)","DC.DAC.ISLL.CD","","","","","","","","","","","","","","","","","","","","","","","","","","","","","","","","","","","","","","","","","","","","","","","","","","","","","","","","","","162242.993712425","128689.005970955","103278.003633022","273699.998855591","337680.011987686","177394.00267601","803861.975669861","","",
"Turkiye","TUR","Net bilateral aid flows from DAC donors, United Kingdom (current US$)","DC.DAC.GBRL.CD","-1820000.05245209","-579999.983310699","340000.003576279","7719999.79019165","9199999.80926514","19790000.9155273","19280000.6866455","16440000.5340576","12430000.3051758","5530000.20980835","10239999.7711182","10069999.6948242","9500000","-2269999.98092651","-4769999.98092651","-2099999.90463257","-3089999.91416931","2180000.0667572","-810000.002384186","-4849999.90463257","18690000.5340576","46169998.1689453","24420000.0762939","4230000.01907349","-3430000.0667572","7360000.1335144","-1049999.95231628","-3150000.09536743","-12250000","-7400000.09536743","-8210000.03814697","14680000.3051758","3839999.91416931","13159999.8474121","20680000.3051758","-90000.0035762787","2180000.0667572","1700000.04768372","1269999.98092651","2299999.95231628","540000.021457672","-219999.998807907","-709999.978542328","-1850000.02384186","-3700000.04768372","-1070000.05245209","-1419999.95708466","1409999.9666214","4550000.19073486","2230000.01907349","3750000","5510000.22888184","13659999.8474121","8526708.60290527","13970103.263855","9610802.65045166","128897933.959961","177578018.188477","96634544.3725586","71651962.2802734","66905662.5366211","52092910.7666016","37036407.4707031","42468196.8688965","","",
"Turkiye","TUR","Tuberculosis case detection rate (%, all forms)","SH.TBS.DTEC.ZS","","","","","","","","","","","","","","","","","","","","","","","","","","","","","","","","","","","","","","","","","51","53","55","56","58","60","60","60","61","61","61","64","67","70","73","76","76","76","76","76","63","67","76","78","78","",
"Turkiye","TUR","Prevalence of severe wasting, weight for height, female (% of children under 5)","SH.SVR.WAST.FE.ZS","","","","","","","","","","","","","","","","","","","","","","","","","","","","","","","","","","0.6","","","","","0.5","","","","","","0.1","","","","0.1","","","","","0.5","","","","","0.9","","","","","","","",
"Turkiye","TUR","Mortality rate attributed to unsafe water, unsafe sanitation and lack of hygiene (per 100,000 population)","SH.STA.WASH.P5","","","","","","","","","","","","","","","","","","","","","","","","","","","","","","","","","","","","","","","","","","","","","","","","","","","","","","","","","","","","2.5","","","","","","",
"Turkiye","TUR","Suicide mortality rate, female (per 100,000 female population)","SH.STA.SUIC.FE.P5","","","","","","","","","","","","","","","","","","","","","","","","","","","","","","","","","","","","","","","","","1.08","0.96","0.98","1.07","1.14","1.19","1.23","1.21","1.21","1.26","1.26","1.24","1.27","1.27","1.35","1.41","1.44","1.42","1.42","1.47","1.21","1.09","","","","",
"Turkiye","TUR","Prevalence of stunting, height for age, female (modeled estimate, % of children under 5)","SH.STA.STNT.ME.FE.ZS","","","","","","","","","","","","","","","","","","","","","","","","","","","","","","","","","","","","","","","","","16.6","16.3","16","15.7","15.4","14.8","14.1","13.3","12.3","11.1","10.2","9.3","8.6","8.1","7.6","7.2","6.8","6.4","6.1","5.8","5.6","5.4","5.3","5.3","5.2","",
"Turkiye","TUR","People using safely managed sanitation services, urban (% of urban population)","SH.STA.SMSS.UR.ZS","","","","","","","","","","","","","","","","","","","","","","","","","","","","","","","","","","","","","","","","","43.4611516785862","43.4611516785862","43.5978052143315","43.7346321619326","45.1886872133954","46.6667695874308","48.1689361306418","49.6113334626085","51.0824438593653","52.5824965577057","54.1117213560152","55.6703486142744","57.2586092540566","58.8767347585292","60.5249571724536","62.2035091021841","63.9126237156695","65.6525347424513","67.4234764736658","69.2256837620424","71.0551129562897","72.7926582724388","74.5514790225823","76.3315752067208","78.1329468248537","",
"Turkiye","TUR","Mortality rate attributed to unintentional poisoning (per 100,000 population)","SH.STA.POIS.P5","","","","","","","","","","","","","","","","","","","","","","","","","","","","","","","","","","","","","","","","","0.45","0.41","0.41","0.44","0.46","0.48","0.48","0.48","0.48","0.49","0.49","0.48","0.49","0.49","0.5","0.47","0.46","0.44","0.42","0.41","0.37","0.34","","","","",
"Turkiye","TUR","Prevalence of overweight, weight for height, female (modeled estimate, % of children under 5)","SH.STA.OWGH.ME.FE.ZS","","","","","","","","","","","","","","","","","","","","","","","","","","","","","","","","","","","","","","","","","5.4","5.9","6.3","6.8","7.3","7.7","8.1","8.5","8.8","9.1","9.3","9.4","9.3","9.2","9.1","8.9","8.7","8.5","8.2","8","7.8","7.6","7.4","7.3","7.2","",
"Turkiye","TUR","Diarrhea treatment (% of children under 5 receiving oral rehydration and continued feeding)","SH.STA.ORCF.ZS","","","","","","","","","","","","","","","","","","","","","","","","","","","","","","","","","","","","","","","18.9","","","","","","","","","","22","","","","","","","","","","","","","","","","","",
"Turkiye","TUR","Maternal mortality ratio (national estimate, per 100,000 live births)","SH.STA.MMRT.NE","","","","","","","","","","","","","","","","","","","","","","","","","","","","","","","","","","","","","","","","","","","","","","","","21.2","19.4","18.4","16.4","15.5","15.4","15.9","15.2","14.6","14.7","14.5","13.6","13.1","","","","","","",
"Turkiye","TUR","Prevalence of underweight, weight for age, female (% of children under 5)","SH.STA.MALN.FE.ZS","","","","","","","","","","","","","","","","","","","","","","","","","","","","","","","","","","7.9","","","","","7.1","","","","","","3.9","","","","2","","","","","2.3","","","","","1.7","","","","","","","",
"Turkiye","TUR","Female genital mutilation prevalence (%)","SH.STA.FGMS.ZS","","","","","","","","","","","","","","","","","","","","","","","","","","","","","","","","","","","","","","","","","","","","","","","","","","","","","","","","","","","","","","","","","","",
"Turkiye","TUR","Exclusive breastfeeding (% of children under 6 months)","SH.STA.BFED.ZS","","","","","","","","","","","","","","","","","","","","","","","","","","","","","","","","","","10.7","","","","","7.1","","","","","20.8","","","","","41.6","","","","","","30.1","","","","","40.7","","","","","","",
"Turkiye","TUR","ARI treatment (% of children under 5 taken to a health provider)","SH.STA.ARIC.ZS","","","","","","","","","","","","","","","","","","","","","","","","","","","","","","","","","","","","","","","","","","","","45","","","","","","","","","","","","","","","","","","","","","","",
"Turkiye","TUR","Mortality rate attributed to household and ambient air pollution, age-standardized, female (per 100,000 female population)","SH.STA.AIRP.FE.P5","","","","","","","","","","","","","","","","","","","","","","","","","","","","","","","","","","","","","","","","","","","","","","","","","","","","","","","","","","","","37.2","","","","","","",
"Turkiye","TUR","Prevalence of current tobacco use, males (% of male adults)","SH.PRV.SMOK.MA","","","","","","","","","","","","","","","","","","","","","","","","","","","","","","","","","","","","","","","","","50.9","","","","","48.8","","47.9","","","47","","","","","45.1","","","","","43.3","","42.7","42.3","41.9","",
"Turkiye","TUR","Lifetime risk of maternal death (%)","SH.MMR.RISK.ZS","","","","","","","","","","","","","","","","","","","","","","","","","","0.222310835754","0.204642929994319","0.188401261779478","0.170786298843549","0.15639118508557","0.139233311801589","0.130240511462384","0.124376483139111","0.119922701180713","0.115650628894932","0.11143200377093","0.106060225315266","0.101496330068451","0.0968957813067684","0.0944105297404989","0.0830485416889072","0.0770904840746948","0.070033785391228","0.0652510904224531","0.062499914372604","0.0596509725145298","0.0571078380436817","0.0544013561829602","0.0517228750247471","0.0490380352929275","0.0462327879784104","0.0460608500376652","0.0436347895671912","0.0406404035522932","0.0408568218854902","0.0394475796099004","0.0387344773774141","0.0359011325814452","0.0331476102176687","0.0301834713478763","0.0320819831187835","0.0317709765070198","0.0318280561105528","0.0216451546363183","","",
"Turkiye","TUR","Use of insecticide-treated bed nets (% of under-5 population)","SH.MLR.NETS.ZS","","","","","","","","","","","","","","","","","","","","","","","","","","","","","","","","","","","","","","","","","","","","","","","","","","","","","","","","","","","","","","","","","","",
"Turkiye","TUR","Nurses and midwives (per 1,000 people)","SH.MED.NUMW.P3","","","","","","","","","","","","","","","","","","","","","","","","","","","","","","","","","","1.532","1.531","1.667","1.636","1.678","1.703","1.699","1.699","1.725","1.698","1.712","1.735","1.756","1.815","2.005","2.062","2.133","2.251","2.383","2.505","2.526","2.502","2.573","2.516","2.647","2.924","2.977","3.326","3.349","3.483","","","",
"Turkiye","TUR","Immunization, DPT (% of children ages 12-23 months)","SH.IMM.IDPT","","","","","","","","","","","","","","","","","","","","","42","64","58","56","56","55","45","86","86","79","84","72","77","76","87","67","72","79","81","79","85","88","78","68","85","90","90","96","96","96","97","97","97","98","96","97","98","96","98","99","98","95","99","99","99","",
"Turkiye","TUR","Incidence of HIV, ages 15-24 (per 1,000 uninfected population ages 15-24)","SH.HIV.INCD.YG.P3","","","","","","","","","","","","","","","","","","","","","","","","","","","","","","","","","","","","","","","","","","","","","","","","","","","","","","","","","","","","","","","","","","",
"Turkiye","TUR","Children (ages 0-14) newly infected with HIV","SH.HIV.INCD.14","","","","","","","","","","","","","","","","","","","","","","","","","","","","","","","","","","","","","","","","","","","","","","","","","","","","","","","","","","","","","","","","","","",
"Turkiye","TUR","Prevalence of HIV, female (% ages 15-24)","SH.HIV.1524.FE.ZS","","","","","","","","","","","","","","","","","","","","","","","","","","","","","","","","","","","","","","","","","","","","","","","","","","","","","","","","","","","","","","","","","","",
"Turkiye","TUR","People using safely managed drinking water services, rural (% of rural population)","SH.H2O.SMDW.RU.ZS","","","","","","","","","","","","","","","","","","","","","","","","","","","","","","","","","","","","","","","","","","","","","","","","","","","","","","","","","","","","","","","","","","",
"Turkiye","TUR","Demand for family planning satisfied by modern methods (% of married women with demand for family planning)","SH.FPL.SATM.ZS","","","","","","","","","","","","","","","","","","","","","","","","","","","","","","","","","","44.7","","","","","48.5","","","","","55.6","","","","","56.5","","","","","59.8","","","","","","","","","","","","",
"Turkiye","TUR","Mortality from CVD, cancer, diabetes or CRD between exact ages 30 and 70, female (%)","SH.DYN.NCOM.FE.ZS","","","","","","","","","","","","","","","","","","","","","","","","","","","","","","","","","","","","","","","","","15.6","14.9","14.2","13.8","13.3","13.1","12.8","12.6","12.6","12.9","13.1","12.9","12.6","12.3","12.2","11.9","11.8","11.5","11.3","11.1","9.7","10.1","","","","",
"Turkiye","TUR","Prevalence of HIV, total (% of population ages 15-49)","SH.DYN.AIDS.ZS","","","","","","","","","","","","","","","","","","","","","","","","","","","","","","","","","","","","","","","","","","","","","","","","","","","","","","","","","","","","","","","","","","",
"Turkiye","TUR","Probability of dying among adolescents ages 10-14 years (per 1,000)","SH.DYN.1014","","","","","","","","","","","","","","","","","","","","","","","","","","","","","","","2.5","2.5","2.5","2.5","2.5","2.5","2.6","2.6","2.6","3.7","2.6","2.5","2.5","2.5","2.4","2.4","2.3","2.2","2.1","1.9","1.8","1.7","1.5","1.4","1.3","1.2","1.1","1.1","1","1","1","1","1.1","3.4","1.1","",
"Turkiye","TUR","Cause of death, by non-communicable diseases (% of total)","SH.DTH.NCOM.ZS","","","","","","","","","","","","","","","","","","","","","","","","","","","","","","","","","","","","","","","","","82.7500765517683","","","","","","","","","","88.7949843273832","","","","","88.6820949869737","","","","89.7039282565131","77.5303673437192","68.764261094899","","","","",
"Turkiye","TUR","Cause of death, by communicable diseases and maternal, prenatal and nutrition conditions (% of total)","SH.DTH.COMM.ZS","","","","","","","","","","","","","","","","","","","","","","","","","","","","","","","","","","","","","","","","","11.138515766056","","","","","","","","","","5.82647187675654","","","","","5.56982174212914","","","","5.46901568560287","15.9605692988846","22.3002668912949","","","","",
"Turkiye","TUR","Number of deaths ages 5-9 years","SH.DTH.0509","","","","","","","","","","","","","","","","","","","","","","","","","","","","","","","7953","7776","7604","7434","7254","7018","6741","6461","6203","7705","5763","5561","5340","5095","4822","4526","4216","3888","3553","3201","2827","2470","2159","1902","1703","1553","1435","1348","1288","1258","1247","1238","1224","4810","1181","",
"Turkiye","TUR","Prevalence of anemia among children (% of children ages 6-59 months)","SH.ANM.CHLD.ZS","","","","","","","","","","","","","","","","","","","","","","","","","","","","","","","","","","","","","","","","","","","","","","","","","","","","","","","","","","","","","","","","","","",
"Turkiye","TUR","Total alcohol consumption per capita, female (liters of pure alcohol, projected estimates, female 15+ years of age)","SH.ALC.PCAP.FE.LI","","","","","","","","","","","","","","","","","","","","","","","","","","","","","","","","","","","","","","","","","0.61","0.61","0.59","0.58","0.54","0.5","0.48","0.49","0.5","0.51","0.52","0.52","0.51","0.5","0.48","0.47","0.45","0.45","0.44","0.44","0.41","","","","","",
"Turkiye","TUR","Women who believe a husband is justified in beating his wife when she goes out without telling him (%)","SG.VAW.GOES.ZS","","","","","","","","","","","","","","","","","","","","","","","","","","","","","","","","","","","","","","","","","","","","","","","","","","","","","","4.4","","","","","","","","","","","","",
"Turkiye","TUR","Proportion of time spent on unpaid domestic and care work, male (% of 24 hour day)","SG.TIM.UWRK.MA","","","","","","","","","","","","","","","","","","","","","","","","","","","","","","","","","","","","","","","","","","","","","","","","","","","","","","","","","","","","","","","","","","",
"Turkiye","TUR","Women participating in the three decisions (own health care, major household purchases, and visiting family) (% of women age 15-49)","SG.DMK.ALLD.FN.ZS","","","","","","","","","","","","","","","","","","","","","","","","","","","","","","","","","","","","","","","","","","","","","","","","","","","","","","","","","","","","","","","","","","",
"Turkiye","TUR","Government expenditure per student, tertiary (% of GDP per capita)","SE.XPD.TERT.PC.ZS","","","","","","","","","","","","","","","","","","","","","","","","","","","","","","","","","","","","","","","","34.24444","","34.09401","36.04356","32.14899","28.61458","","25.74749","","","","","","42.71303","41.19523","38.48285","32.269","35.28416","","","","","","","","","",
"Turkiye","TUR","Government expenditure per student, primary (% of GDP per capita)","SE.XPD.PRIM.PC.ZS","","","","","","","","","","","","","","","","","","","","","","","","","","","","","","","","","","","","","","","","","","","","","","","","","","","","","13.27685","13.20414","14.60988","14.38743","12.99947","","","","","","","","","",
"Turkiye","TUR","Current education expenditure, primary (% of total expenditure in primary public institutions)","SE.XPD.CPRM.ZS","","","","","","","","","","","","","","","","","","","","","","","","","","","","","","","","","","","","","","","","","","","","","","","","","","","","90.751091003418","89.0827789306641","89.2743988037109","86.3559494018555","89.1449432373047","90.6808776855469","92.3704223632812","88.9024200439453","91.8528594970703","91.3924026489258","90.9306716918945","85.9890213012695","","","",
"Turkiye","TUR","School enrollment, tertiary (% gross)","SE.TER.ENRR","","","","","","","","","","","","4.93922996520996","4.77828979492188","4.69333982467651","4.90435981750488","6.8088002204895","8.24015045166016","8.81379985809326","8.52855968475342","7.79945993423462","6.26224994659424","5.35657978057861","5.39509010314941","5.78888988494873","6.68755006790161","8.119460105896","8.93927001953125","9.41248989105225","9.76490020751953","10.6391000747681","12.0200004577637","12.9068098068237","13.753210067749","15.4898300170898","18.9496097564697","19.2497100830078","","22.7995204925537","22.0010604858398","22.4771995544434","","25.0384502410889","25.9334297180176","29.7210502624512","30.7662506103516","33.2225189208984","37.3102416992188","39.3874015808105","40.7729606628418","46.9404602050781","56.7506217956543","61.516300201416","70.1044998168945","79.6469573974609","86.9976806640625","95.5645065307617","103.71558380127","110.534072875977","115.462463378906","117.005470275879","118.883682250977","125.763786315918","127.577972412109","105.88606262207","","",
"Turkiye","TUR","Educational attainment, at least completed short-cycle tertiary, population 25+, female (%) (cumulative)","SE.TER.CUAT.ST.FE.ZS","","","","","","","","","","","","","","","","0.638379991054535","","","","","1.5","","","","","6.69314002990723","","","","","","","","","","","","","","","","","","","5.10431003570557","5.62980985641479","6.208740234375","6.55738019943237","7.61658000946045","8.40464973449707","9.07618999481201","10.1263399124146","10.7900400161743","12.2682199478149","13.2298698425293","14.717399597168","15.5799903869629","16.5915699005127","15.0152023986595","18.5035800933838","17.4573592935782","18.437639984208","19.1076662044783","20.1394147928039","","",
"Turkiye","TUR","Educational attainment, Doctoral or equivalent, population 25+, total (%) (cumulative)","SE.TER.CUAT.DO.ZS","","","","","","","","","","","","","","","","","","","","","","","","","","","","","","","","","","","","","","","","","","","","","","","","","","","","","","0.343560010194778","0.350780010223389","0.338629990816116","0.359059989452362","0.422719985246658","","0.422910004854202","","2.30503082818869","2.52125887839416","2.73705754946055","","",
"Turkiye","TUR","Educational attainment, at least Bachelor's or equivalent, population 25+, male (%) (cumulative)","SE.TER.CUAT.BA.MA.ZS","","","","","","","","","","","","","","","","","","","","","","","","","","","","","","","","","","","","","","","","","","","","","","","","","","","","","","","","","","","","","","22.6306670811074","22.8418900604279","23.6546471016906","","",
"Turkiye","TUR","Price level index (GDP)","PA.NUS.GDP.PLI","","","","","","","","","","","","","","","","","","","","","","","","","","","","","","","45.4580298965121","43.6720997123682","42.4330616996508","43.5047792444242","32.6218379546759","38.632348129567","38.0517167250169","36.463964705495","49.428897991746","46.913317875845","45.0392582439113","33.8571363296638","39.2277601368342","49.071447845771","55.5685331212027","62.1166686390048","58.9316554342355","65.3231828853562","67.6100749737615","58.3663449379339","61.2482691208498","57.6836989650468","56.7848236164679","56.2197704762345","50.4675715613408","42.7256306872514","41.0926001652244","37.9366651380309","33.8128602406195","32.3789849482333","30.1209156458382","31.0904649819534","27.299771706329","30.963492066033","35.2209289675403","41.0688195628622",
"Turkiye","TUR","Net secondary income (Net current transfers from abroad) (constant LCU)","NY.TRF.NCTR.KN","","","","","","","","","","","","","","","","","","","","","","","","","","","","1175843191.23276","1046476381.5347","1431944702.62916","1423517629.63261","1656613849.64807","1282936041.79879","1142146684.44228","1250834495.23307","1479977946.77471","1356569501.16816","1551627734.81016","1432491407.05681","1396719448.80014","1297691866.38427","845293581.734389","690052631.847887","259536919.388866","248317912.043976","298500594.754667","351666789.839343","377246439.267424","286330065.390267","383063431.771546","218505240.432419","225360985.328433","211724005.029126","234256362.643671","","","","","","","","","","","","",
"Turkiye","TUR","Taxes less subsidies on products (current LCU)","NY.TAX.NIND.CN","1300","1500","1600","1800","2200","3100","3700","4100","4600","4600","5300","7000","8900","11000","14500","19900","26500","31300","41500","64900","70600","114200","153300","289400","495900","984400","1503600","2651600","4245600","6854000","13396900","22206000","40713000","81229200","135892100","1036011400","1719143400","3641380900","5682438500","9383239900","17853933800","26547824100","42159002200","57929561500","72765040100","85392571300","98973238000","100204181100","109143878800","107969887700","140252128100","167549549000","183934376000","224101284400","235830018400","277613626100","309064014700","353195328600","388113799200","428974356000","552091102200","764135000600","1569033078600","2997641669900","4973584486600","7148410171816",
"Turkiye","TUR","Net primary income (Net income from abroad) (current US$)","NY.GSR.NFCY.CD","","","","","","","","-66666666.6666667","-88888888.8888889","-100000000","-81818181.8181818","-86666666.6666667","-121428571.428571","-135714285.714286","-176071428.571429","-169214285.714286","-301000000","-341055555.555556","-445166666.666667","-978451612.903226","-1118565789.47368","-1428810810.81081","-1483920245.39877","-1468977777.77778","-1501681198.91008","-1552950191.57088","-1875642962.96296","-2085521586.93116","-2513611111.11111","-2326647973.6098","-2507655423.53392","-2662871524.44871","-2635695576.25146","-2747746927.62858","-3263007869.22895","-3201854073.50856","-2926820219.88821","-3013694399.63125","-2984725226.67649","-3537143580.3268","-4001996740.34218","-5000000326.37395","-4554001257.94008","-5557000769.54597","-5609000958.93688","-5370000439.12434","-5986001709.54172","-6277999525.68478","-7602998258.96143","-7654998903.1975","-6519998416.34123","-7249998059.64936","-6587999783.96449","-8620001071.55914","-8205001548.97644","-9682998328.31435","-9179999238.44464","-10729998933.7012","-11074000335.517","-11843000649.1219","-8646000509.37383","-11536999412.9084","-9202000234.45724","-11773000062.4301","-18481000248.7056","-23258999998.9423",
"Turkiye","TUR","Gross savings (current US$)","NY.GNS.ICTR.CD","","","","","","","","","","","","","","","11385357142.8571","15096357142.8571","17544000000","18738166666.6667","20387166666.6667","30205741935.4839","19837960526.3158","23142702702.7027","20510871165.6442","17803022222.2222","17623103542.2343","23412283524.9042","29060653333.3333","21075284714.119","25831999296.7651","27935366163.9962","32679230356.4584","28020975071.9079","29193806752.0373","33402086481.5658","23767040089.1621","67047106772.8215","72661514464.7135","73110554209.3307","74929152743.8978","56528688182.185","59842473143.0107","47047006299.0173","55554075671.4653","67618420465.2588","93466536350.1614","125684992651.738","144494929089.021","173246851906.202","202454233422.101","152733811375.777","188154826116.929","207943483404.032","225273171646.898","253434351946.246","252830861203.486","240529811545.844","238149414456.639","248702280094.777","241755574463.018","229442651104.838","220771361805.238","282337524236.171","314436139278.476","362338506300.76","406572641854.82","",
"Turkiye","TUR","GNI per capita growth (annual %)","NY.GNP.PCAP.KD.ZG","","","","","","","","","","","","","","","","","","","","","","","","","","","","","","","","","","","","","","","","","","","","","","","","","","","","","","","","","","","","","","","","","","",
"Turkiye","TUR","GNI, PPP (constant 2021 international $)","NY.GNP.MKTP.PP.KD","","","","","","","","","","","","","","","","","","","","","","","","","","","","","","","","","","","","","","","","","","","","","","","","","","","","","","","","","","","","","","2664487871892.8","","","","",
"Turkiye","TUR","GNI (constant 2015 US$)","NY.GNP.MKTP.KD","","","","","","","","","","","","","","","","","","","","","","","","","","","","","","","","","","","","","","","","","","","","","","","","","","","","","","","","855777052355.341","","","","","","","","","","",
"Turkiye","TUR","GNI, Atlas method (current US$)","NY.GNP.ATLS.CD","","","","","","","","15172478427.7353","17274899264.3107","19146842007.636","19732545838.5151","19344330208.5674","20644454624.9213","24250473311.597","33055346183.6717","44215293553.6656","53131436451.8779","58514241785.4919","64458956741.9494","78569397987.2737","82159112284.3806","83911408427.295","72029000874.0016","65868060132.2305","63021500834.0192","64290409935.4061","72400969104.9776","88919900457.902","96774700639.7788","101713739818.04","124381709504.095","142093735889.42","164225383151.35","178698742721.276","154360065946.162","184674537886.843","211252280202.476","267114966631.597","264574006281.484","253524154329.817","273503300790.748","230384369039.894","234375706627.197","261534207958.071","354626385764.586","465464151682.236","544757640443.587","626435669045.295","698503623463.873","692295073404.201","764746482998.888","835726223514.486","898009238861.375","962283035831","977542603701.422","944902938351.464","899915506338.435","894876170062.791","876328492816.53","823637755750.694","777651213992.833","860635279336.167","923471655012.361","1021833614365.73","1148723480405.27","1399760949063.39",
"Turkiye","TUR","Gross domestic savings (current US$)","NY.GDS.TOTL.CD","2666666666.66667","2744444444.44444","3100000000","3688888888.88889","4088888888.88889","4455555555.55556","5355555555.55556","6033333333.33333","6811111111.11111","7588888888.88889","6690909090.90909","5226666666.66667","6757142857.14286","8042857142.85714","10071428571.4286","13828571428.5714","16725000000","17972222222.2222","19733333333.3333","29374193548.3871","18785526315.7895","22013513513.5135","19717791411.0429","17512000000","17136784741.1444","23049233716.4751","29096296296.2963","20837806301.0502","26256610407.8762","26835014137.606","30821885779.9923","25644846596.3566","27909502328.2887","32497833409.1944","24020047958.391","65850960846.33","71491334684.6017","71613248608.9619","72408877970.5742","55184831762.5118","59080469883.3529","49060006625.3912","57675076929.4054","72155421234.8048","97958537309.0983","129600993090.862","148666930798.563","177453851431.887","207871231681.063","158055810278.975","193199824533.27","213474481463.681","230410171430.862","260777353017.805","259515862752.463","248815809874.159","245771413695.083","256899279028.478","252048574798.535","240414651753.96","229216362314.612","292924523649.079","324007139512.933","373554506363.19","424981642103.525","502052942512.416",
"Turkiye","TUR","GDP per capita, PPP (current international $)","NY.GDP.PCAP.PP.CD","","","","","","","","","","","","","","","","","","","","","","","","","","","","","","","8201.06760277333","8408.67939926363","8962.5185254558","9743.09275595545","9247.2287381824","9955.36167250187","10620.7089998646","11511.0257361123","8762.13670285264","8470.46812817135","9323.82110032551","9015.01426747987","9154.45153457514","9475.23842234984","10760.7760827021","11803.3604424476","13558.2183381713","14951.6862376319","16141.6888074925","15551.64150166","17468.1996643291","19717.2438317111","20739.2725488506","22475.2909778388","24192.537613837","25896.983315375","26730.7599731835","28353.5406410966","28640.3401839802","29016.4555653445","29209.3308866883","32105.5474400506","39919.1608756567","43196.3381254367","45122.9317187258","45288.4750285273",
"Turkiye","TUR","GDP per capita (current LCU)","NY.GDP.PCAP.CN","0.00240382086797489","0.00246915801848936","0.00268416918796394","0.00303317871173285","0.00318928987005451","0.00332970373984162","0.003824861491186","0.00413504432147843","0.00451009178136999","0.0048955266119653","0.00536321595350679","0.00646345889510675","0.00752272540925539","0.00925513150639241","0.0123301943480359","0.0157016057680967","0.0196467855453119","0.0246953134172633","0.0362444474555866","0.0624145860288159","0.115189088286052","0.170569883891152","0.221718835108234","0.287028759638544","0.443721898236758","0.692394901544505","0.986510195919593","1.41401798928803","2.39705799480041","4.13491178803073","7.01697390592497","11.0527652861336","18.8543848108742","33.5914420622244","64.4374798905071","176.319410581681","328.987081979807","637.434561162953","1129.20284330673","1664.15052080118","2625.53207892506","3740.77115527651","5412.57862426909","6978.56994949119","8524.1487739125","9850.95478830191","11413.4573374743","12725.6193838283","14204.0404830411","14068.8702426842","16078.9362768253","19050.3277763473","21151.0715445804","24055.169081835","26720.7545646333","30095.9460871133","33174.2631262393","39240.7331764648","46758.5057877679","53306.8559304834","61662.5332243285","88342.6838191088","180346.824923203","317505.568963679","521374.223109036","733837.511472596",
"Turkiye","TUR","GDP, PPP (current international $)","NY.GDP.MKTP.PP.CD","","","","","","","","","","","","","","","","","","","","","","","","","","","","","","","459387952039.803","479377862371.247","519737506868.368","574834356605.106","555146613522.529","607520998249.675","657964966425.62","723502109216.989","558449376517.967","547123825108.798","610019955680.874","597200774071.03","613794944279.164","642721814350.46","738109792463.549","818321750586.217","949690135315.409","1048982077648.64","1146894075526.16","1120327905776.24","1277661680078.31","1463485391067.47","1559091965238.24","1711440006671.06","1867225631776.81","2025622645617.01","2119160173385.16","2277149346739.11","2331530015986.67","2396162651371.03","2435610709000.62","2701595710002.02","3392326818246.31","3685769235019.18","3858852700979.86","3889308838891.98",
"Turkiye","TUR","GDP: linked series (current LCU)","NY.GDP.MKTP.CN.AD","","","","","","","","","","","","","","","","","","","","","","","","","","","","","","","544834111.119206","873426465.240413","1515554570.02816","2747133390.2158","5362161140.01411","10759804400","20381122800","40064652800","71969046500","107490682300","171777959400","247807864000","362906874600","473368472600","584693672100","682962331500","799459602500","892805430000","1009220910700","1013510241600","1176047969000","1413984461200","1590049295300.01","1831743970500","2062358179200.01","2354059127000","2629987971500","3151529152900","3806479219400","4402050310900.01","5141710600900.01","7433799908299.99","15325857491800","27091469064699.9","44587225440200.1","63020905823899.9",
"Turkiye","TUR","Forest rents (% of GDP)","NY.GDP.FRST.RT.ZS","","","","","","","","","","","0.392925268344964","0.39550125647756","0.348435438159424","0.415077650479338","0.51147327528636","0.304796180350773","0.350583363300363","0.292402266769686","0.372550892272577","0.31400973172755","0.544751161200225","0.550485348222128","0.453704232006973","0.391909760330161","0.401432115915951","0.318701477305282","0.367410114006172","0.299460226251983","0.353188322122022","0.226479879163178","0.152391149517743","0.148924082304084","0.185642042840388","0.167916048196669","0.185821326802468","0.177822441842678","0.175426038427412","0.14276250722052","0.0838599030409872","0.0910547513567138","0.077350830193236","0.0916960073072068","0.0770493354500957","0.072767961694881","0.0634373159647001","0.0516900325590928","0.0606457226867699","0.0618805971629991","0.065756192806861","0.0671653910640895","0.0627660412092611","0.0692927712478675","0.0653970297553115","0.0573029104540281","0.0623224380552206","0.0609680123777546","0.0614996546676042","0.0791488993431296","0.097635933270724","0.0973692014950438","0.11107648014244","0","","","","",
"Turkiye","TUR","Gross value added at basic prices (GVA) (current US$)","NY.GDP.FCST.CD","7422222222.22222","7822222222.22222","8744444444.44444","10155555555.5556","10933333333.3333","11622222222.2222","13688888888.8889","15188888888.8889","16988888888.8889","18955555555.5556","17381818181.8182","15700000000","20014285714.2857","25214285714.2857","34378571428.5714","44621428571.4286","49793750000","56944444444.4444","64183333333.3333","87522580645.1613","67894736842.1053","70151351351.3513","63428834355.8282","60517333333.3333","58586376021.7984","65346934865.9004","73445481481.4815","84096032672.112","87889521800.2813","103897219604.147","145520620927.558","145712104506.232","153180296856.81","173021201638.598","126060893647.202","212101494165.122","229248564584.485","239839803773.088","254240530215.86","234267967897.455","246192175221.802","180533784518.125","212806753864.384","276795964514.27","359112833970.637","444758351586.765","490381107743.832","608321736837.945","691557293691.54","584234660184.779","689221499232.458","744160238454.167","782914329836.119","844453045801.799","834586752641.713","763396555231.986","768483513783.324","767059157190.815","707975035073.948","700247215305.952","654854924596.264","753599710623.51","831285321961.754","1014965579420.43","1207517185834.57","1416113555361.78",
"Turkiye","TUR","GDP deflator (base year varies by country)","NY.GDP.DEFL.ZS","5.52818632346466E-05","5.76995604843673E-05","6.10397521461267E-05","6.49564865528702E-05","6.64845466639941E-05","6.9222284332464E-05","7.33393424594106E-05","7.7695619114428E-05","8.13940519789147E-05","8.69909650958657E-05","9.45109029417996E-05","0.000110485218127522","0.000122611717751242","0.000149500735607997","0.000192844508173157","0.000233938207378285","0.000270462178437979","0.000335613875470932","0.000495168560388495","0.000875066171638246","0.00168890593032257","0.0024329884066677","0.00311974401520622","0.00393893405507449","0.00583895108172905","0.00893677603309865","0.0121546307512359","0.0162400730774745","0.0274486680064687","0.0481462896220706","0.076188806223142","0.121265232971715","0.200329483706666","0.337313639479365","0.690646766567614","1.78070409371192","3.14768818381735","5.76356407885482","10.1593232994269","15.651445361806","23.3790582611154","35.6743724771031","49.0851262830098","60.5162629970376","67.9990881989993","72.7948427268321","79.587013998625","84.5601944812786","94.7147549450347","100","106.905064723667","115.817265701763","124.264298226205","131.952560547135","142.030678509985","153.224032628886","165.677480117358","184.123036004355","214.933229774473","245.368437391499","281.52079580504","364.022997339074","711.757895853495","1197.74445703307","1907.76827656108","2602.67938524398",
"Turkiye","TUR","Exports as a capacity to import (constant LCU)","NY.EXP.CAPM.KN","","","","","","","","","","","","","","","","","","","","","","","","","","","","40072747263.502","46345054897.8255","42478722699.55","47178235906.5171","48899860794.9146","54087566809.0301","62569015630.6244","72468129104.4392","92929106059.7844","104737686134.38","130862402211.058","139194239747.946","128582367824.182","138998281365.275","143060981355.624","159360550510.603","177834831827.35","204220486420.108","220784438479.688","223391821530.857","243776094886.648","245607969307.887","240788339500","239787899693.216","251143004147.787","284816615971.986","304311868857.387","323912027883.224","347035082015.111","351831131359.499","372938190423.88","399241848790.62","413984637687.052","359313741462.415","409975094516.365","399620316487.341","463281166508.249","477993554914.747","487187541465.477",
"Turkiye","TUR","Adjusted net savings, including particulate emission damage (current US$)","NY.ADJ.SVNG.CD","","","","","","","","","","","","","","","","","","","","","","","","","","","","","","","8788573391.79532","3832960152.27232","4516848689.36356","7733919414.30905","2878938286.66051","5977971483.04664","11389521300.7587","10101184432.6893","30827303022.2212","15186272316.4194","15237565946.3644","7650896510.35774","10791018033.1943","12996292800.066","28978291462.7532","45553548715.5893","56012638599.0538","65540507699.143","81334733349.9067","46936211826.0476","65947073580.3028","87875324672.5703","95730039858.5613","114471495507.99","116149267417.688","107184680549.461","104334519626.806","106753840036.802","116073592052.461","92647877257.8989","92809838743.3678","","","","","",
"Turkiye","TUR","Adjusted net national income (annual % growth)","NY.ADJ.NNTY.KD.ZG","","","","","","","","","","","","","","","","","","","","","","","","","","","","","","","","","","","","","","","","","","","","","","","","","","","","","","","","","","","","","","","","","","",
"Turkiye","TUR","Adjusted savings: net national savings (current US$)","NY.ADJ.NNAT.CD","","","","","","","","","","","","","","","6070647767.26976","7995994777.91288","9917869048.78255","10102606072.8963","10529618690.4474","16938559370.0037","9658062801.89145","12612876115.2177","11032325259.337","8649869103.53406","8771020351.37868","13475230606.5746","17889290124.9396","6864287697.88958","10576397170.6509","11014737396.6069","9879025674.22278","4618977476.44658","4716025477.35551","6370381937.18161","2516941170.09349","6580800123.07055","11341995966.7462","9887485973.70559","28375631698.2906","14515089684.6241","15269425277.5919","7705137826.37579","10557348952.8502","11523146820.9633","24265383117.3743","39397801733.0977","50366417269.5772","56777051803.7663","69659795667.6668","37150960303.1497","52844424814.9584","72815918406.0574","78166697404.6622","94020244524.9633","97257097680.232","91113865410.6299","86290548470.3962","92810352900.1139","106683482967.117","81272338483.9255","83289009626.6599","124502001479.673","","","","",
"Turkiye","TUR","Adjusted savings: particulate emission damage (current US$)","NY.ADJ.DPEM.CD","","","","","","","","","","","","","","","","","","","","","","","","","","","","","","","1821175074.75432","1874234664.46801","1889342435.75034","1925502152.63115","1403537111.06043","1655804762.38216","1510249180.15104","1366245891.11258","1835773267.04286","1694404190.97683","1627746786.86714","1179923588.95122","1177265434.93678","1346723782.49139","1499500157.41767","1629680466.78248","1644115863.01594","1929972772.36704","2284385339.15842","2166586836.17175","2495768803.14234","2499627824.57654","2507086346.87544","2605877781.42622","2543858083.86137","2323988784.93579","2324690888.88889","2177972554.55124","1974556371.47169","1925062243.32021","1835604849.56444","1917620440.64046","","","","",
"Turkiye","TUR","Adjusted savings: mineral depletion (current US$)","NY.ADJ.DMIN.CD","","","","","","","","","","","19295210.1001397","9385463.94312516","8690758.99788463","28826392.205158","27659669.9708895","11542140.2629545","16260521.9513025","13562130.5651643","10884638.4593883","22434333.2320685","18095040.1802659","16553514.1934373","13798265.3518944","12000767.8110387","9594678.15196839","11788348.461814","4564044.28345543","8997143.78100045","60961614.7150443","93270140.6029007","52752606.0477114","21916967.0283196","31781812.6109509","30609933.8669388","35193847.1617276","35293049.0304357","23700788.6462701","18803046.3305721","15295092.3693429","17654534.6957146","22831775.5196458","8781406.17893499","12532109.9683273","14387047.5826281","34111648.4050757","72323987.2138645","332375504.380591","472583212.136127","504839231.854524","441629915.296962","1894963562.34476","2426182776.19517","1430476169.19858","1217048963.35824","839988046.321486","496559154.855651","432320162.497974","364079282.59525","478700420.386669","614559244.767433","734383816.205642","2259434226.42212","","","","",
"Turkiye","TUR","Adjusted savings: net forest depletion (current US$)","NY.ADJ.DFOR.CD","","","","","","","","","","","0","0","0","0","0","0","0","0","0","0","0","0","0","0","0","0","0","0","0","0","0","0","0","0","0","0","0","0","0","0","0","0","0","0","0","0","0","0","0","0","0","0","0","0","0","0","0","0","0","0","0","","","","","",
"Turkiye","TUR","Adjusted savings: education expenditure (current US$)","NY.ADJ.AEDU.CD","","","","","","","","","","","316214835.026087","300955486.953019","376278713.112676","474079756.5","659839447.67372","829163813.575481","945023317.499642","1084662704.86179","2263068091.95473","2297169690.03215","1258730536.95046","1322666484.17806","945874931.499265","1384882430.21064","994277611.784117","985229220.261963","1012673562.16851","874921834.140448","1005104780.61489","1100025787.05675","2828667331.37441","3159528580.73442","3938464797.61537","5677714327.27274","4205032135.13513","3824412128.82096","4754238592.66207","4974550864.55774","7672141920.95333","5934734591.76207","5910515607.18526","5174556634.6769","5810689071.42871","7663112396.48759","11533433200.5612","13775805397.4396","14548327848.6804","19212572800.4745","23283365836.3639","20904949013.9234","26691109794.7722","30518953900.6871","32626385518.5459","35376270308.5155","34505095374.0637","31456786949.9372","34524458943.6886","32455731416.3906","28703197862.3201","30757738224.0269","29266809813.4476","33223496788.2446","","","","",
"Turkiye","TUR","Services, value added (constant 2015 US$)","NV.SRV.TOTL.KD","","","","","","","","","45754366671.2873","48318301060.0027","50378144650.9286","53878308176.4693","58961585159.9729","62559032406.7573","66874659797.6372","73131673375.1489","81142339508.1178","86182387877.1127","87409309669.6454","86864888800.923","85584082881.1584","91928858029.5581","97183061101.651","102302791725.898","109994481380.5","112870116935.529","117220657891.608","132674377927.118","135727220725.457","136007885962.001","150180380106.947","150105566564.415","159811134762.026","175476272394.803","167860716257.706","181528591046.303","192585030207.388","207020912564.379","215179021367.304","211990371990.368","226475538223.581","220810740876.314","233692096827.063","245883289364.352","268152114177.062","289545658064.149","304807093209.271","321411322357.833","326246260840.022","317786613929.443","334647308840.579","364746623064.155","386055839702.276","414083329478.277","439099722301.666","461868579405.436","475822878385.48","515167352022.221","544517098667.97","562253048829","564394089456.112","643846780101.492","709241353793.277","746939170105.257","770329609000.237","",
"Turkiye","TUR","Textiles and clothing (% of value added in manufacturing)","NV.MNF.TXTL.ZS.UN","","","","23.0075187969925","22.5325884543762","18.7672493100276","18.2161753590325","15.4208357857563","15.8746736292428","15.1180130611405","14.5232582614186","16.0339475407969","17.0736360167875","15.8995815899582","14.9701393497014","14.2792022792023","16.6711099262419","15.8237729957233","16.8558217738546","18.015873015873","15.254854368932","12.4459097465485","12.5906556810894","14.388159266208","15.5377448569196","14.3022142211317","12.1799036745975","15.9384561841094","14.76910812914","14.8212296024729","14.8895764996481","14.3439925298881","15.6788967120987","14.6860986547085","17.3505077783435","16.6822094691535","17.2289809056449","17.0828934012541","17.594570402975","15.5276022272792","15.7441840958466","17.5926112704641","26.5768748025828","24.0031535834464","21.5066476156954","19.3995498483822","18.7423373226227","17.371394355586","15.4684714526357","16.2702569414341","16.4877039708333","16.7403576462002","17.0834543818447","17.7936131500714","17.7380925025422","17.2041772348896","16.8883104381062","16.4300777033969","16.3166434744821","17.0071641831107","16.0906188672488","15.2430056940882","14.4741905524786","12.8663013808477","13.4555326556945","",
"Turkiye","TUR","Food, beverages and tobacco (% of value added in manufacturing)","NV.MNF.FBTO.ZS.UN","","","","28.8721804511278","31.2849162011173","32.8426862925483","29.3272864701436","29.8410829899941","31.0182767624021","28.0248881575564","26.2050094716902","23.5810098823797","21.6758870660053","20.5020920502092","20.9820836098208","21.6182336182336","20.4389940460322","18.7359989138551","18.3270281630937","15.3703703703704","18.3373786407767","17.4187787622776","20.642360254576","19.1494684177611","20.5549607939585","20.8775655284366","16.9146994214288","17.0514363607361","16.4044261392753","16.6015203795557","15.9586194074448","18.9362744347666","17.5271300303598","16.896755266195","14.9502963741167","15.480575233142","16.1248583143018","11.8825275451084","14.9698991408982","16.269631302794","17.7781154045635","17.5702437529103","17.2705266884452","14.5249763693616","12.9314413188308","13.4458589407466","12.3983573888237","13.0217586673082","12.8162102247743","14.219542789899","13.1882958239737","11.9348092727689","12.7756547947834","12.1159693889702","12.9547607432503","12.5480897142192","12.9129477867875","11.8684275918871","10.8302245688431","12.0315642463069","10.836325060294","9.57836584344112","10.6836507150094","11.5821205854148","13.9682301534967","",
"Turkiye","TUR","Industry (including construction), value added (annual % growth)","NV.IND.TOTL.KD.ZG","","","","","","","","","","9.31529332889991","3.70230315927107","6.14877935802669","10.4678040022273","11.1422127616717","5.80791936965856","7.27434757685006","9.80682632484576","5.35923213980946","-0.828957165776458","-3.43564870006436","-0.965524882438771","7.63676087398564","1.95842034656583","8.32818322990545","10.2611073044216","7.71250465159352","11.0517326024709","10.3308991121295","0.201466408544036","4.93683799692488","6.58908919693808","2.40964917990188","5.99450495035738","8.14066221330194","-4.95609311277579","8.74539123324465","6.81148763420806","9.23916884277858","1.16363787096765","-4.49689755483725","7.25479383497381","-10.1781030781422","6.72599684135677","9.39464148230465","14.0838165398722","10.7270725749736","12.745156567726","7.45975308902365","-0.725291105174961","-10.9295582643108","11.4623960741155","19.3413659452285","4.73383633063673","10.8635623090784","5.00428899028422","4.61988506222623","4.92673254286227","8.96013953643886","0.73515231380054","-2.43732316423262","1.17663918253011","14.5622320847208","-0.276467380669644","3.13654116536914","2.05239515529267","",
"Turkiye","TUR","Manufacturing, value added (% of GDP)","NV.IND.MANF.ZS","12.7753303964758","13.2127955493741","13.0759651307597","12.8755364806867","13.3200795228628","14.6703806870938","14.736012608353","14.9857954545455","15.7460317460317","16.0958904109589","16.0814249363868","16.6185567010309","17.3642338291249","17.5549450549451","16.5994352561517","16.568414520633","17.6384839650146","17.286755656537","17.0617611732726","19.1605773730247","17.0859939586281","19.4393114795595","19.9996187644155","19.1035395302679","18.0569256856586","18.2547620065251","22.2007740904828","21.8391127634602","22.9555540938444","23.1218538833796","21.9578069720618","22.1719176235394","21.6370883362235","20.8090845243861","22.0629117902148","25.6806415551569","24.4068957771061","24.4134440620936","22.2589950528246","19.9962744119636","18.7151922238983","17.7333900105769","16.968714485741","17.160796039884","17.0049348136258","16.9654070152769","17.128017347193","16.8723813093296","16.3362608475528","15.2130500089068","15.1158365547928","16.5303098311021","15.9402307745547","16.4008846890319","16.9058575089632","16.7689719715354","16.8380121277676","17.5741769956451","18.9095014162052","18.2598551795211","19.0347706467316","22.1239158921094","21.8019507331825","19.4686514459728","16.8424801408013","",
"Turkiye","TUR","Manufacturing, value added (current LCU)","NV.IND.MANF.CN","8700","9500","10500","12000","13400","15800","18700","21100","24800","28200","31600","40300","50200","63900","82300","106800","145200","182600","269900","532300","893700","1535900","2098400","2656500","3972000","6406600","11340000","16318600","29664200","52561500","86307400","139709000","236573000","412408400","853488100","2763186800","4974399400","9781161600","16019586500","21494131800","32148575300","43944735000","61580631400","81233798100","99426777800","115867339300","136931579400","150637536500","164868960500","154185819900","177769488800","233736012400","253457527100","300422216400","348659335100","394751515200","442837693600","553855311400","719786241900","803808011700","978712820200","1644647639300","3341335899800","5274343683800","7509594590100","",
"Turkiye","TUR","CPIA gender equality rating (1=low to 6=high)","IQ.CPA.GNDR.XQ","","","","","","","","","","","","","","","","","","","","","","","","","","","","","","","","","","","","","","","","","","","","","","","","","","","","","","","","","","","","","","","","","","",
"Turkiye","TUR","CPIA policy and institutions for environmental sustainability rating (1=low to 6=high)","IQ.CPA.ENVR.XQ","","","","","","","","","","","","","","","","","","","","","","","","","","","","","","","","","","","","","","","","","","","","","","","","","","","","","","","","","","","","","","","","","","",
"Turkiye","TUR","Trademark applications, resident, by count","IP.TMK.RSCT","","","","","","","","","","","","","","","","","","","","","","","","","","","","","","","","","","","","","","","","","","","","","","","","109486","115999","108003","","152271","193749","188515","198687","194769","193824","215220","211109","248754","331480","395159","","","","",
"Turkiye","TUR","Scientific and technical journal articles","IP.JRN.ARTC.SC","","","","","","","","","","","","","","","","","","","","","","","","","","","","","","","","","","","","","5040.7","5389.78","5770.4","6742.31","6815.4","8591.94","10753.14","13328.67","15815.19","17567.87","19233.96","21310.74","21554.79","24237.19","25490.49","26110.64","27089.09","29125.39","29587.09","31418.18","33734","32262.33","32298.1","37204.76","40758.58","46843.54","49827.29","50180.49","","",
"Turkiye","TUR","Public private partnerships investment in transport (current US$)","IE.PPN.TRAN.CD","","","","","","","","","","","","","","","","","","","","","","","","","","","","","","","","","","","","","85000000","305000000","","","","","","","155600000","2848200000","217000000","2578000000","1491500000","","332700000","1416350000","1562000000","3215000000","4743400000","43103200000","779000000","991880000","6831350000","237800000","","","30000000","","1959200000","",
"Turkiye","TUR","Investment in transport with private participation (current US$)","IE.PPI.TRAN.CD","","","","","","","","","","","","","","","","","","","","","","","","","","","","","","","","","","","20000000","","85000000","305000000","","","","","","85000000","155600000","2848200000","217000000","2578000000","1491500000","","332700000","1416350000","1562000000","3215000000","4743400000","43103200000","779000000","991880000","6923900000","237800000","","","30000000","","1959200000","",
"Turkiye","TUR","Firms expected to give gifts in meetings with tax officials (% of firms)","IC.TAX.GIFT.ZS","","","","","","","","","","","","","","","","","","","","","","","","","","","","","","","","","","","","","","","","","","","48.1","","23.4","8.4","","","3.946143866","","","","","1.234332919","","","","","","1.251894236","","","","","0.7613016963","",
"Turkiye","TUR","Firms filling taxes electronically (% of firms)","IC.FRM.TAXE.ZS","","","","","","","","","","","","","","","","","","","","","","","","","","","","","","","","","","","","","","","","","","","","","","","","","","","","","","","","","","","","","","","","","95.77612305","",
"Turkiye","TUR","Firms where largest owner is also the top manager (% of firms)","IC.FRM.LOTM.ZS","","","","","","","","","","","","","","","","","","","","","","","","","","","","","","","","","","","","","","","","","","","","","","","","","","","","","","","","","","","","","","","","","90.17543793","",
"Turkiye","TUR","Firms with female top manager (% of firms)","IC.FRM.FEMM.ZS","","","","","","","","","","","","","","","","","","","","","","","","","","","","","","","","","","","","","","","","","","","","","","","","","12.40744209","","","","","5.524844646","","","","","","3.889606237","","","","","9.429300308","",
"Turkiye","TUR","Firms that are partially credit constrained (% of firms)","IC.FRM.CRDC.PT.ZS","","","","","","","","","","","","","","","","","","","","","","","","","","","","","","","","","","","","","","","","","","","","","","","","","","","","","","","","","","","","20.2104969","","","","","9.538709641","",
"Turkiye","TUR","Firms competing against unregistered firms (% of firms)","IC.FRM.CMPU.ZS","","","","","","","","","","","","","","","","","","","","","","","","","","","","","","","","","","","","","","","","","","","","","","","","","52.35726929","","","","","40.27955246","","","","","","50.17091751","","","","","34.03427887","",
"Turkiye","TUR","Firms with a bank loan/line of credit (% of firms)","IC.FRM.BNKL.ZS","","","","","","","","","","","","","","","","","","","","","","","","","","","","","","","","","","","","","","","","","","","","","","","","","56.76609039","","","","","40.38199997","","","","","","34.77467728","","","","","26.18479347","",
"Turkiye","TUR","Average time to clear imports through customs (days)","IC.CUS.DURS.IM","","","","","","","","","","","","","","","","","","","","","","","","","","","","","","","","","","","","","","","","","","","","","","4.481928","","","10.45531273","","","","","6.417561054","","","","","","2.641589403","","","","","14.756217","",
"Turkiye","TUR","B-READY: Utility Services Pillar 3: Operational Efficiency of Utility Service Provision","IC.BRE.US.P3","","","","","","","","","","","","","","","","","","","","","","","","","","","","","","","","","","","","","","","","","","","","","","","","","","","","","","","","","","","","","","","","","","",
"Turkiye","TUR","B-READY: Taxation Pillar 3: Operational Efficiency of Tax Systems in Practice","IC.BRE.TX.P3","","","","","","","","","","","","","","","","","","","","","","","","","","","","","","","","","","","","","","","","","","","","","","","","","","","","","","","","","","","","","","","","","","",
"Turkiye","TUR","B-READY: Pillar 3: Operational Efficiency","IC.BRE.P3.OE","","","","","","","","","","","","","","","","","","","","","","","","","","","","","","","","","","","","","","","","","","","","","","","","","","","","","","","","","","","","","","","","","","",
"Turkiye","TUR","B-READY: Market Competition Pillar 2: Public Services that Promote Market Competition","IC.BRE.MC.P2","","","","","","","","","","","","","","","","","","","","","","","","","","","","","","","","","","","","","","","","","","","","","","","","","","","","","","","","","","","","","","","","","","",
"Turkiye","TUR","B-READY: Labor Pillar 2: Adequacy of Public Services for Labor","IC.BRE.LB.P2","","","","","","","","","","","","","","","","","","","","","","","","","","","","","","","","","","","","","","","","","","","","","","","","","","","","","","","","","","","","","","","","","","",
"Turkiye","TUR","B-READY: International Trade Pillar 2: Quality of Public Services for the Facilitation of International Trade","IC.BRE.IT.P2","","","","","","","","","","","","","","","","","","","","","","","","","","","","","","","","","","","","","","","","","","","","","","","","","","","","","","","","","","","","","","","","","","",
"Turkiye","TUR","B-READY: Financial Services Pillar 2: Accessibility of Information in Credit Infrastructure","IC.BRE.FS.P2","","","","","","","","","","","","","","","","","","","","","","","","","","","","","","","","","","","","","","","","","","","","","","","","","","","","","","","","","","","","","","","","","","",
"Turkiye","TUR","B-READY: Dispute Resolution Pillar 2: Public Services for Dispute Resolution","IC.BRE.DR.P2","","","","","","","","","","","","","","","","","","","","","","","","","","","","","","","","","","","","","","","","","","","","","","","","","","","","","","","","","","","","","","","","","","",
"Turkiye","TUR","B-READY: Business Location Pillar 2: Quality of Public Services and Transparency of Information for Business Location","IC.BRE.BL.P2","","","","","","","","","","","","","","","","","","","","","","","","","","","","","","","","","","","","","","","","","","","","","","","","","","","","","","","","","","","","","","","","","","",
"Turkiye","TUR","B-READY: Business Insolvency Pillar 2: Quality of Institutional and Operational Infrastructure for Judicial Insolvency Proceedings","IC.BRE.BI.P2","","","","","","","","","","","","","","","","","","","","","","","","","","","","","","","","","","","","","","","","","","","","","","","","","","","","","","","","","","","","","","","","","","",
"Turkiye","TUR","B-READY: Business Entry Pillar 2: Digital Public Services and Transparency of Information for Business Entry","IC.BRE.BE.P2","","","","","","","","","","","","","","","","","","","","","","","","","","","","","","","","","","","","","","","","","","","","","","","","","","","","","","","","","","","","","","","","","","",
"Turkiye","TUR","Human capital index plus (HCI+): overall score, male (scale 0–325)","HD_HCIP_OVRL_MA","","","","","","","","","","","","","","","","","","","","","","","","","","","","","","","","","","","","","","","","","","","","","","","","","","","187.679004494957","","","","","212.882987038151","","","","","228.376696336368","","","","","244.618346598341",
"Turkiye","TUR","Human capital index plus (HCI+): on-the-job learning pillar score, female (scale -30–87)","HD_HCIP_OTJL_FE","","","","","","","","","","","","","","","","","","","","","","","","","","","","","","","","","","","","","","","","","","","","","","","","","","","-5.42865814133821","","","","","1.74077631478925","","","","","6.19987073332236","","","","","13.647446598191",
"Turkiye","TUR","Human capital index plus (HCI+): education pillar score, total (scale 0–188)","HD_HCIP_EDUC_TO","","","","","","","","","","","","","","","","","","","","","","","","","","","","","","","","","","","","","","","","","","","","","","","","","","","103.884025978877","","","","","121.655714569845","","","","","137.259968777696","","","","","149.038984874864",
"Turkiye","TUR","Voice and Accountability - Governance estimate (approx. -2.5 to +2.5)","GOV_WGI_VA_EST","","","","","","","","","","","","","","","","","","","","","","","","","","","","","","","","","","","","","-0.3062373","","-0.7565145","","-0.5259877","","-0.2871699","-0.0679306","0.0503854","0.1100507","0.0920966999999999","-0.0470796999999999","0.00352539999999999","0.0543002","-0.0271714999999999","-0.1932915","-0.1955663","-0.3049498","-0.4843587","-0.5858025","-0.719495","-0.784376499999999","-0.9511579","-0.9058771","-0.9536477","-1.0031695","-1.0955858","-1.08267849999999","-1.09467","",
"Turkiye","TUR","Rule of Law - Governance estimate (approx. -2.5 to +2.5)","GOV_WGI_RL_EST","","","","","","","","","","","","","","","","","","","","","","","","","","","","","","","","","","","","","-0.1278568","","-0.188178899999999","","-0.0436953999999999","","-0.1245323","-0.0124827999999999","0.1375742","0.16326","0.147626","0.1250365","0.103572","0.0681247","0.0494591","-0.0879284999999999","-0.1061886","-0.1149216","-0.3611001","-0.4773732","-0.5458731","-0.615377","-0.7089454","-0.5970473","-0.709944799999999","-0.775344399999999","-0.7798318","-0.799233499999999","-0.8434149","",
"Turkiye","TUR","Government Effectiveness - Governance estimate (approx. -2.5 to +2.5)","GOV_WGI_GE_EST","","","","","","","","","","","","","","","","","","","","","","","","","","","","","","","","","","","","","0.1434167","","-0.2913524","","-0.2793402","","-0.0763253","-0.122087199999999","0.0811852","0.04984","0.0791776999999999","0.1916776","0.1301583","0.2313188","0.2639953","0.3221463","0.3847742","0.3007252","0.4793163","0.3331512","0.2092276","0.2874577","0.0477841","0.2099076","0.070917","0.0250833","-0.0247938999999999","-0.114084999999999","-0.0707153","",
"Turkiye","TUR","WBL: Supportive Framework Index (scale 0-100)","GD_WBL_OVL_SFR","","","","","","","","","","","","","","","","","","","","","","","","","","","","","","","","","","","","","","","","","","","","","","","","","","","","","","","","","","","","","","","","","","57.5",
"Turkiye","TUR","Subsidies and other transfers (current LCU)","GC.XPN.TRFT.CN","","","","","","","","","","","","","","","","","","","","","","","","","","","","","","","","","","","","","","2492730000","4052101000","","","","","","","","","","153391317882.55","186646957034.39","192416818267.03","212772721333.996","239507766051.66","270630792729.71","290429606674.81","335287219716.03","408037661846.41","487073027474.12","586252742932.94","706241911022.7","856320180323.31","1083327988794.89","1730683291362.32","3756391941067.52","6546325526960.69","",
"Turkiye","TUR","Other expense (current LCU)","GC.XPN.OTHR.CN","","","","","","","","","","","","","","","","","","","","","","","","","","","","","","","819200","92200","","","","","","301963000","175367000","","","","","","","","","","15708289557.8351","22430658796.9454","28564055813.8263","34588647894.0267","19785315449.9224","32819471957.5283","40651017161.5505","52299256587.6395","55606358908.7838","121995616706.229","173594039190.794","253707699044.125","151627642054.446","242690685652.898","936020433410.733","2615958588583.86","1967932395242.52","",
"Turkiye","TUR","Intentional homicides, male (per 100,000 male)","VC.IHR.PSRC.MA.P5","","","","","","","","","","","","","","","","","","","","","","","","","","","","","","","","","","","","","","","","","","","","6.60398341586164","6.70624436281545","7.75473394762616","7.45109658611337","8.41373860315896","7.48972051886286","","6.60130595021072","6.52903889379611","6.91818932324854","","","4.53302329914134","5.51649895748069","5.07715003397642","4.16345728572557","3.71899224391178","4.08189507481744","3.98529281569741","4.17549259689876","4.78227966200068","","",
"Turkiye","TUR","Battle-related deaths (number of people)","VC.BTL.DETH","","","","","","","","","","","","","","","","","","","","","","","","","","","","","","442","526","386","1696","2334","3952","3555","3746","2531","2023","1095","153","103","28","93","194","293","225","494","471","138","226","405","785","20","","902","1421","378","434","245","192","117","96","106","34","",
"Turkiye","TUR","High-technology exports (current US$)","TX.VAL.TECH.CD","","","","","","","","","","","","","","","","","","","","","","","","","","","","","","","","","","","","","","","","","","","","","","","","1883247744","1963946211","1587951755","1943401874","2202177883","2327323000","3782775017","4293034117","3872189201","3421690692","4069123083","3735743019","4280255330","4172760165","5715371245","6906506415","8461609431","9903861226","",
"Turkiye","TUR","Merchandise exports to low- and middle-income economies within region (% of total merchandise exports)","TX.VAL.MRCH.WR.ZS","","","","","","","","","","0.00657433380084151","","","","0.0373355960967331","0.0532237872847623","0.00630875023657813","0.00686577411603158","0.00255720139878917","0.150250334850664","0.0195023813434061","0.377850519984964","0.143804056569094","0.0104348972254157","0.00545078936514656","0.00562051191030846","0.00397333100231248","0.00765697869800166","0.0103865672602936","0.0364990898684531","0.0377219994510042","0.0474712967896282","0.169574562862726","0.147126436781609","4.43691613388081","4.03086134067529","4.57386729333475","5.94233215826646","6.44759765376345","5.6531222054671","4.5288151712759","4.59902885913181","4.25589940509652","3.95817793005551","4.24808269140285","4.20126772317936","4.56464252588271","5.29732123517894","6.25575326051068","7.44262544902264","7.03841868687727","7.0340144130278","7.5965182976551","7.4434679745404","8.6487689112189","8.39041368947303","7.05760838207976","6.6070569829835","6.43513027605412","6.29325147011919","7.06251767854625","7.65892905702759","7.86889897906744","8.25596497993039","9.26167894757102","","",
"Turkiye","TUR","Merchandise exports to low- and middle-income economies in South Asia (% of total merchandise exports)","TX.VAL.MRCH.R5.ZS","0.0717360114777618","","0.0287438919229664","","0.0269469145782808","0.206451612903226","0.239005736137667","0.308982564555286","0.16750418760469","0.276122019635344","0.520771688957273","0.453878442480292","0.280768036435152","0.480271531607976","0.19340474816153","0.112768910478834","0.133310447419613","0.464132053880233","0.614840186033638","0.389534406306454","0.366495426638266","0.922472967380524","1.11104195194821","0.84759774628029","0.701232814915064","0.652685839313197","1.02348281929956","1.3904497591355","2.40865844733435","1.35720034282669","1.05390457684312","0.97814254077579","0.634114942528736","0.63049392175515","0.966386578838316","0.742391902658875","0.79130944952652","0.579412684463287","0.726742061122047","1.14764260584453","0.589877691266084","0.483920177917455","0.545630529181603","0.55782635566743","0.600405206776706","0.969027587518485","0.711336760909489","0.710736659472012","0.744566202159588","0.998297163182859","1.20334662647204","1.09972672625369","1.08675314281412","0.981181263887517","0.986312811144508","1.04037966598221","1.11877413653659","1.14546832068284","1.46228431107983","1.37656131847672","1.30920675231515","1.40731735789312","1.393706968297","1.2264993492428","","",
"Turkiye","TUR","Merchandise exports to low- and middle-income economies in East Asia & Pacific (% of total merchandise exports)","TX.VAL.MRCH.R1.ZS","","","","0.0300571085061617","0.35030988951765","0.593548387096774","0.0478011472275335","0.176561465460163","0.287150035893754","0.0832748948106592","0.207125103562552","0.416339623929291","2.45963150812545","2.85617310140008","1.50600829091672","1.28935082960066","0.672845863371095","1.41285377283101","0.883214961770186","0.802676958449663","0.184813933091091","0.470946725452162","0.760282950476344","0.419165702179771","0.6553812703836","0.576530328435541","1.81356958421187","1.2205255187571","2.39083112837546","0.965978857749243","1.9881447122366","0.789717537182772","1.33676873563218","4.45369185870316","3.83841166628531","1.60674013092415","2.01532713087321","1.42770863495812","0.546691619298268","0.519964549021535","0.795595001285511","1.14896347899109","1.61276045010476","2.11938064479165","1.17224394492342","1.19019341235402","1.23705685311105","1.46787394599012","1.73518726798628","2.45322449912764","2.87622793389071","2.55637459108576","2.49012469742528","3.16442123648085","2.65830478668868","2.46909276301024","2.51645233618622","2.69076042892235","2.75241454646321","2.46564806824081","2.63859219557917","2.41133851692139","2.20522110944505","2.24230741424217","","",
"Turkiye","TUR","Merchandise exports to economies in the Arab World (% of total merchandise exports)","TX.VAL.MRCH.AL.ZS","9.3974175035868","10.8507223113965","7.32969244035642","7.51427712654043","6.65588790083535","7.32903225806452","6.21414913957935","5.84859854336791","6.91553003110792","7.43995441795231","9.74868820767744","11.2565266354981","9.89545595694028","13.736953754773","15.5735800118442","15.5707841776544","12.1535644810619","11.8053202575102","15.0082291713002","19.8118533420923","21.9439136699662","38.8416606362983","34.8023959988577","27.4568978830951","31.8248175182482","29.5132404633434","27.4613287126775","25.7274232380746","23.6933513483083","19.8610094540582","15.297617032835","16.4362106326332","15.0529691954023","15.1828031259018","13.949013602482","12.0065190650223","12.3266909782021","10.5765569138856","11.7709899958127","11.2583647914337","9.39992594120063","10.0587861588033","9.6640338052112","11.2636178968031","12.5311229825099","14.0214446843111","13.5151479715186","14.2679238460638","19.7240547322654","21.509932068948","20.94461138742","19.7630571249045","24.3776609152904","24.2018982590991","23.259245570606","22.4570431059752","21.2492053112783","22.4969336499681","18.9507502674382","20.2225995472727","18.4729064722907","17.8348289833034","18.2211452315","18.5580682520136","","",
"Turkiye","TUR","ICT goods exports (% of total goods exports)","TX.VAL.ICTG.ZS.UN","","","","","","","","","","","","","","","","","","","","","","","","","","","","","","","","","","","","","","","","","3.69","3.37","4.48","4.21","4.64","4.39","3.71","2.69","1.82","1.98","1.83","1.65","1.73","1.69","1.8","1.71","1.41","1.3","1.17","1.05","0.91","0.82","0.7","0.77","0.69","",
"Turkiye","TUR","Export unit value index (2015 = 100)","TX.UVI.MRCH.XD.WD","","","","","","","","","","","","","","","","","","","","","81.3","107.7","145","179.6","293.4","90.8","88.1","100.3","96.9","74.5","81.3","80.6","81.3","80","77.3","87.4","83.3","79.3","75.9","71.2","67.8","66","64.8","73","85.2","90.3","93.5","105.4","121.7","102.1","105.5","117.6","114.4","114.5","113.2","100","95.2","96.9","99.6","95.3","94","103.1","112.6","113.3","114.3","",
"Turkiye","TUR","Travel services (% of commercial service imports)","TM.VAL.TRVL.ZS.WT","","","","","","","","","","","","","","","43.0868167202572","38.4408602150538","44.4954128440367","40.6099518459069","29.3388429752066","28.3276450511945","22.3175965665236","26.6149870801034","15.6842105263158","11.9291705498602","23.6954662104363","26.4705882352941","24.3012422360248","28.8102893890675","21.0464432686655","25.588768115942","18.6113099498926","20.1978846809962","23.6801953005798","26.0094681147313","25.3364540667057","19.5745595186936","20.9645343056016","21.2244897959184","18.5824769573048","17.4103444194579","22.4685204616999","30.8538966802769","34.101215309269","32.9279015240328","28.9400725101301","28.8583116400149","27.1332607116921","24.4374497723011","22.3691137759579","28.640290472017","28.0650564651213","24.9501813908334","20.8597168597169","21.4646364250785","20","23.9367480787028","20.1668421478902","19.575355450237","18.5757185757186","15.7098497978047","4.84719384428118","6.78644091175558","12.1792127332712","16.2755270092227","13.4843403522275","",
"Turkiye","TUR","Import value index (2015 = 100)","TM.VAL.MRCH.XD.WD","","","","","","","","","","","","","","","","","","","","","","","","","","","","","","","","","","","","","","","","","","","","","","54.7","65.3","79.6","94.5","66","86.9","112.7","110.7","117.8","117.6","100","94.6","111.7","108.2","98.5","102.8","127.1","170.3","169.4","161","",
"Turkiye","TUR","Merchandise imports from low- and middle-income economies in Sub-Saharan Africa (% of total merchandise imports)","TM.VAL.MRCH.R6.ZS","0.328022492970947","0.106428267347808","0.0867453157529493","0.143563566757059","0.103928497193931","0.056732223903177","0.167071688942892","0.355469381160123","0.129645635263613","0.157343685665549","0.239984083957126","0.0807729022647883","0.0703857593715233","0.042181446823626","0.0457244773635437","0.111872089927261","0.120575387394728","0.156255751463172","0.606768822701547","0.198451779606273","0.214191501699887","0.350425686487718","0.503896650903382","0.677713539831697","1.12090148625702","1.58805992607988","2.34609877430116","2.43601961689618","2.70016408689451","3.82817215349071","1.95560204809717","1.40932234203856","0.791748008093571","","1.0254503897733","0.694572707931761","1.00954424249417","0.817854433465351","0.582109538407056","0.722987610623818","0.866002442181305","1.74391923075634","1.11453495520822","1.20412370198885","1.60681875702803","1.58438493749008","1.82557716247786","1.87879398953693","1.24784116831097","1.54193094681165","1.14621834621164","1.48240932797989","1.17158215704483","1.03326676590448","1.08870181109742","1.05122366330218","1.09860791327467","1.28653359879636","1.10982628193201","0.923900207434454","1.23619242648908","1.13105701671868","1.03124960593064","0.904377413543206","","",
"Turkiye","TUR","Merchandise imports from low- and middle-income economies in Europe & Central Asia (% of total merchandise imports)","TM.VAL.MRCH.R2.ZS","","","","","","","","0.0161576991436419","","0.00588200694076819","0.0111909676456691","","","0.0244208376347309","0.074692779792621","0.0120821857121442","","0.0559502337394633","0.0125202584737805","0.0711630714489945","0.068080775921862","0.0593539441882992","0.0256740017013463","0.00473602439630127","0.00696588332448296","0.00686535441216578","0.00393640733943148","0.00733499998270047","0.00646193114812362","0.00571280988835457","0.00711124458085722","0.00312260630745517","","2.875169714879","3.55035754631636","3.69029846960996","2.62030350714144","3.09241323643015","3.52010269917332","3.53947638898339","3.46430758461538","3.00542193540192","3.38116526823388","3.4784555680434","4.08687966855198","3.82403557825772","4.07977779919515","4.6592725291744","5.68912138549714","4.83807139776172","5.24225139710324","4.35919071769105","4.19611615183295","4.22815093719595","3.95011270476477","3.98809505505477","3.51519523039731","3.49952114057534","3.53054671008359","3.9909878948236","3.52488628384033","4.76827924670226","4.36568044244235","4.23230722768816","","",
"Turkiye","TUR","Merchandise imports (current US$)","TM.VAL.MRCH.CD.WT","468000000","507000000","619000000","688000000","537000000","572000000","718000000","685000000","764000000","801000000","948000000","1171000000","1563000000","2086000000","3778000000","4739000000","5129000000","5796000000","4599000000","5070000000","7910000000","8933000000","8843000000","9235000000","10757000000","11344000000","11105000000","14158000000","14335000000","15792000000","22303000000","21047000000","22871000000","29428000000","23270000000","35710000000","43628000000","48560000000","45921000000","40226000000","54503000000","41399000000","51554000000","69340000000","97540000000","116774000000","139576000000","170063000000","201964000000","140928000000","185544000000","240842000000","236545000000","260823000000","251142000000","213619000000","202189000000","238715000000","231152000000","210345000000","219517000000","271426000000","363711000000","361967000000","344010000000","365370000000",
"Turkiye","TUR","Insurance and financial services (% of commercial service imports)","TM.VAL.INSF.ZS.WT","","","","","","","","","","","","","","","3.63344051446945","3.81720430107527","3.53211009174312","2.79293739967897","5.70247933884298","5.1877133105802","5.08583690987124","4.83204134366925","2.30526315789474","1.8452935694315","","","","","","","","","9.64296612755569","10.4427736006683","9.42071386775892","8.42286205414697","8.51839575737488","7.96536796536797","9.41837059010488","10.4154337791455","13.2869884575026","17.8235398544293","18.0119717032469","14.5955451348183","12.9665173811047","11.8724432874675","14.9782135076253","14.405304045004","14.2322316466803","12.8709152372605","10.7310747284811","12.9017423739206","12.9472329472329","14.0221842324971","15.4883286647993","15.3542831851286","12.1082044221268","12.060663507109","9.48448448448448","8.50664355863663","11.4898056775203","9.6589537570261","8.37635681366006","8.94680500658762","8.93030586251764","",
"Turkiye","TUR","Agricultural raw materials imports (% of merchandise imports)","TM.VAL.AGRI.ZS.UN","","","5.1982612418273","5.87459987211475","5.89548038705991","6.98306445787891","4.70816452800297","6.68074604595294","5.28527327948795","4.81190423427243","4.65865421332437","4.42190492783092","3.44450334021577","2.81884049889346","3.30492878921019","2.32972264497595","2.06802011920984","2.05618757402136","1.61921772409867","1.8040671025717","1.62595570978834","1.81469932990729","1.93899365885191","2.89616490741738","2.89298884316206","2.9622967444529","4.16377116007602","6.04327601954525","","4.53299417807802","4.26278148030696","3.84280319091329","4.75845359971347","4.90666630454956","5.23815806026273","5.5871936506425","4.7148025602329","4.69049033486729","4.37791145990075","3.34298814967092","3.7039121745168","3.84641081257001","4.05305444769617","3.56697973790657","3.04379899883501","2.73692783563491","2.72250533029419","2.73150928916443","2.24535032418894","2.49990150796141","2.94642394646726","2.87393001331108","2.51537904483483","2.39666139848672","2.47105168116947","2.48487496084508","2.5010880818904","2.55071609129214","2.55366157328515","2.57914452774783","2.26954702993446","2.59657595002155","2.56103953289265","1.81430342452576","1.94252413274722","",
"Turkiye","TUR","Tariff rate, most favored nation, simple mean, primary products (%)","TM.TAX.TCOM.SM.FN.ZS","","","","","","","","","","","","","","","","","","","","","","","","","","","","","","","","","","8.7","","12.19","26.02","23.77","25.97","27.86","29.08","28.81","29.14","28.54","28.09","27.71","27.8","29.66","27.72","28.58","28.45","27.42","","29.37","","31.92","29.54","29.64","28.76","31.1","28.79","29.18","31.53","","","",
"Turkiye","TUR","Tariff rate, most favored nation, weighted mean, all products (%)","TM.TAX.MRCH.WM.FN.ZS","","","","","","","","","","","","","","","","","","","","","","","","","","","","","","","","","","7.9","","6.74","5.71","5.65","5.73","5.34","4.98","3.93","3.95","4.33","4.15","3.85","3.72","4.06","3.93","4.42","4.7","5.11","","5.21","","5.8","5.37","5.58","4.56","5.09","4.81","5.09","7.64","","","",
"Turkiye","TUR","Bound rate, simple mean, all products (%)","TM.TAX.MRCH.BR.ZS","","","","","","","","","","","","","","","","","","","","","","","","","","","","","","","","","","","","28.01","28.2","28.2","28.2","28.2","28.2","28.2","28.5","28.5","28.54","28.68","28.64","28.72","28.67","28.74","29.01","28.86","","30.13","","30.1","30.1","30.14","30.14","30.14","30.14","30.14","","","","",
"Turkiye","TUR","Tariff rate, most favored nation, simple mean, manufactured products (%)","TM.TAX.MANF.SM.FN.ZS","","","","","","","","","","","","","","","","","","","","","","","","","","","","","","","","","","9.53","","8.65","6.05","5.88","5.62","6.64","5","4.75","4.64","4.5","4.29","4.29","4.31","4.26","4.3","4.37","4.35","4.29","","4.36","","4.39","4.39","4.42","4.41","4.42","4.44","4.46","12.16","","","",
"Turkiye","TUR","Import volume index (2015 = 100)","TM.QTY.MRCH.XD.WD","","","","","","","","","","","","","","","","","","","","","","","","","","","","","","","","","","","","","","","","","","","","","","60.7","66.7","74.2","73.4","63.6","77.3","87.3","88.1","95.2","97.5","100","103.4","113.7","103.2","97.9","108.9","109.3","114.9","129.7","122.3","",
"Turkiye","TUR","International tourism, expenditures for travel items (current US$)","ST.INT.TVLX.CD","","","","","","","","","","","","","","","","","","","","","","","","","","","","","","","","","","","","911000000","1265000000","1716000000","1754000000","1471000000","1713000000","1738000000","1880000000","2113000000","2524000000","3104000000","2989000000","3649000000","3824000000","4575000000","5194000000","4883000000","4094000000","4817000000","5072000000","5368000000","4783000000","4823000000","4595000000","4110000000","1040000000","","","","","",
"Turkiye","TUR","International tourism, receipts (% of total exports)","ST.INT.RCPT.XP.ZS","","","","","","","","","","","","","","","","","","","","","","","","","","","","","","","","","","","","","","","","","","","","","","19.5239393967893","15.9646620116625","14.8997489424631","14.8558010987653","18.0909390716465","16.7161031751577","16.5001334081145","14.9150908626995","16.2757415009127","16.4993157573659","16.4362087169817","12.9909276713376","14.011614666363","15.0548942421403","16.3137888247691","6.63234345049462","","","","","",
"Turkiye","TUR","Unmet need for contraception (% of married women ages 15-49)","SP.UWT.TFRT","","","","","","","","","","","","","","","","","","","","","","","","","","","","","","","","","","14.6","","","","","14","","","","","6.5","","","","","8.6","","","","","5.9","","","","","11.6","","","","","","","",
"Turkiye","TUR","Rural population (% of total population)","SP.RUR.TOTL.ZS","76.5654420661173","76.2485437302902","75.9166869375923","75.5446921889922","75.107379985458","74.5806589988243","73.9022959008918","72.9995815205901","71.9484774879467","70.8350879330804","69.7531919744214","68.720680380642","67.6774680464608","66.6280017748014","65.5929490608982","64.5931748794817","63.652676576711","62.7755110274321","61.9217343686772","61.0496780573885","60.1158779935964","59.0855449188211","57.9570012641782","56.7736121471033","55.5778449392955","54.417165518295","53.2898357647689","52.1597279611893","51.0439930476403","49.9702416717781","48.9686039652082","48.0509134473104","47.2070214551537","46.4172162079839","45.6652212235613","44.9347600196461","44.2095561139987","43.4733330243793","42.7098142685482","41.9027233642657","41.0293879993597","40.1277538582684","39.2614657270577","38.4154939346742","37.5611518826738","36.6697529726126","35.7126106060464","34.6610381845313","33.486349109623","32.1598567828777","30.6528746058513","28.9971276471666","26.2211319765676","21.4781631615304","16.3975149255567","12.7832892027463","11.8979041418224","11.9679527282714","11.8344250423827","11.3381847142876","11.0696885034778","10.8237951846761","10.9618835449219","10.9781553203879","10.6556877126113","10.505939997814",
"Turkiye","TUR","Completeness of birth registration (%)","SP.REG.BRTH.ZS","","","","","","","","","","","","","","","","","","","","","","","","","","","","","","","","","","","","","","","","","","","","84","","","","","93.7","","","","","99","","","","","98.4","","","","","","","",
"Turkiye","TUR","Completeness of birth registration, female (%)","SP.REG.BRTH.FE.ZS","","","","","","","","","","","","","","","","","","","","","","","","","","","","","","","","","","","","","","","","","","","","","","","","","","","","","","","","","","","98.7","","","","","","","",
"Turkiye","TUR","Population, female","SP.POP.TOTL.FE.IN","13902247","14294469","14698839","15109673","15523385","15931013","16350521","16786323","17221344","17654071","18074768","18480150","18876429","19266811","19646275","20013936","20439181","20924395","21408281","21888476","22367355","22834572","23344458","23915533","24487193","25051881","25604835","26144794","26684401","27224286","27750031","28253653","28750581","29262016","29785994","30291081","30767125","31229978","31681455","32119608","32545316","32964158","33375969","33777980","34169474","34549484","34919575","34989303","35431846","35904517","36433945","36970426","37459914","37957319","38484424","39012881","39553942","40082878","40641328","41243483","41670659","42082196","42526426","42719404","42833032","43031595",
"Turkiye","TUR","Population growth (annual %)","SP.POP.GROW","","2.7481341991326","2.6999312672182","2.67382042142113","2.6217404628547","2.51122742236873","2.54108684098155","2.59652771372896","2.52655576323865","2.44983723776896","2.34923181240437","2.37384583733504","2.40070520789104","2.31315572098016","2.21458278545427","2.07454436942688","2.04184610320268","2.06285843234594","2.0181709885216","1.96277819897275","1.99827279308554","1.98932745853202","2.1377808515577","2.35015474389478","2.29890148671451","2.22038416830572","2.1289208915688","2.03769869991681","1.99711197505007","1.96008255174558","1.87208457619709","1.75939857025913","1.70479077867469","1.72507084421117","1.73850114428048","1.63671354378767","1.5070440949697","1.44522126567333","1.39260558297453","1.33651905329422","1.28297648712556","1.2442785656482","1.20587153637377","1.16094416683032","1.11548254617054","1.06864181704433","1.02715519431982","0.160856263475951","1.26560336535681","1.3803027157145","1.51943093763293","1.46777416449143","1.27471801981307","1.28441474668","1.3490889002021","1.33411577030414","1.34542593504869","1.29675571220462","1.35360298648434","1.42969688109789","0.970386031353162","0.910444902564511","0.984586244469359","0.406389351118662","0.225580501096507","0.419954927193433",
"Turkiye","TUR","Sex ratio at birth (male births per female births)","SP.POP.BRTH.MF","1.045","1.045","1.045","1.045","1.045","1.045","1.045","1.045","1.045","1.046","1.046","1.046","1.047","1.047","1.047","1.048","1.048","1.048","1.049","1.049","1.049","1.05","1.051","1.052","1.053","1.053","1.053","1.054","1.055","1.055","1.055","1.054","1.054","1.054","1.054","1.055","1.056","1.058","1.061","1.063","1.062","1.06","1.059","1.058","1.057","1.056","1.055","1.055","1.056","1.056","1.056","1.056","1.056","1.056","1.055","1.055","1.055","1.054","1.053","1.053","1.052","1.051","1.051","1.05","1.05","",
"Turkiye","TUR","Population ages 75-79, female (% of female population)","SP.POP.7579.FE.5Y","0.828887559367649","0.840311032190143","0.856676503497997","0.869115433537179","0.876603294854933","0.880932709079225","0.884711896480604","0.886650399852308","0.883493762159329","0.874537663295905","0.865001396836701","0.87383487488373","0.89742082301215","0.91801386025913","0.934749717185573","0.947517269966287","0.955625374617505","0.961554682943043","0.968258520342164","0.974855444481379","0.981539859798797","0.987517961799328","0.989500377348662","0.987843360794915","0.984651466271603","0.980074111001884","0.974751448310446","0.969961726033073","0.967175523873001","0.967672743232407","0.972604318892473","0.982534895576158","0.996520748511496","1.01289673638509","1.03074115975448","1.04943268695879","1.0686455277938","1.09009524582591","1.117410800735","1.15395242130675","1.20176281591125","1.26186599396836","1.33417699423199","1.41736419085209","1.50778586758462","1.59895586284299","1.68213387476795","1.74657021054331","1.75546072386672","1.71962064872698","1.68731710269067","1.66539573187192","1.65264259166208","1.64799281768037","1.64469868508993","1.64068509443417","1.6453703279589","1.65601430025793","1.67207170336106","1.70722070174051","1.75910071204058","1.82061367015316","1.89246931789349","1.97753949274847","2.07079684880194","2.17325968662565",
"Turkiye","TUR","Population ages 65 and above, total","SP.POP.65UP.TO","1178231","1227314","1276365","1329924","1387481","1446304","1499332","1547600","1596917","1646894","1697691","1750855","1805910","1861031","1915487","1966290","2002306","2027784","2056530","2089369","2121045","2150445","2186020","2229617","2277816","2329970","2386107","2446262","2511253","2581119","2655453","2733685","2815836","2902391","2993029","3099864","3225948","3361402","3504384","3652061","3802691","3956640","4113602","4272906","4434164","4596494","4758781","4878555","5016476","5130298","5262596","5394280","5518536","5660145","5808081","5959022","6151693","6381992","6652511","7037942","7474490","7897192","8259640","8533473","8794894","9078171",
"Turkiye","TUR","Population ages 65 and above, female","SP.POP.65UP.FE.IN","689770","714134","739282","766095","794480","822661","845221","862611","879260","895232","911793","935196","964421","993579","1022551","1050284","1073190","1092401","1112357","1133583","1157001","1182111","1209377","1240080","1273205","1308312","1345265","1384121","1425521","1469542","1515831","1564261","1614955","1668082","1723568","1787909","1862765","1942653","2025824","2110091","2194334","2279031","2364483","2451011","2538843","2627621","2716836","2782096","2856904","2915361","2980710","3054010","3132211","3217990","3304402","3390385","3500291","3630566","3782051","3987226","4209659","4423247","4616897","4774061","4921728","5080624",
"Turkiye","TUR","Population ages 60-64, female (% of female population)","SP.POP.6064.FE.5Y","2.53430605375138","2.53892956779297","2.54141840726332","2.53591192873598","2.52146044569082","2.50090193576836","2.47210478712283","2.43576869097538","2.39559990207501","2.35212886591427","2.31044176305771","2.276856457419","2.24932645494883","2.22384746952032","2.20286033866471","2.19034127020292","2.1837102964155","2.18313599987001","2.1923783182867","2.21013331398678","2.23380239267903","2.26070801764973","2.28650842953818","2.31077647967905","2.33726671605983","2.3662534561776","2.39781861511703","2.43184546736445","2.46743214383129","2.50433193171105","2.5434944559161","2.58499847789594","2.62664261683342","2.66563832556237","2.70067535768657","2.74107422480357","2.78068072302304","2.80705933905972","2.82698979576538","2.84679995399072","2.86965262327846","2.89580731896747","2.92245897040472","2.94508725884308","2.96255218912647","2.97910382684731","3.00184065814088","3.03969707054309","3.10552165236824","3.20470547419844","3.3341849165167","3.48539744208153","3.64773799508329","3.81058953123139","3.94716659085785","4.04086799262173","4.10348742213071","4.12365961459033","4.10974950103703","4.11185454562002","4.14575322224487","4.22122931991872","4.36760060999025","4.58285863822724","4.82740584496738","5.05691880633012",
"Turkiye","TUR","Population ages 50-54, female (% of female population)","SP.POP.5054.FE.5Y","3.48041207006277","3.4137434555981","3.35023398786802","3.285666738122","3.2203447643779","3.16047394978819","3.11727996671421","3.09214531377717","3.07697819635912","3.06801473722407","3.06730069599508","3.0842173065636","3.11709124424676","3.15552991214971","3.1970258993117","3.24218334664406","3.28758525109201","3.33185021597996","3.37611888072935","3.41845636032404","3.45618879514786","3.49077924473469","3.52206934939333","3.54814177773378","3.57081768357071","3.58898798856661","3.60196423839482","3.61065565078356","3.616406761081","3.62135110501427","3.62911126117301","3.64154327229828","3.65793135898595","3.677391941782","3.70035661727455","3.72560496810274","3.75282226975745","3.78602578243932","3.83075524782558","3.8929335019759","3.9765262069744","4.08226868709949","4.20861938120808","4.35259443648504","4.50891635030729","4.67003356692679","4.82661945341545","4.96731700131636","5.0488587414168","5.04810972610076","5.00797832354948","5.03196038741198","5.16318756237563","5.35310410771463","5.54768554750282","5.70050517004605","5.79828033746393","5.80741965452973","5.73345065021794","5.6425384004499","5.5659353575243","5.52250383552784","5.54799688513664","5.65600525375279","5.83444293449265","6.06119374817181",
"Turkiye","TUR","Population ages 40-44, female (% of female population)","SP.POP.4044.FE.5Y","4.46635337199974","4.45679024523401","4.4474737086378","4.44637021595371","4.45316548076227","4.46949621061436","4.49304350892071","4.52019480382928","4.54954909442608","4.57924973792164","4.60944492871375","4.63995139000627","4.66731564183341","4.6886637158411","4.70455340770706","4.71643358907513","4.71940876691683","4.71458075609832","4.70896997075501","4.70455320872956","4.69266045745374","4.67300197262292","4.65946350093028","4.6548953070562","4.65760213221667","4.66780518397002","4.68543148198377","4.71075991819327","4.74397186686012","4.7855211926307","4.83859459472316","4.90282088478966","4.97527693397356","5.05464327978365","5.13918555143736","5.24422692680111","5.37170933864814","5.50364309420332","5.63125494078476","5.74846514707674","5.85447235870244","5.9528807015183","6.05042208662167","6.15533246577604","6.27011554231124","6.3878710894785","6.49650375183547","6.58144909919737","6.62996081669594","6.59142391568212","6.44594595815165","6.32408839971207","6.31655424241813","6.40197337340689","6.55331824764135","6.74123224045619","6.94903449708381","7.15191718539403","7.33475327861477","7.49188557863943","7.60991668719907","7.67435657580203","7.67858784842461","7.62411759808068","7.53039289958121","7.42293073814918",
"Turkiye","TUR","Population ages 30-34, female (% of female population)","SP.POP.3034.FE.5Y","6.51595362548393","6.50612834936366","6.47018108028804","6.44132735367602","6.42270698119988","6.41092962547108","6.37327111390735","6.31006564093876","6.25077520082056","6.20056699670008","6.16278985813843","6.12604318346866","6.08883984594861","6.06174768461299","6.0465889844258","6.04525016968176","6.05188387930025","6.06656966664986","6.09631165847253","6.14268211272452","6.17963335807102","6.19855935990392","6.24071888925414","6.31177248509938","6.39145953542857","6.47604664895223","6.56219030507324","6.64881875434133","6.73809191485895","6.83011472128021","6.92814721540311","7.03099170928446","7.13586635233331","7.2421395580219","7.34573941027451","7.44819089566646","7.5428612121357","7.62221010245685","7.68452395889015","7.72522958989366","7.74547261648147","7.75183458348913","7.75080268081505","7.75035529433147","7.7605525914739","7.79079797544878","7.85275021245247","7.95411307976746","8.13238047815868","8.3545701869006","8.52494114619575","8.59288757855176","8.56674722056492","8.48681431397315","8.38749722294536","8.29274845470426","8.18789582070092","8.09546526452247","8.02826387462542","7.9011612746472","7.7192024105081","7.54643029544181","7.43408516772414","7.37550774200273","7.34259056859595","7.34641431366731",
"Turkiye","TUR","Population ages 20-24, female (% of female population)","SP.POP.2024.FE.5Y","8.13315616773474","8.0914967880234","8.02189547079194","7.95878573943989","7.9294692468643","7.95032644660846","7.96207374560339","7.94955214432607","7.96182632435656","8.01238139350408","8.10164179972761","8.16766346139876","8.20013966095334","8.24277800195429","8.29790889112567","8.36930326948182","8.45584761933465","8.54859124959168","8.64416691475992","8.74509262316847","8.8161834248212","8.85188695457046","8.91828801508264","9.0196737204158","9.11935902819402","9.20834846692749","9.27413318617362","9.31815700444691","9.35415770895218","9.38598519377174","9.42149938499168","9.46361873984932","9.50572111057027","9.53795202521166","9.54541083973897","9.50661202065737","9.44884855911705","9.41552391448249","9.42202622954028","9.47437762200619","9.54833730218409","9.61100690028242","9.63090989208433","9.57994957691447","9.45038545223143","9.25718601180846","9.01915043353191","8.75724400455069","8.53866296024179","8.40331777656889","8.32327905909236","8.2488749393399","8.17314092203149","8.12718894067297","8.14314339956515","8.20589486832167","8.22011844434564","8.20959298157467","8.18451725593716","8.10231985055679","8.02589787030264","7.98164745686817","7.86242249165289","7.63110613843082","7.33497284289346","7.00974113555208",
"Turkiye","TUR","Population ages 15-64, male","SP.POP.1564.MA.IN","7789857","7972009","8141414","8313289","8487058","8665536","8861605","9074057","9291943","9515864","9753882","10035151","10351424","10672393","11000051","11337420","11659377","11958323","12247982","12523065","12819917","13134522","13491870","13910745","14336313","14762682","15185684","15604641","16028600","16455556","16881128","17300449","17719536","18155323","18606655","19052329","19487117","19916970","20337379","20745648","21139298","21519251","21884281","22233698","22568740","22888896","23198372","23306821","23712505","24190213","24705835","25200364","25640873","26092445","26577445","27058909","27491161","27868959","28239613","28570900","28746875","28937659","29209242","29355667","29466327","29646659",
"Turkiye","TUR","Population ages 15-19, female (% of female population)","SP.POP.1519.FE.5Y","8.77493009673436","8.79904318236655","8.90538021404275","9.00509230080625","9.06149042433369","9.07316154575863","9.14781581418157","9.3069727062919","9.47158363481967","9.62352819358209","9.75150525441031","9.84064226100323","9.89879256025577","9.94133357250109","9.97252405354196","10.0208099995923","10.1204030631169","10.2408647896391","10.3303719324866","10.3775543806704","10.4111015900428","10.4421641885821","10.4673730270371","10.4917421345312","10.5077970861707","10.5201701221557","10.5368009596625","10.5549003263346","10.5616421638687","10.5445646849184","10.4985684520497","10.4386714171084","10.3793921656643","10.3362753669514","10.3225898722735","10.3323253853556","10.34730106156","10.3375178544397","10.274685932196","10.1495026005687","9.97532194763944","9.76435982378194","9.53031505991631","9.29378237991463","9.06680038446012","8.85302368046944","8.66429789022346","8.5149809269761","8.43951622547019","8.41005981796627","8.36752461710848","8.32964460616202","8.31510569203068","8.31433135549268","8.31059743326328","8.27243200215132","8.15536881636512","7.97095670988149","7.74233540865988","7.52887974698532","7.36693646481551","7.23942890558414","7.12942401424137","7.04881665370424","7.02372455362923","7.04272929868722",
"Turkiye","TUR","Population ages 05-09, female (% of female population)","SP.POP.0509.FE.5Y","13.6247862081293","13.6441584503769","13.5875153132843","13.6215753974292","13.737880421631","13.8843748945649","13.9276881124365","13.8914162440458","13.8953063129103","13.929923018889","13.9658192579341","13.9318887040449","13.8411908799379","13.7588541830079","13.6859659146581","13.6284412021703","13.5434389469911","13.4350192681796","13.3397939175918","13.2404695511921","13.1281931441646","13.0139903651358","12.8807959473722","12.7441820498875","12.6511379366989","12.5850410194747","12.5185184751239","12.4278544243291","12.2906953712265","12.1096892658693","11.9185344333489","11.7333447112131","11.5523963072676","11.3750384008921","11.1933061559067","10.9404862596433","10.6286451956211","10.3417173451374","10.101275335997","9.90976742446908","9.77882362209701","9.6872199799552","9.59024140991981","9.47625480451681","9.34475022940066","9.2032329629004","9.05729236395345","8.91144504008208","8.76935523560233","8.59722276348524","8.36206286145471","8.12865034191072","7.94235709929533","7.79390752679453","7.66545980359817","7.56002937917401","7.48701509517125","7.43874133170217","7.42035504105411","7.49801022346544","7.61809129695646","7.65180048192097","7.59817762222334","7.48074437990671","7.31166659655696","7.09316063018635",
"Turkiye","TUR","Population ages 0-14, male","SP.POP.0014.MA.IN","6149332","6339581","6538810","6740050","6939628","7125028","7311434","7505052","7690740","7866176","8023917","8187652","8360878","8522878","8670972","8785764","8872310","8955197","9044870","9143101","9257498","9383762","9509125","9631594","9745951","9850894","9946410","10032095","10110894","10185305","10244848","10286360","10319120","10347520","10371727","10369138","10333709","10287269","10236988","10184698","10132990","10084110","10039427","9998158","9959083","9922303","9885457","9765528","9747755","9729539","9720484","9712568","9688715","9655704","9616336","9578053","9581457","9609434","9655803","9714342","9702315","9653518","9601502","9491481","9346135","9202754",
"Turkiye","TUR","Population ages 00-04, female (% of female population)","SP.POP.0004.FE.5Y","16.9212136382984","16.9172740869213","17.0715966070517","17.1233520407755","17.0637434123982","16.8894601017983","16.8020430909218","16.8048803779124","16.7203558560818","16.556739235953","16.3182864555084","16.1558153977155","16.0717346504398","15.9310688226747","15.721328852416","15.4106968264513","15.1575275936937","15.000906836255","14.8184694235485","14.6108938785871","14.4510965746977","14.3483552045556","14.1955576779722","13.9710792557097","13.7033900476749","13.4259778736774","13.1549978744249","12.8943449909312","12.6470458780947","12.4041359173913","12.1280621272099","11.8236144543858","11.5322854089851","11.2736749114223","11.0613263401584","10.8967902283974","10.7546481959989","10.6055888128642","10.4352404269311","10.2438234886954","10.0386536427954","9.82997806284025","9.63189413317108","9.44175895891704","9.25712523406125","9.07399369553537","8.89506959921476","8.73357090978243","8.55878541523006","8.37006857569807","8.22077294941183","8.12767648006509","8.08098191423006","8.04642670565912","8.02844906716985","8.02672771157613","8.04675645798867","8.05537200748602","8.00709804959295","7.81456944632378","7.4690772491441","7.08882888949719","6.73808407073694","6.43904333508388","6.17207879734382","5.94933123748264",
"Turkiye","TUR","Female headed households (% of households with a female head)","SP.HOU.FEMA.ZS","","","","","","","","","","","","","","","","","","","","","","","","","","","","","","","","","","10","","","","","10.4","","","","","12.5","","","","","12.8","","","","","14.9","","","","","","","","","","","","",
"Turkiye","TUR","Fertility rate, total (births per woman)","SP.DYN.TFRT.IN","6.383","6.419","6.382","6.339","6.291","6.22","6.152","6.057","5.962","5.872","5.775","5.671","5.548","5.41","5.243","5.087","4.931","4.784","4.691","4.579","4.453","4.351","4.205","4.056","3.911","3.779","3.658","3.542","3.445","3.336","3.107","3.003","2.939","2.916","2.874","2.835","2.779","2.744","2.707","2.63","2.487","2.392","2.268","2.202","2.197","2.197","2.193","2.16","2.15","2.1","2.08","2.05","2.11","2.11","2.19","2.16","2.11","2.08","2","1.89","1.77","1.71","1.63","1.51","1.48","",
"Turkiye","TUR","Mortality rate, infant, male (per 1,000 live births)","SP.DYN.IMRT.MA.IN","190.2","185.3","180.3","175","169.9","165","160.9","157.2","154","150.9","147.7","144.8","141.7","138.4","134.8","131","127","122.7","118.2","113.7","109.2","104.2","99.2","94.3","89.4","84.7","80.3","76.1","72.1","68.1","64.3","60.6","56.9","53.3","50","46.7","43.6","40.6","37.8","35.1","32.5","30.2","27.9","25.8","23.9","22.1","20.4","18.9","17.6","16.4","15.3","14.3","13.5","12.8","12.2","11.6","11.1","10.7","10.3","10","9.7","9.4","9.2","10.4","8.7","",
"Turkiye","TUR","Contraceptive prevalence, any modern method (% of married women ages 15-49)","SP.DYN.CONM.ZS","","","","6.7","","","","","9.3","","","","","11.4","","","","","17.8","","","","","22.4","","","","","31","","","","","34.5","","","","","37.7","","","","","42.5","","","","","46","","","","","47.4","","","","","48.9","","","","","","","",
"Turkiye","TUR","Mortality rate, adult, female (per 1,000 female adults)","SP.DYN.AMRT.FE","181.52","176.974","174.301","168.137","168.012","167.584","168.364","165.247","162.927","160.655","158.623","156.206","150.832","147.325","144.151","142.853","141.056","134.123","128.265","126.547","124.898","124.423","122.749","120.166","116.51","114.07","111.555","109.084","105.693","103.298","100.949","98.538","97.055","94.738","92.604","90.534","87.89","85.613","83.254","92.685","78.887","76.99","75.16","73.52","72.132","70.504","69.377","67.841","66.617","64.292","63.08","63.944","59.447","56.069","54.701","53.808","53.213","51.016","49.115","47.84","50.391","62.06","49.818","64.99","50.657","",
"Turkiye","TUR","Consumption of iodized salt (% of households)","SN.ITK.SALT.ZS","","","","","","","","","","","","","","","","","","","","","","","","","","","","","","","","","","","","","","","","","","","","","59.2","","","","85.3","","","","","","","","","","","","","","","","","",
"Turkiye","TUR","International migrant stock, total","SM.POP.TOTL","","","","","","","","","","","","","","","","","","","","","","","","","","","","","","","1159415","","","","","1220898","","","","","1279019","","","","","1345188","","","","","1420433","","","","","3750982","","","","","6580295","","","","7083501","",
"Turkiye","TUR","Refugees under the mandate of the UNHCR by country or territory of asylum","SM.POP.RHCR.EA","2200","2300","2300","2300","2300","2000","1900","1850","1980","1400","1170","1150","1160","1160","1060","1060","1060","1050","1070","1060","6100","1180","1670","1320","2600","1790","1920","2200","4450","33067","28000","30462","28477","23267","24927","12841","8166","2448","2529","2810","3096","3466","3302","2488","3029","2395","2624","6941","11090","10339","10025","14457","267063","609931","1587365","2541348","2869419","3480350","3681688","3579531","3652362","3759817","3568259","3251127","2940735","2390414",
"Turkiye","TUR","Internally displaced people (IDP) by country or territory of asylum / origin","SM.POP.IDPC","","","","","","","","","","","","","","","","","","","","","","","","","","","","","","","","","","","","","","","","","","","","","","","","","","1000000","1000000","1000000","1000000","954000","954000","954000","154000","159000","144000","2000","","","","","","",
"Turkiye","TUR","Children in employment, wage workers (% of children in employment, ages 7-14)","SL.WAG.0714.ZS","","","","","","","","","","","","","","","","","","","","","","","","","","","","","","","","","","","","","","","","","","","","","","","34.12","","","","","","","","","","","","","","","","","","","",
"Turkiye","TUR","Unemployment, total (% of total labor force) (national estimate)","SL.UEM.TOTL.NE.ZS","","","","","","","","","","","","","","","","","","","","","","","10.932","12.058","11.921","11.208","","","8.038","8.256","8.015","8.113","8.184","8.255","8.149","7.241","6.265","6.452","6.552","7.445","6.488","8.373","10.345","10.546","10.831","10.634","10.233","10.281","10.97","14.024","11.881","9.784","9.21","9.717","9.912","10.302","10.905","10.916","10.958","13.731","13.155","11.979","10.432","9.354","8.711","8.4",
"Turkiye","TUR","Account ownership at a financial institution or with a mobile-money-service provider, male (% of population ages 15+)","FX.OWN.TOTL.MA.ZS","","","","","","","","","","","","","","","","","","","","","","","","","","","","","","","","","","","","","","","","","","","","","","","","","","","","82.0568749699292","","","69.1570930044891","","","82.9945648225982","","","","85.343679137251","","","91.6080831238213","",
"Turkiye","TUR","Domestic credit to private sector (% of GDP)","FS.AST.PRVT.GD.ZS","","","","","","","","","","","","","","","","","","","","","","","","","","","","","","","","","","","","","","","","","","","","","","","","","33.1628558443028","36.8190783164554","44.0459707563417","48.7422084050823","51.5586765950105","59.9792914244143","63.2376327204216","66.3898521051604","69.2826364676667","70.0844027288208","66.6976668187438","64.2557519386267","75.2676019236764","70.9983608541485","53.4262221477913","48.7952169007544","42.9671022144841","45.7827602523781",
"Turkiye","TUR","Risk premium on lending (lending rate minus treasury bill rate, %)","FR.INR.RISK","","","","","","","","","","","","","","","","","","","","","","","","","","","","","","","","","","","","","","","","","","","","","","","","","","","","","","","","","","","","","","","","","","",
"Turkiye","TUR","Deposit interest rate (%)","FR.INR.DPST","","","","","","","","","","","","","","","","","","","6","7.33333333333333","8","26.5","45","45.3333333333333","51.4166666666667","49.25","40.5833333333333","35","49.0833333333333","53.79","47.4833333333333","62.68","68.7366666666667","64.5741666666667","87.7908325","75.9675","80.7516666666667","79.4916666666667","80.1075","78.4325","47.1575","74.6991666666667","50.4916666666667","37.6783333333333","24.2591666666667","20.3966666666667","21.6475","22.5591666666667","22.9133333333333","17.6491666666667","15.2691666666667","14.105","17.1933333333333","15.295","16.935","14.9166666666667","14.61","15.2883333333333","23.2833333333333","25.4091666666667","13.3566666666667","20.7","27.0408333333333","51.325","71.0433333333333","57.6041666666667",
"Turkiye","TUR","Broad money growth (annual %)","FM.LBL.BMNY.ZG","","9.69030969030969","9.2896174863388","13.3333333333333","17.8676470588235","18.8396756082346","23.0446194225722","15.6569965870307","15.1973441534489","17.034902337496","21.8960328313953","28.1305411533122","26.027397260112","28.4221060827811","25.6645597021734","28.0102322056389","23.4301093355958","33.8003139854576","36.5314885885627","61.724983736669","74.0444226319258","88.3647362020955","51.1440478837014","29.713446296548","58.705325104062","55.1831419010581","66.0893079855","53.3212157790207","65.0641729832656","69.0368505264559","53.0784361009812","82.9299971922575","78.1406013654508","64.2219816444731","144.796792283409","104.189575356313","116.539752813045","97.795962978652","89.3165372669224","101.990903596583","40.6579603704381","90.3681345819734","27.8854548386466","14.4368313894372","20.7916923029449","35.9674535965493","22.1742755205438","15.2256667825437","24.8236892617555","12.659447539705","18.5468590903933","15.2040266142652","10.4222746838655","21.1528217605728","11.1834252618819","16.5146558080824","17.6487882326682","16.3519224190184","18.3800271601425","27.0230864954567","34.2428853167296","52.5179442604431","60.3393272630693","69.9363518878266","36.8905469454764","37.896953558493",
"Turkiye","TUR","Claims on private sector (annual growth as % of broad money)","FM.AST.PRVT.ZG.M3","","-28.6713286713287","19.8542805100182","14.75","12.4264705882353","16.6562694946974","21.6272965879265","14.0784982935154","11.7668756916267","18.4694204290746","4.26538987652778","10.1811325836934","22.0351749991792","22.9942733236022","21.5040263229082","32.936849720975","28.3539108488043","25.1618987397145","24.7093141688511","39.4086332738257","55.8277488305736","64.084857184372","35.11966704281","35.2867864317538","29.820582747237","39.6129148955413","45.7321692912009","37.4734197469349","32.1144128309349","42.7656335356706","45.4786008048178","45.7014748149783","51.5404380362535","53.6083264163576","51.560904241898","66.941741366085","77.6101391024552","77.9230769629257","41.9254161129522","26.3006013105273","29.8316649939799","12.6815419217811","12.8033076390867","10.9007860177702","18.9992668769864","24.6940203630381","19.8991944836502","16.1651194248957","16.4989107150067","8.15792916292451","26.5329876927503","26.358470040615","17.1735054071351","33.5544117038021","20.0919077352481","23.260637592644","19.7194872664132","24.2380501743131","18.2636399171851","14.7795014092015","35.8392098017782","35.6621022770439","47.4280230415111","50.9625419765486","32.07238354866","37.1567191844405",
"Turkiye","TUR","Claims on other sectors of the domestic economy (annual growth as % of broad money)","FM.AST.DOMO.ZG.M3","","","","","","","","","","","","","","","","","","","","","","","","","","","","","","","","","","","","","","","","","","","16.2008436172934","11.6525085033074","18.9682652790195","25.0997452929385","20.6578016043977","17.8212420274918","17.5101215211863","9.4108018928819","27.6217435730482","26.1994828141617","17.9840939711369","34.5337965456992","20.9045844865159","24.263544070493","20.8474720242837","26.0113367825616","19.2441310187157","16.4676213132018","37.2587330311018","38.5202611502316","52.605148873197","54.7994687648537","35.0976074151048","41.3520480371279",
"Turkiye","TUR","Total reserves (% of total external debt)","FI.RES.TOTL.DT.ZS","","","","","","","","","","","","23.759997345162","42.0258695567285","56.769698540224","48.0786449285392","28.5528944425095","24.5191742044486","10.8058263776034","10.973551528346","16.2353030793055","17.2390975056839","12.6119453351584","14.2137062729238","13.4247405111305","11.3022392034219","8.90929929872456","8.84354031658778","8.86748340838893","9.54418898390068","15.148225800926","15.4299051675511","13.0052044649989","13.2757111791343","11.437046209609","13.0314244471714","18.8271792440985","22.1016775830782","23.3074395825251","21.2138065392733","24.0043634703894","20.1324267645926","17.6290269716328","21.5151993528374","23.9611819149047","22.5438188172843","29.4484928983493","29.0815131333338","28.4695884698068","25.0214065406285","26.2004078392768","27.1468046836052","27.3961891155252","33.7250894743512","32.5860251423829","30.7927967420351","27.6598187081739","26.2721321765686","24.0879605881316","21.8424438542459","25.4910219179445","21.8001905455945","25.5672197790192","28.2336360803374","28.1841674626791","30.2042600908787","",
"Turkiye","TUR","Depositors with commercial banks (per 1,000 adults)","FB.CBK.DPTR.P3","","","","","","","","","","","","","","","","","","","","","","","","","","","","","","","","","","","","","","","","","","","","","","1370.01954003234","1379.2290261061","1366.46347817963","1273.26144017316","1252.97107242794","859.964103095449","887.35972801716","897.854802396322","955.938425746316","946.417508592641","1011.4738506352","1188.36234506442","1329.31324196998","1450.81230794009","1582.5709353034","1770.52389083946","1907.53866398335","2153.65100724001","2368.48517869155","2515.73567222977","",
"Turkiye","TUR","Automated teller machines (ATMs) (per 100,000 adults)","FB.ATM.TOTL.P5","","","","","","","","","","","","","","","","","","","","","","","","","","","","","","","","","","","","","","","","","","","","","27.5371283605909","29.6496907935099","32.5143828537368","36.7724204968533","42.207146759225","44.8398354988461","51.0111382097981","58.7004216332915","64.536104872538","73.2713722150826","77.9805274533341","81.0650391574515","79.8970764742125","80.9432132541162","82.9932072789745","83.3478890336285","81.9869265651307","80.1070306114762","78.7213926613326","79.3720196881714","81.0946316413758","",
"Turkiye","TUR","Terrestrial protected areas (% of total land area)","ER.LND.PTLD.ZS","","","","","","","","","","","","","","","","","","","","","","","","","","","","","","","","","","","","","","","","","","","","","","","","","","","","","","2.5","0.2","0.2","0.2","0.2","0.2","0.2","0.2","7","7","7","7","7",
"Turkiye","TUR","Annual freshwater withdrawals, total (billion cubic meters)","ER.H2O.FWTL.K3","","","","","","","","","","","","","","","","","","","","","","","","","","","","","","","","","31.5995","32.27432143","32.94914286","33.62396429","34.29878571","34.97360714","35.64842857","36.32325","42","40.93916667","39.87833333","38.8175","39.53808333","40.25866667","40.97925","41.469625","41.96","45.13","46.96","48.735","50.51","51.24","51.97","53.71","59.61","58.788985","61.09358","62.33582","62.10226","58.4","64.46964","","","",
"Turkiye","TUR","Annual freshwater withdrawals, agriculture (% of total freshwater withdrawal)","ER.H2O.FWAG.ZS","","","","","","","","","","","","","","","","","","","","","","","","","","","","","","","","","72.46835443","74.28391216","76.02510324","77.69640515","79.30194298","80.84552347","82.33066512","83.76062494","80.01016002","81.34795137","78.72648838","76.25328456","83.14692564","83.25921599","83.36565563","84.34563374","80.93311116","85.81425898","85.74575205","86.14732379","86.0631797","85.86292337","85.1881474","86.70670725","87.57174127","87.04548235","87.11795908","87.27539872","86.90255025","100","86.92701174","","","",
"Turkiye","TUR","Aquaculture production (metric tons)","ER.FSH.AQUA.MT","60","80","100","120","150","180","220","250","310","350","400","470","530","600","680","770","860","970","1090","1220","1370","1540","1740","1970","2226","2700","3075","3300","4100","4354","5782","7835","9085","12438","15998","21607","33201","45450","56700","63000","79031","67244","61165","79943","94450","119567","129333","140743","152896","159639","167721","188890","212805","233863.6","235133","240334","253395","276502","314537","373356","421411","471686","514823","556296","577124","",
"Turkiye","TUR","Population in largest city","EN.URB.LCTY","1453353","1534902","1640147","1752608","1872951","2001192","2136617","2280326","2433920","2597394","2772095","2931066","3085926","3248509","3419899","3600332","3759125","3909144","4065369","4227838","4397037","4580127","4774228","4976556","5187754","5407297","5623536","5842560","6070435","6306534","6552160","6773134","6986256","7205470","7431880","7665403","7906601","8154694","8367184","8553323","8743868","9030318","9369562","9721551","10087275","10465694","10858861","11266798","11690655","12129224","12584885","13057664","13419412","13658365","13901910","14126772","14332066","14539767","14750771","14967667","15190336","15415197","15636243","15847768","16047350","16236703",
"Turkiye","TUR","Rural population living in areas where elevation is below 5 meters (% of total population)","EN.POP.EL5M.RU.ZS","","","","","","","","","","","","","","","","","","","","","","","","","","","","","","","0.720470819733148","","","","","","","","","","0.648262886517375","","","","","","","","","","","","","","","0.531605846945181","","","","","","","","","","",
"Turkiye","TUR","Total greenhouse gas emissions excluding LULUCF (% change from 1990)","EN.GHG.TOT.ZG.AR5","","","","","","","","","","","","","","","","","","","","","","","","","","","","","","","","-1.65918140507159","2.49591250777044","5.47096134103346","3.75129654634541","10.8764874359906","18.4331972457067","22.8731113309971","23.9257787457478","23.3150645200369","33.4429815835153","23.1798169404778","28.1015643445113","33.8359025510019","36.9138350448187","41.8044564939619","55.7141770766185","67.6806477028249","67.4826176574359","69.5169906153478","74.5755772670881","84.8133194327649","91.9457612550834","89.1621989426018","99.7294606278777","105.744197706406","117.690728267761","136.927408437079","138.261314770946","133.848989600217","140.266241868123","157.312963518082","149.476915948426","149.388799431244","156.217365276345","",
"Turkiye","TUR","Nitrous oxide (N2O) emissions from Power Industry (Energy) (Mt CO2e)","EN.GHG.N2O.PI.MT.CE.AR5","","","","","","","","","","","0.1787","0.2032","0.1814","0.1958","0.2092","0.2039","0.2027","0.1982","0.1959","0.183","0.1111","0.1295","0.1284","0.1293","0.1639","0.1817","0.217","0.1687","0.0982","0.1327","0.13","0.1539","0.1387","0.1385","0.1575","0.1627","0.1756","0.1921","0.201","0.2125","0.3086","0.4126","0.3877","0.4032","0.4003","1.0023","1.1112","1.2038","1.1637","1.5089","1.4536","1.4628","1.5481","1.4539","1.5368","1.4973","2.0832","2.0767","2.3048","2.7424","2.3994","2.5784","2.6881","2.5638","2.6256","",
"Turkiye","TUR","Nitrous oxide (N2O) emissions from Fugitive Emissions (Energy) (Mt CO2e)","EN.GHG.N2O.FE.MT.CE.AR5","","","","","","","","","","","0.0006","0.0005","0.0007","0.0031","0.0044","0.0043","0.0045","0.0045","0.0048","0.0045","0.0046","0.0043","0.0049","0.0048","0.0051","0.0051","0.0053","0.0062","0.0065","0.0063","0.0059","0.0056","0.0057","0.0065","0.0064","0.0072","0.0075","0.0081","0.0084","0.0081","0.0082","0.0078","0.0081","0.0081","0.008","0.0072","0.007","0.0072","0.0063","0.0051","0.0042","0.0037","0.0038","0.0041","0.0044","0.0053","0.0102","0.0119","0.0059","0.007","0.0041","0.0043","0.0044","0.0044","0.0046","",
"Turkiye","TUR","Carbon dioxide (CO2) emissions (total) excluding LULUCF (% change from 1990)","EN.GHG.CO2.ZG.AR5","","","","","","","","","","","","","","","","","","","","","","","","","","","","","","","","-1.7029045985449","2.45230378379564","6.03631118756054","5.44828932943984","14.9591110841862","25.3685287144014","31.7634919888145","32.7651399194273","31.843729517679","46.332887139632","33.2329021559727","40.0953054278594","48.0337294081177","52.021244577522","58.5993040925006","76.5877202423496","93.5576675820405","93.0531700913161","94.2308894507306","101.188095457525","114.462025092112","121.802180011768","115.174495679741","129.035222663976","137.066773735969","152.16051630433","179.200756875132","176.702308456262","167.121689718576","172.672579968459","196.915656500883","186.411049448875","187.719920110489","196.477669154567","",
"Turkiye","TUR","Carbon intensity of GDP (kg CO2e per constant 2015 US$ of GDP)","EN.GHG.CO2.RT.GDP.KD","","","","","","","","","","","0.38813404034658","0.402547020938616","0.434388492916368","0.455640512862093","0.449219153305172","0.453375352492427","0.455307591151378","0.485678257191762","0.472547910998185","0.438646303856889","0.469019445225825","0.448184146573908","0.469315108804638","0.471925470958136","0.468293800000786","0.488298181329669","0.499658059771733","0.496400029213106","0.470254151159648","0.519723791245175","0.533909142214405","0.521064063648789","0.517053521871161","0.497106274304678","0.51855656798339","0.524041929506598","0.53331940584977","0.522107699571809","0.51622418715241","0.528784076854128","0.548575963540916","0.528308995736096","0.521931560992444","0.521277178423772","0.486983491096326","0.465629404109293","0.484218576646715","0.504957456573722","0.499049467454284","0.527868098924922","0.503745040432104","0.48385399664663","0.47745984485416","0.426952051465617","0.434465808513229","0.425025972844649","0.437544332428931","0.449302307635231","0.430356278584198","0.41011731744996","0.411225066356889","0.400485053300541","0.36638065838409","0.350377979890376","0.349415705596575","",
"Turkiye","TUR","Carbon dioxide (CO2) net fluxes from LULUCF - Organic Soil (Mt CO2e)","EN.GHG.CO2.LU.OS.MT.CE.AR5","","","","","","","","","","","","","","","","","","","","","","","","","","","","","","","","","","","","","","","","","0","0","0","0","0","0","0","0","0","0","0","0","0","0","0","0","0","0","0","0","0","0","0","0","","",
"Turkiye","TUR","Carbon dioxide (CO2) net fluxes from LULUCF - Deforestation (Mt CO2e)","EN.GHG.CO2.LU.DF.MT.CE.AR5","","","","","","","","","","","","","","","","","","","","","","","","","","","","","","","","","","","","","","","","","0.3352","0.4001","0.8936","0.5655","1.2826","0.8384","1.606","1.2727","1.698","1.2274","1.8173","1.1035","1.7842","1.2503","1.6683","2.246","1.7356","1.3714","1.7867","1.3109","1.9111","1.1736","1.8502","1.3181","","",
"Turkiye","TUR","Carbon dioxide (CO2) emissions from Building (Energy) (Mt CO2e)","EN.GHG.CO2.BU.MT.CE.AR5","","","","","","","","","","","10.852","12.1525","14.589","14.946","15.4073","15.2895","17.5715","18.74","16.3162","14.31","17.4341","16.4594","19.5285","21.0922","20.4606","23.0014","23.4483","28.7528","28.093","27.4936","28.7053","29.1589","31.5494","32.0035","28.098","33.303","33.9763","35.2831","32.0386","31.4996","33.497","30.3587","32.8855","35.7576","39.3174","42.8296","45.3126","49.1653","65.9687","63.1817","63.0024","67.9886","66.3698","60.497","59.6453","62.0241","62.1321","68.4836","59.5988","66.5107","71.4631","71.7088","71.6054","68.8797","72.6871","",
"Turkiye","TUR","Methane (CH4) emissions from Transport (Energy) (Mt CO2e)","EN.GHG.CH4.TR.MT.CE.AR5","","","","","","","","","","","0.0406","0.0425","0.0488","0.0585","0.0611","0.0783","0.0839","0.101","0.0967","0.0834","0.0794","0.0778","0.0845","0.0864","0.0856","0.083","0.094","0.1081","0.1128","0.1152","0.1311","0.1273","0.1366","0.1601","0.1587","0.1734","0.189","0.171","0.1631","0.1617","0.189","0.1739","0.1578","0.1503","0.1557","0.1657","0.184","0.2158","0.221","0.2363","0.2362","0.245","0.2576","0.2658","0.273","0.2932","0.3073","0.2984","0.3111","0.316","0.2888","0.2976","0.2966","0.3334","0.3374","",
"Turkiye","TUR","Methane (CH4) emissions from Industrial Combustion (Energy) (Mt CO2e)","EN.GHG.CH4.IC.MT.CE.AR5","","","","","","","","","","","0.0062","0.0074","0.0096","0.011","0.0109","0.0131","0.0148","0.0152","0.0173","0.0189","0.0217","0.0213","0.0232","0.0222","0.0242","0.0234","0.023","0.027","0.0285","0.0294","0.0316","0.0372","0.034","0.0349","0.0339","0.0386","0.059","0.0639","0.0715","0.0604","0.0915","0.0556","0.0796","0.0935","0.0961","0.0915","0.1125","0.1164","0.0519","0.0514","0.0607","0.0635","0.0667","0.0539","0.0561","0.0606","0.0674","0.0796","0.1092","0.1021","0.1118","0.1224","0.1105","0.1081","0.1159","",
"Turkiye","TUR","Total greenhouse gas emissions excluding LULUCF per capita (t CO2e/capita)","EN.GHG.ALL.PC.CE.AR5","","","","","","","","","","","2.77222858544975","2.82166096180906","2.98651678323682","3.06506054877387","3.07794279436424","3.18881197987213","3.3667841018746","3.52515487582931","3.45046040002561","3.26664791300933","3.31464276264421","3.3149493784594","3.4201042151641","3.42571254067039","3.48253640426409","3.49386426905536","3.6613510523396","3.83029414875992","3.67083051179023","3.861728899338","4.0377624615759","3.90151799458925","3.99762938920041","4.04330962842238","3.90883567726707","4.10946402955547","4.32388533840236","4.42161631640422","4.39782401282523","4.31805227412102","4.61312902992743","4.20567381196697","4.32129018873494","4.4626180107746","4.51460687088233","4.62616831663875","5.02804119085765","5.40573839843353","5.33145044090303","5.32223800467762","5.39840844164411","5.63172005507842","5.77497737404339","5.61859815875542","5.85297580971203","5.94933199864446","6.21065536472797","6.67238448395794","6.6197360125524","6.40491749520219","6.51713120443707","6.91626083673873","6.63993854641861","6.61067355054232","6.77637831583916","",
"Turkiye","TUR","Droughts, floods, extreme temperatures (% of population, average 1990-2009)","EN.CLC.MDAT.ZS","","","","","","","","","","","","","","","","","","","","","","","","","","","","","","","","","","","","","","","","","","","","","","","","","","0.136563067437583","","","","","","","","","","","","","","","","",
"Turkiye","TUR","PM2.5 pollution, population exposed to levels exceeding WHO Interim Target-3 value (% of total)","EN.ATM.PM25.MC.T3.ZS","","","","","","","","","","","","","","","","","","","","","","","","","","","","","","","100","","","","","100","","","","","100","","","","","100","","","","","100","100","100","99.9998144688181","99.9998181403764","99.9998213995672","99.9989930605787","99.999169803724","","","","","","","","",
"Turkiye","TUR","Energy use (kg of oil equivalent per capita)","EG.USE.PCAP.KG.OE","","","","","","","","","","","","","","","","","","","","","","","","","","","","","","","918.261888219127","887.162812412747","911.309124510702","955.118552884009","927.181663056975","997.967536333338","1073.12750011037","1109.80579406891","1111.04759170567","1079.90999533335","1166.01412005443","1060.57071953568","1107.27991011855","1159.99665803769","1176.75430160118","1211.46561646669","1328.69230138979","1429.92300570179","1385.17801532797","1364.09730379872","1445.41016354332","1515.88033612695","1567.31606123672","1510.79118967025","1543.09095693879","1646.83631130339","1724.54363987712","1828.02986770908","1771.33742856964","1774.19625722275","1762.01062220058","1894.62719281739","1841.55630679263","1849.53592344542","1924.93815098993","",
"Turkiye","TUR","Fossil fuel energy consumption (% of total)","EG.USE.COMM.FO.ZS","","","","","","","","","","","","","","","","","","","","","","","","","","","","","","","83.8011904064177","83.6700254149101","82.5748160417957","82.163944718798","82.4209943867054","83.498993630275","83.7863192878167","84.568032751682","84.7384821700538","85.3773937694263","85.874120901599","86.0490764554826","86.0488956692512","86.1488742853693","86.7112173664004","88.2915017730354","89.0838163402396","90.2078977284788","90.8312552108698","89.4606368500133","89.9149991031773","90.7624706486566","89.7131431964725","89.6089106816017","91.3802710997426","87.4279766169034","0","0","0","0","0","0","0","0","0","",
"Turkiye","TUR","GDP per unit of energy use (PPP $ per kg of oil equivalent)","EG.GDP.PUSE.KO.PP","","","","","","","","","","","","","","","","","","","","","","","","","","","","","","","8.93107697051268","9.47816937501608","9.83477316796091","10.2009250333751","9.9734810411303","9.97563679183308","9.8969684392323","10.372108163095","7.88637387656914","7.84367971847194","7.99631920399923","8.5001538336139","8.26751343623222","8.16833251776657","9.14445442694387","9.74304204924348","10.2041822053079","10.4562876308811","11.653151168206","11.4006834104517","12.0852890791269","13.0071242180556","13.2323486384015","14.8765038686414","15.6779725168181","15.725292876788","15.5001934164381","15.5104362034466","16.1687658839272","16.3547045301322","16.5772728714931","16.9455751304341","21.6768614287892","23.355230670496","23.4412371615787","",
"Turkiye","TUR","Renewable electricity output (% of total electricity output)","EG.ELC.RNEW.ZS","","","","","","","","","","","","","","","","","","","","","","","","","","","","","","","40.3663347409763","37.8481558941672","39.6260877312821","46.1806308259267","39.2180896566693","41.5655037276659","42.9413252935844","38.9105096034696","38.334744465061","29.9828237718997","24.9388818622821","19.8382155225097","26.2495285935085","25.2953741970821","30.732478201436","24.5440551754798","25.2556735999637","19.0341045531902","17.3506335110726","19.5821920620906","26.3818037195561","25.3319717689729","27.2382252730735","28.8353931227462","20.8888686037236","31.9582364019054","32.8881446605055","29.3458592491178","32.0769912172204","43.522591535948","41.8476963055464","35.4189464124067","","","","",
"Turkiye","TUR","Electric power transmission and distribution losses (% of output)","EG.ELC.LOSS.ZS","","","","","","","","","","","","","","","","","","","","","","","","","","","","","","","11.6104478390074","12.5502108023769","13.3571916485997","13.8900932148277","15.1198273770764","15.9646132619106","16.7126984461639","17.9890799256506","18.7305218785466","18.5030917210581","19.0166663998335","19.0091668364229","18.4945904173107","17.1089976597122","15.4235623565011","14.8460075576082","14.0726833391001","13.9106693534073","13.8500539265591","14.8815268053303","14.3091170788985","14.1107182869573","14.8883488659518","15.4625781790018","14.8160642634038","13.9535416738291","12.9773913296988","11.6588232523875","10.378574873442","10.2946063962461","9.57506121557337","9.26019425017104","8.8516622561126","8.93648761278945","8.27302560869004","",
"Turkiye","TUR","Access to electricity (% of population)","EG.ELC.ACCS.ZS","","","","","","","","","","","","","","","","","","","","","","","","","","","","","","","","","","","","","","","","","99.9","99.9","99.8","99.8","99.7","99.7","99.7","99.7","99.7","99.7","100","100","100","100","100","100","100","100","100","100","100","100","100","100","100","",
"Turkiye","TUR","Access to clean fuels and technologies for cooking (% of population)","EG.CFT.ACCS.ZS","","","","","","","","","","","","","","","","","","","","","","","","","","","","","","","","","","","","","","","","","89.7","90.4","91.2","91.7","92.2","92.7","93","93.5","93.8","93.9","94.2","94.4","94.5","94.7","94.9","95","95","95.1","95.2","95.1","95.3","95.3","95.3","95.3","","",
"Turkiye","TUR","Multilateral debt service (TDS, current US$)","DT.TDS.MLAT.CD","","","","","","","","","","","55662326.3","61419510.3","73250733.3","29036464.4","36029379.4","51359991.9","65512865.1","90613419.1","120254363.4","156032869.6","193194540","225503148.5","289903536.8","379222977.3","415757568.7","516822100.3","749679899.6","983560775","1258404933.1","1301787983.8","1513606618.2","1537263003.9","1759988260.5","1830371049.4","1847988162","1884615515.2","1819696112.7","1590702434.8","1497442033.1","1356189883.3","1417033683.6","1713061615","1009877818.9","999438002","991051244.6","1311512682.9","1410413789.9","1415519033.5","1508134249.2","1528211820.4","1504653902.2","1653919677.2","1753725099.6","1786796613.3","2090382311.1","1824782481.9","2360175711.6","3161891729.7","2424568092.8","2892948715.2","2909684300.5","3102354301.9","2932257492.1","3230480222","3961498962","",
"Turkiye","TUR","Debt service (PPG and IMF only, % of exports of goods, services and primary income)","DT.TDS.DPPF.XP.ZS","","","","","","","","","","","","","","","","13.3401398067393","13.0916873042109","17.0631562887048","20.5370222509748","28.3718558672954","34.2933821323529","32.1041820252534","32.4220308564581","33.2679247042537","27.2527880594567","34.7278890461592","35.683069174984","35.603776705931","37.0342699749373","33.6738661669668","29.8758242652216","","","","25.4578551148566","24.0014589978986","17.9876621139812","16.3943829022236","19.0697175553906","18.4360930222445","18.5770131446352","24.7588346968662","30.1417426556713","20.3006858185792","18.8142119537058","19.3118069057362","15.3376043736756","11.6198339103855","8.37587080579666","8.22407343495108","8.09246979405973","7.59105055511219","5.81082423525753","4.42085088174283","4.77555447842589","4.97107494727269","6.22694589005437","7.23690537803796","6.35104264656079","7.18480069329786","8.65601919458586","8.0069515256344","6.0987370904197","6.73569391148467","7.79352388884261","",
"Turkiye","TUR","Debt service on external debt, total (TDS, current US$)","DT.TDS.DECT.CD","","","","","","","","","","","177210196.7","194241801.6","322074548","224220305.3","257578394.7","376624021.3","590460774.4","953720173.7","1351520397.7","1340572400.7","1607252991.9","2399350716.1","2968418606.3","3138469297","3223509475.2","4601397092.4","4472790984.6","5981151264.4","7526603174","7092056455","7421580250.4","8288469662","9085597051.9","8602392518","10258128397.1","11451206440.5","10911756876","11912950897","14943935742","18607276014.4","20690300521.5","22336706298.8","27840788826.4","28302110919.3","32692651102.5","41473179435.8","41305486916.3","49652020622.4","56081961460","63118923949.1","59934133542.8","58593239296.9","57674403866.5","64423740214.3","58700224581.6","55809631671.4","75702261626","86735584000.1","83435544258.7","85973274017.9","86258483658.5","74004226317.4","69317683768.8","76445722603.6","89572219405.1","",
"Turkiye","TUR","Net official development assistance received (constant 2023 US$)","DT.ODA.ODAT.KD","1057395141.60156","1469993164.0625","1728275756.83594","1709542968.75","1214489501.95313","1433164428.71094","1563538085.9375","1513891967.77344","1326639892.57813","1180206176.75781","1197004394.53125","1290514770.50781","1330818359.375","417549957.275391","202191970.825195","223095367.431641","554189941.40625","346978576.660156","495499328.613281","1637916748.04688","2502635742.1875","1966487182.61719","1749235473.63281","962660766.601563","633840148.925781","501980529.785156","737094665.527344","582883300.78125","385112579.345703","210555618.286133","1857400390.625","2352156982.42188","461429595.947266","711927734.375","244184921.264648","428961486.816406","292080200.195313","3578610.89706421","47050457.0007324","47979068.7561035","441446136.474609","319004974.365234","465372528.076172","226192993.164063","361860504.150391","506283264.160156","639906433.105469","808798461.914063","1015136840.82031","1294508178.71094","878335083.007813","3260450683.59375","3298484863.28125","2916109619.14063","3492174804.6875","2581360595.70313","4307200683.59375","3640696289.0625","1320536987.30469","822758178.710938","632041748.046875","1094175048.82813","829815551.757813","1550410644.53125","","",
"Turkiye","TUR","Net official aid received (constant 2023 US$)","DT.ODA.OATL.KD","","","","","","","","","","","","","","","","","","","","","","","","","","","","","","","","","","","","","","","","","","","","","","","","","","","","","","","","","","","","","","","","","","",
"Turkiye","TUR","Net official flows from UN agencies, WTO-ITC (current US$)","DT.NFL.WITC.CD","","","","","","","","","","","","","","","","","","","","","","","","","","","","","","","","","","","","","","","","","","","","","","","","","","","","","","","","","","","","","","","","","","",
"Turkiye","TUR","Net official flows from UN agencies, UNWOMEN (current US$)","DT.NFL.UNWN.CD","","","","","","","","","","","","","","","","","","","","","","","","","","","","","","","","","","","","","","","","","","","","","","","","","","","","","","","","","","","","","","602389.991283417","539413.98859024","625711.977481842","","",
"Turkiye","TUR","Net official flows from UN agencies, UNIDO (current US$)","DT.NFL.UNIDO.CD","","","","","","","","","","","","","","","","","","","","","","","","","","","","","","","","","","","","","","","","","","","","","","","","","","","","","","","","","","","","","","","7734.00021716952","4104.99982535839","","",
"Turkiye","TUR","Net official flows from UN agencies, UNECE (current US$)","DT.NFL.UNEC.CD","","","","","","","","","","","","","","","","","","","","","","","","","","","","","","","","","","","","","","","","","","","","","","","","","","","","","","","","","","","","","","","","","","",
"Turkiye","TUR","Net official flows from UN agencies, UNHCR (current US$)","DT.NFL.UNCR.CD","","","","","","","","","","","9999.99977648258","","","9999.99977648258","19999.9995529652","19999.9995529652","39999.9991059303","29999.9993294477","39999.9991059303","39999.9991059303","90000.0035762787","119999.997317791","750000","469999.998807907","670000.016689301","569999.992847443","550000.011920929","2759999.99046326","4309999.94277954","3789999.96185303","1929999.94754791","8729999.54223633","7989999.77111816","5380000.11444092","3779999.97138977","3150000.09536743","4789999.96185303","4539999.96185303","4449999.80926514","4829999.92370605","3930000.0667572","4250000","5119999.88555908","4389999.8664856","5880000.11444092","5090000.15258789","4349999.90463257","4650000.09536743","4789999.96185303","3329999.92370605","3119999.88555908","8689999.5803833","8352299.69024658","","","","8208477.97393799","13405039.7872925","","5143317.22259521","","","","","","",
"Turkiye","TUR","Net official flows from UN agencies, SPRP (current US$)","DT.NFL.SPRP.CD","","","","","","","","","","","","","","","","","","","","","","","","","","","","","","","","","","","","","","","","","","","","","","","","","","","","","","","","","","","","","","302899.986505508","32960.0013792515","","","",
"Turkiye","TUR","PPG, private creditors (NFL, US$)","DT.NFL.PRVT.CD","","","","","","","","","","","-12815000","46984000","16087000","11757000","23383000","-26380000","157167000","418259000","324259000","2994533000","595792000","-24178000","132617000","133730000","250721000","92599000","1096258000","1128951000","2970279000","1468205000","803608000","576756000","2100896000","3527218000","106513000","56986000","2115040000","2628392000","-121702000","4420488000","7503628000","-1165893000","614971000","728608000","1304842000","394155000","2777603000","5345599000","676799000","342110000","4734960000","2153847000","5548598000","5507990000","4908778000","1630846000","5121220000","5528087000","5430406000","6035615000","7139660000","3864684000","3304475000","8544122000","8084068000","",
"Turkiye","TUR","Commercial banks and other lending (PPG + PNG) (NFL, current US$)","DT.NFL.PCBO.CD","","","","","","","","","","","-14685000","53944000","37990000","57370000","51242000","-9804000","238877000","637465000","447392000","3068803000","643015000","-4910000","150851000","142733000","282570000","6251000","1203379000","1099866000","1383179000","571599000","445490000","-243798000","883631000","2512006000","-494222000","168803000","1553216000","1771640000","3340924000","4990293000","3332259000","-1859090000","6888889000","15249427000","10265109000","13886145000","28609556000","33929013000","22353360000","-14264034000","-6671779000","8710352000","9819666000","16222257000","18301156000","-8601888000","15084368000","9442730000","-1760855000","-12360752000","-8073714000","-3996235000","-2639412000","9153044000","-3648225000","",
"Turkiye","TUR","IFC, private nonguaranteed (NFL, US$)","DT.NFL.NIFC.CD","","","","","","","","","","","0","0","0","0","0","0","0","0","0","0","0","0","0","0","0","0","0","0","0","0","0","0","0","0","0","0","0","0","0","0","0","30026400","20235500","-88528200","52056200","-51430187.9","78095259.66","-122166375.86","75543647.42","84308702.93","256463468.33","202479870.05","102073719.74","205112017","-52289687","134380178","395368017","581787122","143640565","-252628887","260581003","50896125","326332344","790753240.74","-70065702.87","",
"Turkiye","TUR","Net financial flows, IBRD (NFL, current US$)","DT.NFL.MIBR.CD","","","","","","","","","","","14590000","18792000","19560000","49177000","67047000","79808000","103446000","120310000","136076000","242341000","267466000","390857000","416381000","373886000","502498000","480638000","401025000","471150000","360276000","-81935000","6233000","-215083000","-441923000","-393523000","-457245000","-459718000","-325868000","-460576000","-407738000","-233180000","805821000","1105689000","594316000","-220216000","919467000","-294024000","989093000","557130000","570016000","1619046000","2094282000","970218000","764647000","456210000","30532000","-261901000","-640973000","188187000","8123000","-169198000","-96501000","-146702000","474335000","519046000","460571000","",
"Turkiye","TUR","Net financial flows, RDB nonconcessional (NFL, current US$)","DT.NFL.RDBN.CD","","","","","","","","","","","","","","","","","","","","","","","","","","","","","","","","","","","","","","","","","","","","","","","","","","","","71385998.1","50375912.1","46236489.5","31458150.5","15691045.4","21932957.4","31090898.7","35399468.7","60731393.4","73531374.7","25065328.7","91438826.4","33134286.6","47558134.8","",
"Turkiye","TUR","PNG, commercial banks and other creditors (NFL, current US$)","DT.NFL.PNGC.CD","","","","","","","","","","","-2200000","6600000","21500000","45100000","27300000","15900000","104800000","218400000","122000000","73000000","46000000","14000000","13000000","5000000","26000000","-92000000","101719000","155577000","23000000","147185000","259703000","-319366000","1453480000","2592902000","-235796000","743861000","999000000","1177000000","2600000000","3523346000","950513000","-1017000000","6934198000","17662518000","10724023000","14836433000","28985155000","33355715000","21886972000","-13141595000","-7317000000","8091274000","9914000000","16813000000","19357000000","-7732936000","12994585000","9591904000","-2991073000","-12756458000","-10047147000","-5230364000","-2559776000","6902819000","-3696403000","",
"Turkiye","TUR","PPG, bonds (NFL, current US$)","DT.NFL.PBND.CD","","","","","","","","","","","-329000","-360000","-403000","-513000","-558000","-676000","23090000","-806000","-1134000","-1270000","-1223000","-5268000","-5234000","-4004000","-5849000","-5652000","-5403000","184662000","1610099000","1043792000","617822000","501187000","2670744000","3608113000","364939000","632044000","1560825000","2033752000","-862626000","2953541000","5121882000","-323803000","660280000","3141699000","1763756000","1344442000","3153203000","4772301000","210412000","1464549000","4089739000","1534769000","5642932000","6098733000","5964622000","2499797000","3031438000","5677261000","4200187000","5639909000","5166227000","2630555000","3384111000","6293896000","8035889000","",
"Turkiye","TUR","Net financial flows, multilateral (NFL, current US$)","DT.NFL.MLAT.CD","","","","","","","","","","","80230000","61026000","-13118000","88476000","111161000","152703000","237079000","177603000","179704000","336842000","410140000","557193000","604691000","483128000","680912000","572645000","597274000","655171000","579460000","61981000","257546000","369260000","-162882000","-390724000","-706495000","-762470000","-624756000","-585814000","-545708000","-488584000","446820000","515333000","520523000","-288772000","1104835000","-18192000","1010847000","1864644000","1789729000","2671080000","3823807000","2535902000","2212444000","1994039000","1736028000","1025464000","1094053000","379957000","695346000","-1039590000","-835308000","-641080000","1959000","113504000","-382626000","",
"Turkiye","TUR","Net financial flows, IMF concessional (NFL, current US$)","DT.NFL.IMFC.CD","","","","","","","","","","","","","","","","","","","","","","","","","","","","","","","","","","","","","","","","","","","","","","","","","","","","","","","","","","","","","","","","","","",
"Turkiye","TUR","Net official flows from UN agencies, FAO (current US$)","DT.NFL.FAOG.CD","","","","","","","","","","","","","","","","","","","","","","","","","","","","","","","","","","","","","","","","","","","","","","","","","","","","","","531978.011131287","","","","","657660.007476807","495730.012655258","106688.000261784","315030.008554459","237653.002142906","539606.988430023","","",
"Turkiye","TUR","Net financial flows, bilateral (NFL, current US$)","DT.NFL.BLAT.CD","","","","","","","","","","","160398602.9","189939978","185711414.7","194615808","49523307.9","11996396.3","25711101.7","59688486.1","464605729.4","635612219.2","828314299","585048572.7","157855847","-155740838.5","380095382.4","-148867846.4","31366333.4","-175326760","-75664316.9","-616773873.4","-38673419.4","67148646.5","-346090694.6","-348982925.4","100981879.1","-420324204","-218875009.1","382105415.3","-189607153.5","-287340384.7","-140406206.6","-263739371.5","-113149504.4","-226808760.7","-454230531.4","-583331210.4","-288205452.7","-261030974.4","491363782.9","335580086.6","198980498.4","48926656.3","-205311793.8","109517218.9","411267242.1","-90716907.5","-314205858.9","463736206.2","225925220.2","1232894601.5","-770860587","200060873.4","545698150.7","-261771824.4","3438136281.7","",
"Turkiye","TUR","IBRD loans and IDA credits (DOD, current US$)","DT.DOD.MWBG.CD","","","","","","","","","","","136494000","160208000","191233000","254489000","334862000","431401000","554659000","692670000","836176000","1080343000","1346949000","1734071000","2148800000","2520084000","2538871000","3609427000","4835597360","6459417648","6295902416","6030257696","6429134095.5","6331809414","5711391340.4","5426871154.5","5330613980.9","5069228444.6","4384602999.4","3704794000","3558161000","3008840000","3734352000","4802180000","5455959000","5296731000","6229942000","5900663000","6919314000","7600733000","8099952000","9816451000","11604973000","12250666000","13182190000","14039101000","12927207000","11730741000","10859602000","12039361000","11684897000","11362440000","11925339000","11179330000","11261816000","12036786000","12065026000","",
"Turkiye","TUR","Short-term debt (% of exports of goods, services and primary income)","DT.DOD.DSTC.XP.ZS","","","","","","","","","","","","","","","63.5446685878963","71.605550049554","67.4537583628493","265.721761883995","254.732612548742","122.074119986527","68.1225133551198","36.5747950174448","22.3362913130676","28.7850197256481","32.6473112475653","41.6834544976789","58.1357018588041","52.5108493490391","35.7393483709273","30.4322491789384","43.2624436449747","39.6839905980674","50.0197550375346","67.6436236221622","37.598484092949","41.2424481218807","37.1198664583645","33.6789698285543","37.4871903600834","49.0717511289513","54.3571039124631","31.0057667501328","32.6350548605773","37.5130587782482","38.812930241411","39.4392337220251","39.7605407974991","34.1940041328043","30.5615041393107","37.4347243249011","57.7758369623965","51.92388364283","53.2154963050986","59.8303173144221","57.9090022837916","47.4386544189536","43.2741250060145","47.0466150612115","36.9314123604613","36.9051701537783","52.5267599248142","40.4159757437964","41.9617338913464","47.9656293975811","46.3677689392362","",
"Turkiye","TUR","External debt stocks, private nonguaranteed (PNG) (DOD, current US$)","DT.DOD.DPNG.CD","","","","","","","","","","","42000000","48900000","69500000","115200000","145700000","160200000","248100000","479000000","557000000","630000000","535000000","440000000","394000000","399000000","425000000","358915000","502582000","866109000","535000000","794591000","1053813000","1927662000","3431142000","6008044000","6158637000","7078571000","13418450000","18683450000","25340296000","27124276000","27828325000","28652371000","31232754000","31219019000","37304085000","55443211000","87351776000","126862577000","145445781000","133030446000","123079892000","124266780000","135971404000","152129766000","163964561379.3","190050081087.1","199010589000","217330837000","208774772000","188413329000","178487661000","171073962000","161743923000","169021289000","172507248000","",
"Turkiye","TUR","External debt stocks, total (DOD, current US$)","DT.DOD.DECT.CD","","","","","","","","","","","2746453200.2","3287188317.4","3554569347.9","4204209180","4632821915.4","5058841386.7","6001284289.8","11452264698.7","14854969075.5","15928443383.2","19131092825.4","19235548686.7","19715948884.5","20324049083.8","21607735275.4","26012647741","32933723354","40943579865.3","40992842916.2","41577128629.7","49424152195.2","50873488639.5","56553858153.6","68604763966","66249185119.7","73781102423.7","80624816759","84719917064.6","96953865165.9","101784260989.9","116799280014","112946289541.4","131758157347.6","148358747086.7","165473833919.1","178256802924.6","217543154936.9","268694180713.6","294446615924.6","285999746316.8","316646701767.8","320983526166.8","353395551599.8","402178071207.6","413804313727.1","399458974329.3","398941852378.3","446932919001.7","425763850698.8","414340675661.9","429283302461.7","434872791578.9","455963245504.7","499814231476.7","514989218110.8","",
"Turkiye","TUR","Net ODA provided to the least developed countries (% of GNI)","DC.ODA.TLDC.GN.ZS","","","","","","","","","","","","","","","","","","","","","","","","","","","","","","","","","","","","","","","","","","","","","","","","","","","","","","","","","","","","","","","","","","",
"Turkiye","TUR","Net bilateral aid flows from DAC donors, Sweden (current US$)","DC.DAC.SWEL.CD","","","","","1870000.00476837","569999.992847443","","870000.004768372","-140000.000596046","479999.989271164","1019999.98092651","2279999.97138977","","","1139999.98569489","-310000.002384186","-300000.011920929","-170000.001788139","529999.971389771","129999.995231628","11819999.6948242","","","-250000","-50000.0007450581","-389999.985694885","-649999.976158142","-2000000","-2000000","-1090000.0333786","680000.007152557","2970000.02861023","1149999.97615814","1110000.01430511","2349999.90463257","3650000.09536743","4219999.79019165","2240000.00953674","949999.988079071","1500000","2630000.11444092","750000","1659999.9666214","1500000","1809999.94277954","2509999.99046326","3240000.00953674","7239999.77111816","7340000.15258789","8430000.30517578","12939999.5803833","14250000","12329999.9237061","12794122.6959229","12330264.0914917","10889040.9469604","14301384.9258423","12602103.2333374","15210869.7891235","23517044.0673828","30983474.7314453","20752321.2432861","15643219.9478149","41960472.1069336","","",
"Turkiye","TUR","Net bilateral aid flows from DAC donors, Poland (current US$)","DC.DAC.POLL.CD","","","","","","","","","","","","","","","","","","","","","","","","","","","","","","","","","","","","","","","","","","","","","","39999.9991059303","29999.9993294477","29999.9993294477","70000.0002980232","50000.0007450581","79999.9982118607","430000.007152557","29999.9993294477","50000.0007450581","70000.0002980232","57381.9987475872","18125450.1342773","28705112.4572754","15853443.145752","13443069.4580078","13067400.932312","9376481.05621338","8703264.2364502","18546619.4152832","","",
"Turkiye","TUR","Net bilateral aid flows from DAC donors, Luxembourg (current US$)","DC.DAC.LUXL.CD","","","","","","","","","","","","","","","","","","","","","","","","","","","","","","","300000.011920929","439999.997615814","","","","","19999.9995529652","","","1110000.01430511","200000.002980232","19999.9995529652","","70000.0002980232","19999.9995529652","","","","","","","280000.001192093","128535.002470016","","","111117.996275425","4852867.12646484","671783.983707428","2065383.91113281","1497128.00979614","378336.012363434","455826.014280319","299483.001232147","2772947.07298279","","",
"Turkiye","TUR","Net bilateral aid flows from DAC donors, Italy (current US$)","DC.DAC.ITAL.CD","759999.990463257","5110000.1335144","-2039999.96185303","6909999.84741211","-4650000.09536743","-6269999.98092651","5190000.05722046","13140000.3433228","12819999.6948242","20790000.9155273","1379999.99523163","20639999.3896484","-4739999.77111816","7090000.15258789","-6429999.82833862","-7269999.98092651","8279999.73297119","-3920000.07629395","379999.995231628","219999.998807907","569999.992847443","509999.990463257","20579999.9237061","2019999.98092651","17870000.8392334","22219999.3133545","19250000","-259999.990463257","150000.005960464","-5710000.03814697","21909999.8474121","20209999.0844727","51310001.373291","939999.997615814","-2980000.01907349","-6000000","-4519999.98092651","-5630000.11444092","-2240000.00953674","-1120000.00476837","-1779999.97138977","-1419999.95708466","-4119999.88555908","-6739999.77111816","-7050000.19073486","-5010000.22888184","-10760000.2288818","-6750000","-6099999.90463257","-5869999.88555908","-4869999.88555908","-3799999.95231628","-3119999.88555908","-3109999.89509583","-3079999.92370605","-1434270.02429962","69063262.9394531","111745643.615723","59372772.2167969","39958263.3972168","39153797.1496582","24489910.1257324","29979434.967041","33409809.1125488","","",
"Turkiye","TUR","Net bilateral aid flows from DAC donors, Greece (current US$)","DC.DAC.GRCL.CD","","","","","","","","","","","","","","","","","","","","","","","","","","","","","","","","","","","","","79999.9982118607","209999.993443489","280000.001192093","939999.997615814","2009999.99046326","389999.985694885","2049999.95231628","4190000.05722046","6280000.20980835","4469999.79019165","3779999.97138977","5949999.80926514","5489999.77111816","6469999.79019165","6139999.8664856","3279999.97138977","2579999.92370605","393968.999385834","600754.976272583","463454.991579056","8226738.92974854","12684712.4099731","6753872.87139893","4555675.98342896","4000136.8522644","2476715.08789063","2201078.89175415","2406321.04873657","","",
